{
"type": "FeatureCollection",
"name": "population_grid_full",
"crs": { "type": "name", "properties": { "name": "urn:ogc:def:crs:EPSG::32637" } },
"features": [
{ "type": "Feature", "properties": { "population_density": 0.0 }, "geometry": { "type": "Point", "coordinates": [ 480417.336105463735294, 977407.780925765866414 ] } },
{ "type": "Feature", "properties": { "population_density": 2522.5427 }, "geometry": { "type": "Point", "coordinates": [ 479917.336105463735294, 977407.780925765866414 ] } },
{ "type": "Feature", "properties": { "population_density": 86.904358 }, "geometry": { "type": "Point", "coordinates": [ 479417.336105463735294, 977407.780925765866414 ] } },
{ "type": "Feature", "properties": { "population_density": 3960.8325 }, "geometry": { "type": "Point", "coordinates": [ 479917.336105463735294, 977907.780925765866414 ] } },
{ "type": "Feature", "properties": { "population_density": 0.0 }, "geometry": { "type": "Point", "coordinates": [ 480417.336105463735294, 977907.780925765866414 ] } },
{ "type": "Feature", "properties": { "population_density": 242.53783 }, "geometry": { "type": "Point", "coordinates": [ 479417.336105463735294, 977907.780925765866414 ] } },
{ "type": "Feature", "properties": { "population_density": 7910.0293 }, "geometry": { "type": "Point", "coordinates": [ 479417.336105463735294, 978407.780925765866414 ] } },
{ "type": "Feature", "properties": { "population_density": 979.94391 }, "geometry": { "type": "Point", "coordinates": [ 479917.336105463735294, 978407.780925765866414 ] } },
{ "type": "Feature", "properties": { "population_density": 333.60059 }, "geometry": { "type": "Point", "coordinates": [ 480417.336105463735294, 978907.780925765866414 ] } },
{ "type": "Feature", "properties": { "population_density": 135.59973 }, "geometry": { "type": "Point", "coordinates": [ 479417.336105463735294, 978907.780925765866414 ] } },
{ "type": "Feature", "properties": { "population_density": 1162.7902 }, "geometry": { "type": "Point", "coordinates": [ 479917.336105463735294, 978907.780925765866414 ] } },
{ "type": "Feature", "properties": { "population_density": 2296.9312 }, "geometry": { "type": "Point", "coordinates": [ 479417.336105463735294, 979407.780925765866414 ] } },
{ "type": "Feature", "properties": { "population_density": 281.64697 }, "geometry": { "type": "Point", "coordinates": [ 480417.336105463735294, 979407.780925765866414 ] } },
{ "type": "Feature", "properties": { "population_density": 1190.5747 }, "geometry": { "type": "Point", "coordinates": [ 479917.336105463735294, 979407.780925765866414 ] } },
{ "type": "Feature", "properties": { "population_density": 88.022896 }, "geometry": { "type": "Point", "coordinates": [ 480417.336105463735294, 978407.780925765866414 ] } },
{ "type": "Feature", "properties": { "population_density": 0.0 }, "geometry": { "type": "Point", "coordinates": [ 480917.336105463735294, 978907.780925765866414 ] } },
{ "type": "Feature", "properties": { "population_density": 0.0 }, "geometry": { "type": "Point", "coordinates": [ 480917.336105463735294, 979407.780925765866414 ] } },
{ "type": "Feature", "properties": { "population_density": 5410.6802 }, "geometry": { "type": "Point", "coordinates": [ 480917.336105463735294, 979907.780925765866414 ] } },
{ "type": "Feature", "properties": { "population_density": 3091.9041 }, "geometry": { "type": "Point", "coordinates": [ 480917.336105463735294, 980407.780925765866414 ] } },
{ "type": "Feature", "properties": { "population_density": 12556.107 }, "geometry": { "type": "Point", "coordinates": [ 480417.336105463735294, 980407.780925765866414 ] } },
{ "type": "Feature", "properties": { "population_density": 18.305689 }, "geometry": { "type": "Point", "coordinates": [ 477917.336105463735294, 976907.780925765866414 ] } },
{ "type": "Feature", "properties": { "population_density": 450.8912 }, "geometry": { "type": "Point", "coordinates": [ 477417.336105463735294, 976907.780925765866414 ] } },
{ "type": "Feature", "properties": { "population_density": 167.15358 }, "geometry": { "type": "Point", "coordinates": [ 478417.336105463735294, 976907.780925765866414 ] } },
{ "type": "Feature", "properties": { "population_density": 206.12811 }, "geometry": { "type": "Point", "coordinates": [ 477417.336105463735294, 977407.780925765866414 ] } },
{ "type": "Feature", "properties": { "population_density": 1137.8693 }, "geometry": { "type": "Point", "coordinates": [ 477917.336105463735294, 977407.780925765866414 ] } },
{ "type": "Feature", "properties": { "population_density": 279.80481 }, "geometry": { "type": "Point", "coordinates": [ 478917.336105463735294, 977407.780925765866414 ] } },
{ "type": "Feature", "properties": { "population_density": 692.63989 }, "geometry": { "type": "Point", "coordinates": [ 478417.336105463735294, 977407.780925765866414 ] } },
{ "type": "Feature", "properties": { "population_density": 0.0 }, "geometry": { "type": "Point", "coordinates": [ 476417.336105463735294, 976907.780925765866414 ] } },
{ "type": "Feature", "properties": { "population_density": 305.65549 }, "geometry": { "type": "Point", "coordinates": [ 476917.336105463735294, 976907.780925765866414 ] } },
{ "type": "Feature", "properties": { "population_density": 99.495247 }, "geometry": { "type": "Point", "coordinates": [ 476417.336105463735294, 977407.780925765866414 ] } },
{ "type": "Feature", "properties": { "population_density": 0.0 }, "geometry": { "type": "Point", "coordinates": [ 475917.336105463735294, 977407.780925765866414 ] } },
{ "type": "Feature", "properties": { "population_density": 1520.425 }, "geometry": { "type": "Point", "coordinates": [ 476917.336105463735294, 977407.780925765866414 ] } },
{ "type": "Feature", "properties": { "population_density": 0.0 }, "geometry": { "type": "Point", "coordinates": [ 475917.336105463735294, 977907.780925765866414 ] } },
{ "type": "Feature", "properties": { "population_density": 4755.3545 }, "geometry": { "type": "Point", "coordinates": [ 476417.336105463735294, 977907.780925765866414 ] } },
{ "type": "Feature", "properties": { "population_density": 0.0 }, "geometry": { "type": "Point", "coordinates": [ 476917.336105463735294, 977907.780925765866414 ] } },
{ "type": "Feature", "properties": { "population_density": 1164.8727 }, "geometry": { "type": "Point", "coordinates": [ 477917.336105463735294, 977907.780925765866414 ] } },
{ "type": "Feature", "properties": { "population_density": 1744.4006 }, "geometry": { "type": "Point", "coordinates": [ 478917.336105463735294, 977907.780925765866414 ] } },
{ "type": "Feature", "properties": { "population_density": 2126.1628 }, "geometry": { "type": "Point", "coordinates": [ 478417.336105463735294, 977907.780925765866414 ] } },
{ "type": "Feature", "properties": { "population_density": 861.49554 }, "geometry": { "type": "Point", "coordinates": [ 477417.336105463735294, 977907.780925765866414 ] } },
{ "type": "Feature", "properties": { "population_density": 4312.353 }, "geometry": { "type": "Point", "coordinates": [ 478917.336105463735294, 978407.780925765866414 ] } },
{ "type": "Feature", "properties": { "population_density": 1163.2324 }, "geometry": { "type": "Point", "coordinates": [ 478417.336105463735294, 978407.780925765866414 ] } },
{ "type": "Feature", "properties": { "population_density": 620.27588 }, "geometry": { "type": "Point", "coordinates": [ 477917.336105463735294, 978407.780925765866414 ] } },
{ "type": "Feature", "properties": { "population_density": 1979.3436 }, "geometry": { "type": "Point", "coordinates": [ 478417.336105463735294, 978907.780925765866414 ] } },
{ "type": "Feature", "properties": { "population_density": 5594.2998 }, "geometry": { "type": "Point", "coordinates": [ 477917.336105463735294, 978907.780925765866414 ] } },
{ "type": "Feature", "properties": { "population_density": 8690.1182 }, "geometry": { "type": "Point", "coordinates": [ 478917.336105463735294, 978907.780925765866414 ] } },
{ "type": "Feature", "properties": { "population_density": 802.91504 }, "geometry": { "type": "Point", "coordinates": [ 476417.336105463735294, 978407.780925765866414 ] } },
{ "type": "Feature", "properties": { "population_density": 530.56146 }, "geometry": { "type": "Point", "coordinates": [ 477417.336105463735294, 978407.780925765866414 ] } },
{ "type": "Feature", "properties": { "population_density": 2804.8914 }, "geometry": { "type": "Point", "coordinates": [ 476917.336105463735294, 978407.780925765866414 ] } },
{ "type": "Feature", "properties": { "population_density": 2689.6743 }, "geometry": { "type": "Point", "coordinates": [ 475917.336105463735294, 978907.780925765866414 ] } },
{ "type": "Feature", "properties": { "population_density": 4327.2485 }, "geometry": { "type": "Point", "coordinates": [ 476917.336105463735294, 978907.780925765866414 ] } },
{ "type": "Feature", "properties": { "population_density": 3237.5618 }, "geometry": { "type": "Point", "coordinates": [ 477417.336105463735294, 978907.780925765866414 ] } },
{ "type": "Feature", "properties": { "population_density": 9260.3154 }, "geometry": { "type": "Point", "coordinates": [ 476417.336105463735294, 978907.780925765866414 ] } },
{ "type": "Feature", "properties": { "population_density": 2427.3154 }, "geometry": { "type": "Point", "coordinates": [ 476417.336105463735294, 979407.780925765866414 ] } },
{ "type": "Feature", "properties": { "population_density": 16304.415 }, "geometry": { "type": "Point", "coordinates": [ 476917.336105463735294, 979407.780925765866414 ] } },
{ "type": "Feature", "properties": { "population_density": 2357.0671 }, "geometry": { "type": "Point", "coordinates": [ 475917.336105463735294, 979407.780925765866414 ] } },
{ "type": "Feature", "properties": { "population_density": 18513.529 }, "geometry": { "type": "Point", "coordinates": [ 478417.336105463735294, 979407.780925765866414 ] } },
{ "type": "Feature", "properties": { "population_density": 9230.1377 }, "geometry": { "type": "Point", "coordinates": [ 478917.336105463735294, 979407.780925765866414 ] } },
{ "type": "Feature", "properties": { "population_density": 19022.568 }, "geometry": { "type": "Point", "coordinates": [ 477417.336105463735294, 979407.780925765866414 ] } },
{ "type": "Feature", "properties": { "population_density": 17987.949 }, "geometry": { "type": "Point", "coordinates": [ 477917.336105463735294, 979407.780925765866414 ] } },
{ "type": "Feature", "properties": { "population_density": 14142.325 }, "geometry": { "type": "Point", "coordinates": [ 477417.336105463735294, 979907.780925765866414 ] } },
{ "type": "Feature", "properties": { "population_density": 19143.717 }, "geometry": { "type": "Point", "coordinates": [ 478417.336105463735294, 979907.780925765866414 ] } },
{ "type": "Feature", "properties": { "population_density": 8372.6328 }, "geometry": { "type": "Point", "coordinates": [ 477917.336105463735294, 979907.780925765866414 ] } },
{ "type": "Feature", "properties": { "population_density": 20130.406 }, "geometry": { "type": "Point", "coordinates": [ 477417.336105463735294, 980407.780925765866414 ] } },
{ "type": "Feature", "properties": { "population_density": 14284.271 }, "geometry": { "type": "Point", "coordinates": [ 478417.336105463735294, 980407.780925765866414 ] } },
{ "type": "Feature", "properties": { "population_density": 20669.457 }, "geometry": { "type": "Point", "coordinates": [ 477917.336105463735294, 980407.780925765866414 ] } },
{ "type": "Feature", "properties": { "population_density": 8803.4697 }, "geometry": { "type": "Point", "coordinates": [ 478917.336105463735294, 979907.780925765866414 ] } },
{ "type": "Feature", "properties": { "population_density": 11808.851 }, "geometry": { "type": "Point", "coordinates": [ 479417.336105463735294, 979907.780925765866414 ] } },
{ "type": "Feature", "properties": { "population_density": 2209.0195 }, "geometry": { "type": "Point", "coordinates": [ 479917.336105463735294, 979907.780925765866414 ] } },
{ "type": "Feature", "properties": { "population_density": 2664.3748 }, "geometry": { "type": "Point", "coordinates": [ 480417.336105463735294, 979907.780925765866414 ] } },
{ "type": "Feature", "properties": { "population_density": 3664.7478 }, "geometry": { "type": "Point", "coordinates": [ 478917.336105463735294, 980407.780925765866414 ] } },
{ "type": "Feature", "properties": { "population_density": 8772.1719 }, "geometry": { "type": "Point", "coordinates": [ 479417.336105463735294, 980407.780925765866414 ] } },
{ "type": "Feature", "properties": { "population_density": 10682.478 }, "geometry": { "type": "Point", "coordinates": [ 479917.336105463735294, 980407.780925765866414 ] } },
{ "type": "Feature", "properties": { "population_density": 7730.1743 }, "geometry": { "type": "Point", "coordinates": [ 480417.336105463735294, 980907.780925765866414 ] } },
{ "type": "Feature", "properties": { "population_density": 10515.155 }, "geometry": { "type": "Point", "coordinates": [ 479417.336105463735294, 980907.780925765866414 ] } },
{ "type": "Feature", "properties": { "population_density": 4634.6152 }, "geometry": { "type": "Point", "coordinates": [ 479917.336105463735294, 980907.780925765866414 ] } },
{ "type": "Feature", "properties": { "population_density": 1599.5815 }, "geometry": { "type": "Point", "coordinates": [ 475917.336105463735294, 979907.780925765866414 ] } },
{ "type": "Feature", "properties": { "population_density": 18042.754 }, "geometry": { "type": "Point", "coordinates": [ 476417.336105463735294, 979907.780925765866414 ] } },
{ "type": "Feature", "properties": { "population_density": 19195.873 }, "geometry": { "type": "Point", "coordinates": [ 476917.336105463735294, 979907.780925765866414 ] } },
{ "type": "Feature", "properties": { "population_density": 20464.285 }, "geometry": { "type": "Point", "coordinates": [ 476917.336105463735294, 980407.780925765866414 ] } },
{ "type": "Feature", "properties": { "population_density": 6823.0679 }, "geometry": { "type": "Point", "coordinates": [ 475917.336105463735294, 980407.780925765866414 ] } },
{ "type": "Feature", "properties": { "population_density": 10603.37 }, "geometry": { "type": "Point", "coordinates": [ 476417.336105463735294, 980407.780925765866414 ] } },
{ "type": "Feature", "properties": { "population_density": 2721.2019 }, "geometry": { "type": "Point", "coordinates": [ 476417.336105463735294, 980907.780925765866414 ] } },
{ "type": "Feature", "properties": { "population_density": 10872.711 }, "geometry": { "type": "Point", "coordinates": [ 476917.336105463735294, 980907.780925765866414 ] } },
{ "type": "Feature", "properties": { "population_density": 1271.2797 }, "geometry": { "type": "Point", "coordinates": [ 475917.336105463735294, 980907.780925765866414 ] } },
{ "type": "Feature", "properties": { "population_density": 8833.4434 }, "geometry": { "type": "Point", "coordinates": [ 477417.336105463735294, 981407.780925765866414 ] } },
{ "type": "Feature", "properties": { "population_density": 18217.037 }, "geometry": { "type": "Point", "coordinates": [ 477417.336105463735294, 980907.780925765866414 ] } },
{ "type": "Feature", "properties": { "population_density": 9569.9863 }, "geometry": { "type": "Point", "coordinates": [ 478417.336105463735294, 980907.780925765866414 ] } },
{ "type": "Feature", "properties": { "population_density": 18719.518 }, "geometry": { "type": "Point", "coordinates": [ 477917.336105463735294, 980907.780925765866414 ] } },
{ "type": "Feature", "properties": { "population_density": 4817.1978 }, "geometry": { "type": "Point", "coordinates": [ 478417.336105463735294, 981407.780925765866414 ] } },
{ "type": "Feature", "properties": { "population_density": 754.0462 }, "geometry": { "type": "Point", "coordinates": [ 477917.336105463735294, 981407.780925765866414 ] } },
{ "type": "Feature", "properties": { "population_density": 70.407417 }, "geometry": { "type": "Point", "coordinates": [ 477917.336105463735294, 981907.780925765866414 ] } },
{ "type": "Feature", "properties": { "population_density": 1458.7368 }, "geometry": { "type": "Point", "coordinates": [ 478417.336105463735294, 981907.780925765866414 ] } },
{ "type": "Feature", "properties": { "population_density": 1459.021 }, "geometry": { "type": "Point", "coordinates": [ 477417.336105463735294, 981907.780925765866414 ] } },
{ "type": "Feature", "properties": { "population_density": 417.04385 }, "geometry": { "type": "Point", "coordinates": [ 478417.336105463735294, 982407.780925765866414 ] } },
{ "type": "Feature", "properties": { "population_density": 1662.0887 }, "geometry": { "type": "Point", "coordinates": [ 477417.336105463735294, 982407.780925765866414 ] } },
{ "type": "Feature", "properties": { "population_density": 0.0 }, "geometry": { "type": "Point", "coordinates": [ 485417.336105463735294, 981407.780925765866414 ] } },
{ "type": "Feature", "properties": { "population_density": 0.0 }, "geometry": { "type": "Point", "coordinates": [ 485417.336105463735294, 981907.780925765866414 ] } },
{ "type": "Feature", "properties": { "population_density": 0.0 }, "geometry": { "type": "Point", "coordinates": [ 485917.336105463735294, 981907.780925765866414 ] } },
{ "type": "Feature", "properties": { "population_density": 0.0 }, "geometry": { "type": "Point", "coordinates": [ 485417.336105463735294, 982407.780925765866414 ] } },
{ "type": "Feature", "properties": { "population_density": 0.0 }, "geometry": { "type": "Point", "coordinates": [ 485917.336105463735294, 982407.780925765866414 ] } },
{ "type": "Feature", "properties": { "population_density": 327.45166 }, "geometry": { "type": "Point", "coordinates": [ 483917.336105463735294, 981907.780925765866414 ] } },
{ "type": "Feature", "properties": { "population_density": 0.0 }, "geometry": { "type": "Point", "coordinates": [ 483917.336105463735294, 982407.780925765866414 ] } },
{ "type": "Feature", "properties": { "population_density": 0.0 }, "geometry": { "type": "Point", "coordinates": [ 484417.336105463735294, 982407.780925765866414 ] } },
{ "type": "Feature", "properties": { "population_density": 0.0 }, "geometry": { "type": "Point", "coordinates": [ 480917.336105463735294, 980907.780925765866414 ] } },
{ "type": "Feature", "properties": { "population_density": 773.31653 }, "geometry": { "type": "Point", "coordinates": [ 480417.336105463735294, 981407.780925765866414 ] } },
{ "type": "Feature", "properties": { "population_density": 1821.9037 }, "geometry": { "type": "Point", "coordinates": [ 480417.336105463735294, 981907.780925765866414 ] } },
{ "type": "Feature", "properties": { "population_density": 4468.9526 }, "geometry": { "type": "Point", "coordinates": [ 480917.336105463735294, 981907.780925765866414 ] } },
{ "type": "Feature", "properties": { "population_density": 2080.7773 }, "geometry": { "type": "Point", "coordinates": [ 481417.336105463735294, 981907.780925765866414 ] } },
{ "type": "Feature", "properties": { "population_density": 3765.5601 }, "geometry": { "type": "Point", "coordinates": [ 480917.336105463735294, 982407.780925765866414 ] } },
{ "type": "Feature", "properties": { "population_density": 2589.5405 }, "geometry": { "type": "Point", "coordinates": [ 483417.336105463735294, 981907.780925765866414 ] } },
{ "type": "Feature", "properties": { "population_density": 96.560364 }, "geometry": { "type": "Point", "coordinates": [ 482417.336105463735294, 981907.780925765866414 ] } },
{ "type": "Feature", "properties": { "population_density": 81.881073 }, "geometry": { "type": "Point", "coordinates": [ 482917.336105463735294, 981907.780925765866414 ] } },
{ "type": "Feature", "properties": { "population_density": 1010.7031 }, "geometry": { "type": "Point", "coordinates": [ 483417.336105463735294, 982407.780925765866414 ] } },
{ "type": "Feature", "properties": { "population_density": 5552.9307 }, "geometry": { "type": "Point", "coordinates": [ 481917.336105463735294, 982407.780925765866414 ] } },
{ "type": "Feature", "properties": { "population_density": 2709.5574 }, "geometry": { "type": "Point", "coordinates": [ 482417.336105463735294, 982407.780925765866414 ] } },
{ "type": "Feature", "properties": { "population_density": 2491.2908 }, "geometry": { "type": "Point", "coordinates": [ 482917.336105463735294, 982407.780925765866414 ] } },
{ "type": "Feature", "properties": { "population_density": 0.0 }, "geometry": { "type": "Point", "coordinates": [ 484917.336105463735294, 982407.780925765866414 ] } },
{ "type": "Feature", "properties": { "population_density": 0.0 }, "geometry": { "type": "Point", "coordinates": [ 484917.336105463735294, 982907.780925765866414 ] } },
{ "type": "Feature", "properties": { "population_density": 797.59991 }, "geometry": { "type": "Point", "coordinates": [ 483417.336105463735294, 982907.780925765866414 ] } },
{ "type": "Feature", "properties": { "population_density": 0.0 }, "geometry": { "type": "Point", "coordinates": [ 484417.336105463735294, 982907.780925765866414 ] } },
{ "type": "Feature", "properties": { "population_density": 395.18762 }, "geometry": { "type": "Point", "coordinates": [ 483917.336105463735294, 982907.780925765866414 ] } },
{ "type": "Feature", "properties": { "population_density": 0.0 }, "geometry": { "type": "Point", "coordinates": [ 483917.336105463735294, 983407.780925765866414 ] } },
{ "type": "Feature", "properties": { "population_density": 0.0 }, "geometry": { "type": "Point", "coordinates": [ 484417.336105463735294, 983407.780925765866414 ] } },
{ "type": "Feature", "properties": { "population_density": 0.0 }, "geometry": { "type": "Point", "coordinates": [ 484917.336105463735294, 983407.780925765866414 ] } },
{ "type": "Feature", "properties": { "population_density": 0.0 }, "geometry": { "type": "Point", "coordinates": [ 484417.336105463735294, 983907.780925765866414 ] } },
{ "type": "Feature", "properties": { "population_density": 96.618896 }, "geometry": { "type": "Point", "coordinates": [ 483417.336105463735294, 983907.780925765866414 ] } },
{ "type": "Feature", "properties": { "population_density": 2122.4397 }, "geometry": { "type": "Point", "coordinates": [ 481417.336105463735294, 982407.780925765866414 ] } },
{ "type": "Feature", "properties": { "population_density": 1402.1349 }, "geometry": { "type": "Point", "coordinates": [ 480917.336105463735294, 982907.780925765866414 ] } },
{ "type": "Feature", "properties": { "population_density": 3022.811 }, "geometry": { "type": "Point", "coordinates": [ 481917.336105463735294, 982907.780925765866414 ] } },
{ "type": "Feature", "properties": { "population_density": 6189.7207 }, "geometry": { "type": "Point", "coordinates": [ 481417.336105463735294, 982907.780925765866414 ] } },
{ "type": "Feature", "properties": { "population_density": 2144.0779 }, "geometry": { "type": "Point", "coordinates": [ 480417.336105463735294, 982907.780925765866414 ] } },
{ "type": "Feature", "properties": { "population_density": 1582.4244 }, "geometry": { "type": "Point", "coordinates": [ 481917.336105463735294, 983407.780925765866414 ] } },
{ "type": "Feature", "properties": { "population_density": 360.95813 }, "geometry": { "type": "Point", "coordinates": [ 480417.336105463735294, 983407.780925765866414 ] } },
{ "type": "Feature", "properties": { "population_density": 10199.014 }, "geometry": { "type": "Point", "coordinates": [ 480917.336105463735294, 983407.780925765866414 ] } },
{ "type": "Feature", "properties": { "population_density": 858.06598 }, "geometry": { "type": "Point", "coordinates": [ 481417.336105463735294, 983407.780925765866414 ] } },
{ "type": "Feature", "properties": { "population_density": 4364.0894 }, "geometry": { "type": "Point", "coordinates": [ 481917.336105463735294, 983907.780925765866414 ] } },
{ "type": "Feature", "properties": { "population_density": 4016.1624 }, "geometry": { "type": "Point", "coordinates": [ 482417.336105463735294, 982907.780925765866414 ] } },
{ "type": "Feature", "properties": { "population_density": 1395.326 }, "geometry": { "type": "Point", "coordinates": [ 482917.336105463735294, 982907.780925765866414 ] } },
{ "type": "Feature", "properties": { "population_density": 2342.1174 }, "geometry": { "type": "Point", "coordinates": [ 482417.336105463735294, 983407.780925765866414 ] } },
{ "type": "Feature", "properties": { "population_density": 583.87689 }, "geometry": { "type": "Point", "coordinates": [ 483417.336105463735294, 983407.780925765866414 ] } },
{ "type": "Feature", "properties": { "population_density": 695.6897 }, "geometry": { "type": "Point", "coordinates": [ 482917.336105463735294, 983407.780925765866414 ] } },
{ "type": "Feature", "properties": { "population_density": 66.854485 }, "geometry": { "type": "Point", "coordinates": [ 482917.336105463735294, 983907.780925765866414 ] } },
{ "type": "Feature", "properties": { "population_density": 0.0 }, "geometry": { "type": "Point", "coordinates": [ 482417.336105463735294, 983907.780925765866414 ] } },
{ "type": "Feature", "properties": { "population_density": 455.8602 }, "geometry": { "type": "Point", "coordinates": [ 483417.336105463735294, 984407.780925765866414 ] } },
{ "type": "Feature", "properties": { "population_density": 0.0 }, "geometry": { "type": "Point", "coordinates": [ 482917.336105463735294, 984407.780925765866414 ] } },
{ "type": "Feature", "properties": { "population_density": 462.56888 }, "geometry": { "type": "Point", "coordinates": [ 482417.336105463735294, 984407.780925765866414 ] } },
{ "type": "Feature", "properties": { "population_density": 9046.9795 }, "geometry": { "type": "Point", "coordinates": [ 480917.336105463735294, 983907.780925765866414 ] } },
{ "type": "Feature", "properties": { "population_density": 1997.7235 }, "geometry": { "type": "Point", "coordinates": [ 480417.336105463735294, 983907.780925765866414 ] } },
{ "type": "Feature", "properties": { "population_density": 5818.3237 }, "geometry": { "type": "Point", "coordinates": [ 481417.336105463735294, 983907.780925765866414 ] } },
{ "type": "Feature", "properties": { "population_density": 1698.5002 }, "geometry": { "type": "Point", "coordinates": [ 480917.336105463735294, 984407.780925765866414 ] } },
{ "type": "Feature", "properties": { "population_density": 2160.1023 }, "geometry": { "type": "Point", "coordinates": [ 481417.336105463735294, 984407.780925765866414 ] } },
{ "type": "Feature", "properties": { "population_density": 1377.9299 }, "geometry": { "type": "Point", "coordinates": [ 481917.336105463735294, 984407.780925765866414 ] } },
{ "type": "Feature", "properties": { "population_density": 1864.8541 }, "geometry": { "type": "Point", "coordinates": [ 481417.336105463735294, 984907.780925765866414 ] } },
{ "type": "Feature", "properties": { "population_density": 354.1037 }, "geometry": { "type": "Point", "coordinates": [ 481917.336105463735294, 984907.780925765866414 ] } },
{ "type": "Feature", "properties": { "population_density": 2331.8787 }, "geometry": { "type": "Point", "coordinates": [ 480917.336105463735294, 984907.780925765866414 ] } },
{ "type": "Feature", "properties": { "population_density": 5027.2495 }, "geometry": { "type": "Point", "coordinates": [ 480417.336105463735294, 985407.780925765866414 ] } },
{ "type": "Feature", "properties": { "population_density": 1547.2767 }, "geometry": { "type": "Point", "coordinates": [ 482417.336105463735294, 984907.780925765866414 ] } },
{ "type": "Feature", "properties": { "population_density": 0.0 }, "geometry": { "type": "Point", "coordinates": [ 483417.336105463735294, 984907.780925765866414 ] } },
{ "type": "Feature", "properties": { "population_density": 460.53998 }, "geometry": { "type": "Point", "coordinates": [ 482917.336105463735294, 984907.780925765866414 ] } },
{ "type": "Feature", "properties": { "population_density": 0.0 }, "geometry": { "type": "Point", "coordinates": [ 483417.336105463735294, 985407.780925765866414 ] } },
{ "type": "Feature", "properties": { "population_density": 619.45612 }, "geometry": { "type": "Point", "coordinates": [ 482917.336105463735294, 985407.780925765866414 ] } },
{ "type": "Feature", "properties": { "population_density": 282.83841 }, "geometry": { "type": "Point", "coordinates": [ 482417.336105463735294, 985407.780925765866414 ] } },
{ "type": "Feature", "properties": { "population_density": 0.0 }, "geometry": { "type": "Point", "coordinates": [ 482917.336105463735294, 985907.780925765866414 ] } },
{ "type": "Feature", "properties": { "population_density": 0.0 }, "geometry": { "type": "Point", "coordinates": [ 483417.336105463735294, 985907.780925765866414 ] } },
{ "type": "Feature", "properties": { "population_density": 1525.6217 }, "geometry": { "type": "Point", "coordinates": [ 481917.336105463735294, 985907.780925765866414 ] } },
{ "type": "Feature", "properties": { "population_density": 0.0 }, "geometry": { "type": "Point", "coordinates": [ 482417.336105463735294, 985907.780925765866414 ] } },
{ "type": "Feature", "properties": { "population_density": 0.0 }, "geometry": { "type": "Point", "coordinates": [ 484917.336105463735294, 985407.780925765866414 ] } },
{ "type": "Feature", "properties": { "population_density": 0.0 }, "geometry": { "type": "Point", "coordinates": [ 484917.336105463735294, 985907.780925765866414 ] } },
{ "type": "Feature", "properties": { "population_density": 0.0 }, "geometry": { "type": "Point", "coordinates": [ 484417.336105463735294, 985907.780925765866414 ] } },
{ "type": "Feature", "properties": { "population_density": 109.24025 }, "geometry": { "type": "Point", "coordinates": [ 483917.336105463735294, 985907.780925765866414 ] } },
{ "type": "Feature", "properties": { "population_density": 0.0 }, "geometry": { "type": "Point", "coordinates": [ 483917.336105463735294, 986407.780925765866414 ] } },
{ "type": "Feature", "properties": { "population_density": 0.0 }, "geometry": { "type": "Point", "coordinates": [ 484917.336105463735294, 986407.780925765866414 ] } },
{ "type": "Feature", "properties": { "population_density": 0.0 }, "geometry": { "type": "Point", "coordinates": [ 484417.336105463735294, 986407.780925765866414 ] } },
{ "type": "Feature", "properties": { "population_density": 1090.6281 }, "geometry": { "type": "Point", "coordinates": [ 483417.336105463735294, 986907.780925765866414 ] } },
{ "type": "Feature", "properties": { "population_density": 146.87466 }, "geometry": { "type": "Point", "coordinates": [ 484417.336105463735294, 986907.780925765866414 ] } },
{ "type": "Feature", "properties": { "population_density": 0.0 }, "geometry": { "type": "Point", "coordinates": [ 484917.336105463735294, 986907.780925765866414 ] } },
{ "type": "Feature", "properties": { "population_density": 8482.9062 }, "geometry": { "type": "Point", "coordinates": [ 478917.336105463735294, 980907.780925765866414 ] } },
{ "type": "Feature", "properties": { "population_density": 5456.2476 }, "geometry": { "type": "Point", "coordinates": [ 479417.336105463735294, 981407.780925765866414 ] } },
{ "type": "Feature", "properties": { "population_density": 5482.8784 }, "geometry": { "type": "Point", "coordinates": [ 478917.336105463735294, 981407.780925765866414 ] } },
{ "type": "Feature", "properties": { "population_density": 442.98648 }, "geometry": { "type": "Point", "coordinates": [ 479917.336105463735294, 981407.780925765866414 ] } },
{ "type": "Feature", "properties": { "population_density": 277.82852 }, "geometry": { "type": "Point", "coordinates": [ 479917.336105463735294, 981907.780925765866414 ] } },
{ "type": "Feature", "properties": { "population_density": 4084.0576 }, "geometry": { "type": "Point", "coordinates": [ 478917.336105463735294, 981907.780925765866414 ] } },
{ "type": "Feature", "properties": { "population_density": 1964.3208 }, "geometry": { "type": "Point", "coordinates": [ 479417.336105463735294, 981907.780925765866414 ] } },
{ "type": "Feature", "properties": { "population_density": 1619.4309 }, "geometry": { "type": "Point", "coordinates": [ 478917.336105463735294, 982407.780925765866414 ] } },
{ "type": "Feature", "properties": { "population_density": 1523.0985 }, "geometry": { "type": "Point", "coordinates": [ 480417.336105463735294, 982407.780925765866414 ] } },
{ "type": "Feature", "properties": { "population_density": 1299.8478 }, "geometry": { "type": "Point", "coordinates": [ 479917.336105463735294, 982407.780925765866414 ] } },
{ "type": "Feature", "properties": { "population_density": 4986.0962 }, "geometry": { "type": "Point", "coordinates": [ 476917.336105463735294, 981407.780925765866414 ] } },
{ "type": "Feature", "properties": { "population_density": 1650.6888 }, "geometry": { "type": "Point", "coordinates": [ 476417.336105463735294, 981407.780925765866414 ] } },
{ "type": "Feature", "properties": { "population_density": 6369.6353 }, "geometry": { "type": "Point", "coordinates": [ 475917.336105463735294, 981407.780925765866414 ] } },
{ "type": "Feature", "properties": { "population_density": 344.11731 }, "geometry": { "type": "Point", "coordinates": [ 476917.336105463735294, 981907.780925765866414 ] } },
{ "type": "Feature", "properties": { "population_density": 21569.693 }, "geometry": { "type": "Point", "coordinates": [ 475917.336105463735294, 981907.780925765866414 ] } },
{ "type": "Feature", "properties": { "population_density": 14933.795 }, "geometry": { "type": "Point", "coordinates": [ 476417.336105463735294, 981907.780925765866414 ] } },
{ "type": "Feature", "properties": { "population_density": 13466.565 }, "geometry": { "type": "Point", "coordinates": [ 476417.336105463735294, 982407.780925765866414 ] } },
{ "type": "Feature", "properties": { "population_density": 18411.166 }, "geometry": { "type": "Point", "coordinates": [ 475917.336105463735294, 982407.780925765866414 ] } },
{ "type": "Feature", "properties": { "population_density": 626.28674 }, "geometry": { "type": "Point", "coordinates": [ 476917.336105463735294, 982407.780925765866414 ] } },
{ "type": "Feature", "properties": { "population_density": 16416.625 }, "geometry": { "type": "Point", "coordinates": [ 476417.336105463735294, 982907.780925765866414 ] } },
{ "type": "Feature", "properties": { "population_density": 3181.1863 }, "geometry": { "type": "Point", "coordinates": [ 479417.336105463735294, 982407.780925765866414 ] } },
{ "type": "Feature", "properties": { "population_density": 1776.6255 }, "geometry": { "type": "Point", "coordinates": [ 478917.336105463735294, 982907.780925765866414 ] } },
{ "type": "Feature", "properties": { "population_density": 297.43652 }, "geometry": { "type": "Point", "coordinates": [ 479417.336105463735294, 982907.780925765866414 ] } },
{ "type": "Feature", "properties": { "population_density": 412.2099 }, "geometry": { "type": "Point", "coordinates": [ 479917.336105463735294, 982907.780925765866414 ] } },
{ "type": "Feature", "properties": { "population_density": 36.14772 }, "geometry": { "type": "Point", "coordinates": [ 479417.336105463735294, 983407.780925765866414 ] } },
{ "type": "Feature", "properties": { "population_density": 218.46297 }, "geometry": { "type": "Point", "coordinates": [ 479917.336105463735294, 983407.780925765866414 ] } },
{ "type": "Feature", "properties": { "population_density": 3253.4214 }, "geometry": { "type": "Point", "coordinates": [ 478917.336105463735294, 983407.780925765866414 ] } },
{ "type": "Feature", "properties": { "population_density": 160.14417 }, "geometry": { "type": "Point", "coordinates": [ 479917.336105463735294, 983907.780925765866414 ] } },
{ "type": "Feature", "properties": { "population_density": 6774.4702 }, "geometry": { "type": "Point", "coordinates": [ 478917.336105463735294, 983907.780925765866414 ] } },
{ "type": "Feature", "properties": { "population_density": 16195.35 }, "geometry": { "type": "Point", "coordinates": [ 479417.336105463735294, 983907.780925765866414 ] } },
{ "type": "Feature", "properties": { "population_density": 1510.0653 }, "geometry": { "type": "Point", "coordinates": [ 477917.336105463735294, 982407.780925765866414 ] } },
{ "type": "Feature", "properties": { "population_density": 137.23264 }, "geometry": { "type": "Point", "coordinates": [ 477417.336105463735294, 982907.780925765866414 ] } },
{ "type": "Feature", "properties": { "population_density": 3097.7195 }, "geometry": { "type": "Point", "coordinates": [ 478417.336105463735294, 982907.780925765866414 ] } },
{ "type": "Feature", "properties": { "population_density": 9470.4434 }, "geometry": { "type": "Point", "coordinates": [ 477917.336105463735294, 982907.780925765866414 ] } },
{ "type": "Feature", "properties": { "population_density": 11211.223 }, "geometry": { "type": "Point", "coordinates": [ 478417.336105463735294, 983407.780925765866414 ] } },
{ "type": "Feature", "properties": { "population_density": 762.54553 }, "geometry": { "type": "Point", "coordinates": [ 477417.336105463735294, 983407.780925765866414 ] } },
{ "type": "Feature", "properties": { "population_density": 13620.101 }, "geometry": { "type": "Point", "coordinates": [ 477917.336105463735294, 983407.780925765866414 ] } },
{ "type": "Feature", "properties": { "population_density": 1022.6818 }, "geometry": { "type": "Point", "coordinates": [ 477417.336105463735294, 983907.780925765866414 ] } },
{ "type": "Feature", "properties": { "population_density": 1382.4825 }, "geometry": { "type": "Point", "coordinates": [ 477917.336105463735294, 983907.780925765866414 ] } },
{ "type": "Feature", "properties": { "population_density": 19199.156 }, "geometry": { "type": "Point", "coordinates": [ 478417.336105463735294, 983907.780925765866414 ] } },
{ "type": "Feature", "properties": { "population_density": 2891.0503 }, "geometry": { "type": "Point", "coordinates": [ 476917.336105463735294, 982907.780925765866414 ] } },
{ "type": "Feature", "properties": { "population_density": 5386.3408 }, "geometry": { "type": "Point", "coordinates": [ 475917.336105463735294, 982907.780925765866414 ] } },
{ "type": "Feature", "properties": { "population_density": 7481.3975 }, "geometry": { "type": "Point", "coordinates": [ 475917.336105463735294, 983407.780925765866414 ] } },
{ "type": "Feature", "properties": { "population_density": 14604.969 }, "geometry": { "type": "Point", "coordinates": [ 476417.336105463735294, 983407.780925765866414 ] } },
{ "type": "Feature", "properties": { "population_density": 1529.9733 }, "geometry": { "type": "Point", "coordinates": [ 476917.336105463735294, 983407.780925765866414 ] } },
{ "type": "Feature", "properties": { "population_density": 18.912357 }, "geometry": { "type": "Point", "coordinates": [ 476917.336105463735294, 983907.780925765866414 ] } },
{ "type": "Feature", "properties": { "population_density": 1357.7212 }, "geometry": { "type": "Point", "coordinates": [ 476417.336105463735294, 983907.780925765866414 ] } },
{ "type": "Feature", "properties": { "population_density": 6089.5107 }, "geometry": { "type": "Point", "coordinates": [ 475917.336105463735294, 983907.780925765866414 ] } },
{ "type": "Feature", "properties": { "population_density": 0.0 }, "geometry": { "type": "Point", "coordinates": [ 475917.336105463735294, 984407.780925765866414 ] } },
{ "type": "Feature", "properties": { "population_density": 5209.7837 }, "geometry": { "type": "Point", "coordinates": [ 476417.336105463735294, 984407.780925765866414 ] } },
{ "type": "Feature", "properties": { "population_density": 5778.5591 }, "geometry": { "type": "Point", "coordinates": [ 480417.336105463735294, 984407.780925765866414 ] } },
{ "type": "Feature", "properties": { "population_density": 386.15378 }, "geometry": { "type": "Point", "coordinates": [ 479417.336105463735294, 984407.780925765866414 ] } },
{ "type": "Feature", "properties": { "population_density": 3619.7344 }, "geometry": { "type": "Point", "coordinates": [ 478917.336105463735294, 984407.780925765866414 ] } },
{ "type": "Feature", "properties": { "population_density": 1095.6525 }, "geometry": { "type": "Point", "coordinates": [ 479917.336105463735294, 984407.780925765866414 ] } },
{ "type": "Feature", "properties": { "population_density": 826.5766 }, "geometry": { "type": "Point", "coordinates": [ 479917.336105463735294, 984907.780925765866414 ] } },
{ "type": "Feature", "properties": { "population_density": 66.324959 }, "geometry": { "type": "Point", "coordinates": [ 479417.336105463735294, 984907.780925765866414 ] } },
{ "type": "Feature", "properties": { "population_density": 6319.8755 }, "geometry": { "type": "Point", "coordinates": [ 480417.336105463735294, 984907.780925765866414 ] } },
{ "type": "Feature", "properties": { "population_density": 461.58163 }, "geometry": { "type": "Point", "coordinates": [ 478917.336105463735294, 984907.780925765866414 ] } },
{ "type": "Feature", "properties": { "population_density": 1402.8688 }, "geometry": { "type": "Point", "coordinates": [ 478917.336105463735294, 985407.780925765866414 ] } },
{ "type": "Feature", "properties": { "population_density": 1315.4816 }, "geometry": { "type": "Point", "coordinates": [ 479917.336105463735294, 985407.780925765866414 ] } },
{ "type": "Feature", "properties": { "population_density": 123.09817 }, "geometry": { "type": "Point", "coordinates": [ 477917.336105463735294, 984407.780925765866414 ] } },
{ "type": "Feature", "properties": { "population_density": 0.0 }, "geometry": { "type": "Point", "coordinates": [ 477417.336105463735294, 984407.780925765866414 ] } },
{ "type": "Feature", "properties": { "population_density": 1933.9038 }, "geometry": { "type": "Point", "coordinates": [ 478417.336105463735294, 984407.780925765866414 ] } },
{ "type": "Feature", "properties": { "population_density": 0.0 }, "geometry": { "type": "Point", "coordinates": [ 477417.336105463735294, 984907.780925765866414 ] } },
{ "type": "Feature", "properties": { "population_density": 0.0 }, "geometry": { "type": "Point", "coordinates": [ 477917.336105463735294, 984907.780925765866414 ] } },
{ "type": "Feature", "properties": { "population_density": 84.871765 }, "geometry": { "type": "Point", "coordinates": [ 478417.336105463735294, 984907.780925765866414 ] } },
{ "type": "Feature", "properties": { "population_density": 0.0 }, "geometry": { "type": "Point", "coordinates": [ 477917.336105463735294, 985407.780925765866414 ] } },
{ "type": "Feature", "properties": { "population_density": 561.78723 }, "geometry": { "type": "Point", "coordinates": [ 478417.336105463735294, 985407.780925765866414 ] } },
{ "type": "Feature", "properties": { "population_density": 92.766182 }, "geometry": { "type": "Point", "coordinates": [ 477417.336105463735294, 985407.780925765866414 ] } },
{ "type": "Feature", "properties": { "population_density": 273.66925 }, "geometry": { "type": "Point", "coordinates": [ 477417.336105463735294, 985907.780925765866414 ] } },
{ "type": "Feature", "properties": { "population_density": 2116.4819 }, "geometry": { "type": "Point", "coordinates": [ 476917.336105463735294, 984407.780925765866414 ] } },
{ "type": "Feature", "properties": { "population_density": 4077.7124 }, "geometry": { "type": "Point", "coordinates": [ 476917.336105463735294, 984907.780925765866414 ] } },
{ "type": "Feature", "properties": { "population_density": 283.23438 }, "geometry": { "type": "Point", "coordinates": [ 475917.336105463735294, 984907.780925765866414 ] } },
{ "type": "Feature", "properties": { "population_density": 558.98663 }, "geometry": { "type": "Point", "coordinates": [ 476417.336105463735294, 984907.780925765866414 ] } },
{ "type": "Feature", "properties": { "population_density": 4253.5786 }, "geometry": { "type": "Point", "coordinates": [ 476417.336105463735294, 985407.780925765866414 ] } },
{ "type": "Feature", "properties": { "population_density": 5728.2974 }, "geometry": { "type": "Point", "coordinates": [ 475917.336105463735294, 985407.780925765866414 ] } },
{ "type": "Feature", "properties": { "population_density": 619.28015 }, "geometry": { "type": "Point", "coordinates": [ 476917.336105463735294, 985407.780925765866414 ] } },
{ "type": "Feature", "properties": { "population_density": 3322.7485 }, "geometry": { "type": "Point", "coordinates": [ 475917.336105463735294, 985907.780925765866414 ] } },
{ "type": "Feature", "properties": { "population_density": 1491.4888 }, "geometry": { "type": "Point", "coordinates": [ 476417.336105463735294, 985907.780925765866414 ] } },
{ "type": "Feature", "properties": { "population_density": 2431.7046 }, "geometry": { "type": "Point", "coordinates": [ 476917.336105463735294, 985907.780925765866414 ] } },
{ "type": "Feature", "properties": { "population_density": 246.71638 }, "geometry": { "type": "Point", "coordinates": [ 479417.336105463735294, 985407.780925765866414 ] } },
{ "type": "Feature", "properties": { "population_density": 2512.2903 }, "geometry": { "type": "Point", "coordinates": [ 478917.336105463735294, 985907.780925765866414 ] } },
{ "type": "Feature", "properties": { "population_density": 572.60541 }, "geometry": { "type": "Point", "coordinates": [ 479917.336105463735294, 985907.780925765866414 ] } },
{ "type": "Feature", "properties": { "population_density": 350.3324 }, "geometry": { "type": "Point", "coordinates": [ 479417.336105463735294, 985907.780925765866414 ] } },
{ "type": "Feature", "properties": { "population_density": 204.67851 }, "geometry": { "type": "Point", "coordinates": [ 479417.336105463735294, 986407.780925765866414 ] } },
{ "type": "Feature", "properties": { "population_density": 5356.5659 }, "geometry": { "type": "Point", "coordinates": [ 478917.336105463735294, 986407.780925765866414 ] } },
{ "type": "Feature", "properties": { "population_density": 347.69315 }, "geometry": { "type": "Point", "coordinates": [ 479917.336105463735294, 986407.780925765866414 ] } },
{ "type": "Feature", "properties": { "population_density": 1392.0563 }, "geometry": { "type": "Point", "coordinates": [ 480417.336105463735294, 986407.780925765866414 ] } },
{ "type": "Feature", "properties": { "population_density": 1227.1682 }, "geometry": { "type": "Point", "coordinates": [ 479417.336105463735294, 986907.780925765866414 ] } },
{ "type": "Feature", "properties": { "population_density": 1081.2485 }, "geometry": { "type": "Point", "coordinates": [ 478917.336105463735294, 986907.780925765866414 ] } },
{ "type": "Feature", "properties": { "population_density": 6186.8105 }, "geometry": { "type": "Point", "coordinates": [ 475417.336105463735294, 985907.780925765866414 ] } },
{ "type": "Feature", "properties": { "population_density": 2355.3838 }, "geometry": { "type": "Point", "coordinates": [ 475417.336105463735294, 986407.780925765866414 ] } },
{ "type": "Feature", "properties": { "population_density": 6892.5425 }, "geometry": { "type": "Point", "coordinates": [ 475917.336105463735294, 986407.780925765866414 ] } },
{ "type": "Feature", "properties": { "population_density": 5889.3657 }, "geometry": { "type": "Point", "coordinates": [ 474917.336105463735294, 986407.780925765866414 ] } },
{ "type": "Feature", "properties": { "population_density": 12000.119 }, "geometry": { "type": "Point", "coordinates": [ 474417.336105463735294, 986407.780925765866414 ] } },
{ "type": "Feature", "properties": { "population_density": 10081.48 }, "geometry": { "type": "Point", "coordinates": [ 474917.336105463735294, 986907.780925765866414 ] } },
{ "type": "Feature", "properties": { "population_density": 10946.144 }, "geometry": { "type": "Point", "coordinates": [ 475417.336105463735294, 986907.780925765866414 ] } },
{ "type": "Feature", "properties": { "population_density": 10435.936 }, "geometry": { "type": "Point", "coordinates": [ 474417.336105463735294, 986907.780925765866414 ] } },
{ "type": "Feature", "properties": { "population_density": 253.52911 }, "geometry": { "type": "Point", "coordinates": [ 475917.336105463735294, 987407.780925765866414 ] } },
{ "type": "Feature", "properties": { "population_density": 8437.1084 }, "geometry": { "type": "Point", "coordinates": [ 474417.336105463735294, 987407.780925765866414 ] } },
{ "type": "Feature", "properties": { "population_density": 0.0 }, "geometry": { "type": "Point", "coordinates": [ 485417.336105463735294, 982907.780925765866414 ] } },
{ "type": "Feature", "properties": { "population_density": 950.35712 }, "geometry": { "type": "Point", "coordinates": [ 485917.336105463735294, 982907.780925765866414 ] } },
{ "type": "Feature", "properties": { "population_density": 0.0 }, "geometry": { "type": "Point", "coordinates": [ 486417.336105463735294, 982907.780925765866414 ] } },
{ "type": "Feature", "properties": { "population_density": 0.0 }, "geometry": { "type": "Point", "coordinates": [ 485417.336105463735294, 983407.780925765866414 ] } },
{ "type": "Feature", "properties": { "population_density": 0.0 }, "geometry": { "type": "Point", "coordinates": [ 486417.336105463735294, 983407.780925765866414 ] } },
{ "type": "Feature", "properties": { "population_density": 0.0 }, "geometry": { "type": "Point", "coordinates": [ 485917.336105463735294, 983407.780925765866414 ] } },
{ "type": "Feature", "properties": { "population_density": 0.0 }, "geometry": { "type": "Point", "coordinates": [ 485917.336105463735294, 983907.780925765866414 ] } },
{ "type": "Feature", "properties": { "population_density": 0.0 }, "geometry": { "type": "Point", "coordinates": [ 485417.336105463735294, 983907.780925765866414 ] } },
{ "type": "Feature", "properties": { "population_density": 372.33771 }, "geometry": { "type": "Point", "coordinates": [ 485417.336105463735294, 984407.780925765866414 ] } },
{ "type": "Feature", "properties": { "population_density": 214.92329 }, "geometry": { "type": "Point", "coordinates": [ 484917.336105463735294, 983907.780925765866414 ] } },
{ "type": "Feature", "properties": { "population_density": 0.0 }, "geometry": { "type": "Point", "coordinates": [ 483917.336105463735294, 983907.780925765866414 ] } },
{ "type": "Feature", "properties": { "population_density": 302.99655 }, "geometry": { "type": "Point", "coordinates": [ 484417.336105463735294, 984407.780925765866414 ] } },
{ "type": "Feature", "properties": { "population_density": 839.60132 }, "geometry": { "type": "Point", "coordinates": [ 484917.336105463735294, 984407.780925765866414 ] } },
{ "type": "Feature", "properties": { "population_density": 0.0 }, "geometry": { "type": "Point", "coordinates": [ 483917.336105463735294, 984407.780925765866414 ] } },
{ "type": "Feature", "properties": { "population_density": 0.0 }, "geometry": { "type": "Point", "coordinates": [ 483917.336105463735294, 984907.780925765866414 ] } },
{ "type": "Feature", "properties": { "population_density": 0.0 }, "geometry": { "type": "Point", "coordinates": [ 484417.336105463735294, 984907.780925765866414 ] } },
{ "type": "Feature", "properties": { "population_density": 0.0 }, "geometry": { "type": "Point", "coordinates": [ 484917.336105463735294, 984907.780925765866414 ] } },
{ "type": "Feature", "properties": { "population_density": 0.0 }, "geometry": { "type": "Point", "coordinates": [ 484417.336105463735294, 985407.780925765866414 ] } },
{ "type": "Feature", "properties": { "population_density": 0.0 }, "geometry": { "type": "Point", "coordinates": [ 483917.336105463735294, 985407.780925765866414 ] } },
{ "type": "Feature", "properties": { "population_density": 0.0 }, "geometry": { "type": "Point", "coordinates": [ 485917.336105463735294, 984407.780925765866414 ] } },
{ "type": "Feature", "properties": { "population_density": 0.0 }, "geometry": { "type": "Point", "coordinates": [ 485917.336105463735294, 984907.780925765866414 ] } },
{ "type": "Feature", "properties": { "population_density": 0.0 }, "geometry": { "type": "Point", "coordinates": [ 485417.336105463735294, 984907.780925765866414 ] } },
{ "type": "Feature", "properties": { "population_density": 0.0 }, "geometry": { "type": "Point", "coordinates": [ 486417.336105463735294, 984907.780925765866414 ] } },
{ "type": "Feature", "properties": { "population_density": 32.87822 }, "geometry": { "type": "Point", "coordinates": [ 486417.336105463735294, 985407.780925765866414 ] } },
{ "type": "Feature", "properties": { "population_density": 0.0 }, "geometry": { "type": "Point", "coordinates": [ 485417.336105463735294, 985407.780925765866414 ] } },
{ "type": "Feature", "properties": { "population_density": 0.0 }, "geometry": { "type": "Point", "coordinates": [ 485917.336105463735294, 985407.780925765866414 ] } },
{ "type": "Feature", "properties": { "population_density": 0.0 }, "geometry": { "type": "Point", "coordinates": [ 485917.336105463735294, 985907.780925765866414 ] } },
{ "type": "Feature", "properties": { "population_density": 32.848953 }, "geometry": { "type": "Point", "coordinates": [ 486417.336105463735294, 985907.780925765866414 ] } },
{ "type": "Feature", "properties": { "population_density": 0.0 }, "geometry": { "type": "Point", "coordinates": [ 485417.336105463735294, 985907.780925765866414 ] } },
{ "type": "Feature", "properties": { "population_density": 0.0 }, "geometry": { "type": "Point", "coordinates": [ 485417.336105463735294, 986407.780925765866414 ] } },
{ "type": "Feature", "properties": { "population_density": 0.0 }, "geometry": { "type": "Point", "coordinates": [ 485917.336105463735294, 986407.780925765866414 ] } },
{ "type": "Feature", "properties": { "population_density": 0.0 }, "geometry": { "type": "Point", "coordinates": [ 485417.336105463735294, 986907.780925765866414 ] } },
{ "type": "Feature", "properties": { "population_density": 845.30383 }, "geometry": { "type": "Point", "coordinates": [ 481417.336105463735294, 985407.780925765866414 ] } },
{ "type": "Feature", "properties": { "population_density": 4464.0757 }, "geometry": { "type": "Point", "coordinates": [ 480917.336105463735294, 985407.780925765866414 ] } },
{ "type": "Feature", "properties": { "population_density": 20.365522 }, "geometry": { "type": "Point", "coordinates": [ 481917.336105463735294, 985407.780925765866414 ] } },
{ "type": "Feature", "properties": { "population_density": 0.0 }, "geometry": { "type": "Point", "coordinates": [ 481417.336105463735294, 985907.780925765866414 ] } },
{ "type": "Feature", "properties": { "population_density": 4106.0454 }, "geometry": { "type": "Point", "coordinates": [ 480417.336105463735294, 985907.780925765866414 ] } },
{ "type": "Feature", "properties": { "population_density": 2808.7981 }, "geometry": { "type": "Point", "coordinates": [ 480917.336105463735294, 985907.780925765866414 ] } },
{ "type": "Feature", "properties": { "population_density": 1240.2828 }, "geometry": { "type": "Point", "coordinates": [ 481417.336105463735294, 986407.780925765866414 ] } },
{ "type": "Feature", "properties": { "population_density": 0.0 }, "geometry": { "type": "Point", "coordinates": [ 480917.336105463735294, 986407.780925765866414 ] } },
{ "type": "Feature", "properties": { "population_density": 179.25879 }, "geometry": { "type": "Point", "coordinates": [ 481917.336105463735294, 986407.780925765866414 ] } },
{ "type": "Feature", "properties": { "population_density": 0.0 }, "geometry": { "type": "Point", "coordinates": [ 481417.336105463735294, 986907.780925765866414 ] } },
{ "type": "Feature", "properties": { "population_density": 2575.9163 }, "geometry": { "type": "Point", "coordinates": [ 483417.336105463735294, 986407.780925765866414 ] } },
{ "type": "Feature", "properties": { "population_density": 166.63365 }, "geometry": { "type": "Point", "coordinates": [ 482917.336105463735294, 986407.780925765866414 ] } },
{ "type": "Feature", "properties": { "population_density": 0.0 }, "geometry": { "type": "Point", "coordinates": [ 482417.336105463735294, 986407.780925765866414 ] } },
{ "type": "Feature", "properties": { "population_density": 57.643879 }, "geometry": { "type": "Point", "coordinates": [ 482917.336105463735294, 986907.780925765866414 ] } },
{ "type": "Feature", "properties": { "population_density": 821.56293 }, "geometry": { "type": "Point", "coordinates": [ 482417.336105463735294, 986907.780925765866414 ] } },
{ "type": "Feature", "properties": { "population_density": 0.0 }, "geometry": { "type": "Point", "coordinates": [ 481917.336105463735294, 986907.780925765866414 ] } },
{ "type": "Feature", "properties": { "population_density": 497.29956 }, "geometry": { "type": "Point", "coordinates": [ 481917.336105463735294, 987407.780925765866414 ] } },
{ "type": "Feature", "properties": { "population_density": 0.0 }, "geometry": { "type": "Point", "coordinates": [ 482417.336105463735294, 987407.780925765866414 ] } },
{ "type": "Feature", "properties": { "population_density": 763.25073 }, "geometry": { "type": "Point", "coordinates": [ 483417.336105463735294, 987407.780925765866414 ] } },
{ "type": "Feature", "properties": { "population_density": 0.0 }, "geometry": { "type": "Point", "coordinates": [ 482917.336105463735294, 987407.780925765866414 ] } },
{ "type": "Feature", "properties": { "population_density": 0.0 }, "geometry": { "type": "Point", "coordinates": [ 480917.336105463735294, 986907.780925765866414 ] } },
{ "type": "Feature", "properties": { "population_density": 1396.0742 }, "geometry": { "type": "Point", "coordinates": [ 481417.336105463735294, 987407.780925765866414 ] } },
{ "type": "Feature", "properties": { "population_density": 0.0 }, "geometry": { "type": "Point", "coordinates": [ 480917.336105463735294, 987407.780925765866414 ] } },
{ "type": "Feature", "properties": { "population_density": 73.763184 }, "geometry": { "type": "Point", "coordinates": [ 481917.336105463735294, 987907.780925765866414 ] } },
{ "type": "Feature", "properties": { "population_density": 1423.9308 }, "geometry": { "type": "Point", "coordinates": [ 481417.336105463735294, 987907.780925765866414 ] } },
{ "type": "Feature", "properties": { "population_density": 522.07635 }, "geometry": { "type": "Point", "coordinates": [ 480917.336105463735294, 987907.780925765866414 ] } },
{ "type": "Feature", "properties": { "population_density": 1353.4836 }, "geometry": { "type": "Point", "coordinates": [ 480417.336105463735294, 987907.780925765866414 ] } },
{ "type": "Feature", "properties": { "population_density": 944.60687 }, "geometry": { "type": "Point", "coordinates": [ 481917.336105463735294, 988407.780925765866414 ] } },
{ "type": "Feature", "properties": { "population_density": 452.6055 }, "geometry": { "type": "Point", "coordinates": [ 480917.336105463735294, 988407.780925765866414 ] } },
{ "type": "Feature", "properties": { "population_density": 1184.524 }, "geometry": { "type": "Point", "coordinates": [ 481417.336105463735294, 988407.780925765866414 ] } },
{ "type": "Feature", "properties": { "population_density": 5042.3442 }, "geometry": { "type": "Point", "coordinates": [ 480417.336105463735294, 986907.780925765866414 ] } },
{ "type": "Feature", "properties": { "population_density": 1917.2654 }, "geometry": { "type": "Point", "coordinates": [ 479917.336105463735294, 986907.780925765866414 ] } },
{ "type": "Feature", "properties": { "population_density": 0.0 }, "geometry": { "type": "Point", "coordinates": [ 480417.336105463735294, 987407.780925765866414 ] } },
{ "type": "Feature", "properties": { "population_density": 0.0 }, "geometry": { "type": "Point", "coordinates": [ 479417.336105463735294, 987407.780925765866414 ] } },
{ "type": "Feature", "properties": { "population_density": 338.73383 }, "geometry": { "type": "Point", "coordinates": [ 479917.336105463735294, 987407.780925765866414 ] } },
{ "type": "Feature", "properties": { "population_density": 0.0 }, "geometry": { "type": "Point", "coordinates": [ 479417.336105463735294, 987907.780925765866414 ] } },
{ "type": "Feature", "properties": { "population_density": 106.00772 }, "geometry": { "type": "Point", "coordinates": [ 479917.336105463735294, 987907.780925765866414 ] } },
{ "type": "Feature", "properties": { "population_density": 3817.9214 }, "geometry": { "type": "Point", "coordinates": [ 480417.336105463735294, 988407.780925765866414 ] } },
{ "type": "Feature", "properties": { "population_density": 50.687313 }, "geometry": { "type": "Point", "coordinates": [ 479917.336105463735294, 988407.780925765866414 ] } },
{ "type": "Feature", "properties": { "population_density": 897.15308 }, "geometry": { "type": "Point", "coordinates": [ 479417.336105463735294, 988407.780925765866414 ] } },
{ "type": "Feature", "properties": { "population_density": 0.0 }, "geometry": { "type": "Point", "coordinates": [ 483917.336105463735294, 986907.780925765866414 ] } },
{ "type": "Feature", "properties": { "population_density": 0.0 }, "geometry": { "type": "Point", "coordinates": [ 483917.336105463735294, 987407.780925765866414 ] } },
{ "type": "Feature", "properties": { "population_density": 0.0 }, "geometry": { "type": "Point", "coordinates": [ 484417.336105463735294, 987407.780925765866414 ] } },
{ "type": "Feature", "properties": { "population_density": 0.0 }, "geometry": { "type": "Point", "coordinates": [ 483917.336105463735294, 987907.780925765866414 ] } },
{ "type": "Feature", "properties": { "population_density": 0.0 }, "geometry": { "type": "Point", "coordinates": [ 483917.336105463735294, 988407.780925765866414 ] } },
{ "type": "Feature", "properties": { "population_density": 0.0 }, "geometry": { "type": "Point", "coordinates": [ 484417.336105463735294, 988407.780925765866414 ] } },
{ "type": "Feature", "properties": { "population_density": 0.0 }, "geometry": { "type": "Point", "coordinates": [ 483917.336105463735294, 988907.780925765866414 ] } },
{ "type": "Feature", "properties": { "population_density": 2425.1836 }, "geometry": { "type": "Point", "coordinates": [ 483417.336105463735294, 987907.780925765866414 ] } },
{ "type": "Feature", "properties": { "population_density": 175.55714 }, "geometry": { "type": "Point", "coordinates": [ 482417.336105463735294, 987907.780925765866414 ] } },
{ "type": "Feature", "properties": { "population_density": 3470.3948 }, "geometry": { "type": "Point", "coordinates": [ 482917.336105463735294, 987907.780925765866414 ] } },
{ "type": "Feature", "properties": { "population_density": 0.0 }, "geometry": { "type": "Point", "coordinates": [ 482917.336105463735294, 988407.780925765866414 ] } },
{ "type": "Feature", "properties": { "population_density": 0.0 }, "geometry": { "type": "Point", "coordinates": [ 483417.336105463735294, 988407.780925765866414 ] } },
{ "type": "Feature", "properties": { "population_density": 0.0 }, "geometry": { "type": "Point", "coordinates": [ 482417.336105463735294, 988407.780925765866414 ] } },
{ "type": "Feature", "properties": { "population_density": 0.0 }, "geometry": { "type": "Point", "coordinates": [ 482917.336105463735294, 988907.780925765866414 ] } },
{ "type": "Feature", "properties": { "population_density": 0.0 }, "geometry": { "type": "Point", "coordinates": [ 483417.336105463735294, 988907.780925765866414 ] } },
{ "type": "Feature", "properties": { "population_density": 933.15228 }, "geometry": { "type": "Point", "coordinates": [ 482417.336105463735294, 988907.780925765866414 ] } },
{ "type": "Feature", "properties": { "population_density": 490.81201 }, "geometry": { "type": "Point", "coordinates": [ 483417.336105463735294, 989407.780925765866414 ] } },
{ "type": "Feature", "properties": { "population_density": 0.0 }, "geometry": { "type": "Point", "coordinates": [ 480917.336105463735294, 988907.780925765866414 ] } },
{ "type": "Feature", "properties": { "population_density": 3480.323 }, "geometry": { "type": "Point", "coordinates": [ 481917.336105463735294, 988907.780925765866414 ] } },
{ "type": "Feature", "properties": { "population_density": 888.60828 }, "geometry": { "type": "Point", "coordinates": [ 481417.336105463735294, 988907.780925765866414 ] } },
{ "type": "Feature", "properties": { "population_density": 1763.8754 }, "geometry": { "type": "Point", "coordinates": [ 480417.336105463735294, 988907.780925765866414 ] } },
{ "type": "Feature", "properties": { "population_density": 0.0 }, "geometry": { "type": "Point", "coordinates": [ 480417.336105463735294, 989407.780925765866414 ] } },
{ "type": "Feature", "properties": { "population_density": 0.0 }, "geometry": { "type": "Point", "coordinates": [ 480917.336105463735294, 989407.780925765866414 ] } },
{ "type": "Feature", "properties": { "population_density": 1116.623 }, "geometry": { "type": "Point", "coordinates": [ 481917.336105463735294, 989407.780925765866414 ] } },
{ "type": "Feature", "properties": { "population_density": 1892.0839 }, "geometry": { "type": "Point", "coordinates": [ 481417.336105463735294, 989407.780925765866414 ] } },
{ "type": "Feature", "properties": { "population_density": 0.0 }, "geometry": { "type": "Point", "coordinates": [ 480417.336105463735294, 989907.780925765866414 ] } },
{ "type": "Feature", "properties": { "population_density": 2940.6348 }, "geometry": { "type": "Point", "coordinates": [ 481417.336105463735294, 989907.780925765866414 ] } },
{ "type": "Feature", "properties": { "population_density": 0.0 }, "geometry": { "type": "Point", "coordinates": [ 484917.336105463735294, 988907.780925765866414 ] } },
{ "type": "Feature", "properties": { "population_density": 0.0 }, "geometry": { "type": "Point", "coordinates": [ 484417.336105463735294, 988907.780925765866414 ] } },
{ "type": "Feature", "properties": { "population_density": 429.71829 }, "geometry": { "type": "Point", "coordinates": [ 484417.336105463735294, 989407.780925765866414 ] } },
{ "type": "Feature", "properties": { "population_density": 327.83807 }, "geometry": { "type": "Point", "coordinates": [ 484917.336105463735294, 989407.780925765866414 ] } },
{ "type": "Feature", "properties": { "population_density": 710.94452 }, "geometry": { "type": "Point", "coordinates": [ 483917.336105463735294, 989407.780925765866414 ] } },
{ "type": "Feature", "properties": { "population_density": 0.0 }, "geometry": { "type": "Point", "coordinates": [ 484917.336105463735294, 989907.780925765866414 ] } },
{ "type": "Feature", "properties": { "population_density": 1060.6552 }, "geometry": { "type": "Point", "coordinates": [ 483917.336105463735294, 989907.780925765866414 ] } },
{ "type": "Feature", "properties": { "population_density": 38.668365 }, "geometry": { "type": "Point", "coordinates": [ 484417.336105463735294, 989907.780925765866414 ] } },
{ "type": "Feature", "properties": { "population_density": 504.793 }, "geometry": { "type": "Point", "coordinates": [ 484917.336105463735294, 990407.780925765866414 ] } },
{ "type": "Feature", "properties": { "population_density": 1933.1031 }, "geometry": { "type": "Point", "coordinates": [ 483917.336105463735294, 990407.780925765866414 ] } },
{ "type": "Feature", "properties": { "population_density": 1331.3589 }, "geometry": { "type": "Point", "coordinates": [ 482417.336105463735294, 989407.780925765866414 ] } },
{ "type": "Feature", "properties": { "population_density": 1279.7224 }, "geometry": { "type": "Point", "coordinates": [ 482917.336105463735294, 989407.780925765866414 ] } },
{ "type": "Feature", "properties": { "population_density": 760.13501 }, "geometry": { "type": "Point", "coordinates": [ 482917.336105463735294, 989907.780925765866414 ] } },
{ "type": "Feature", "properties": { "population_density": 439.45523 }, "geometry": { "type": "Point", "coordinates": [ 483417.336105463735294, 989907.780925765866414 ] } },
{ "type": "Feature", "properties": { "population_density": 210.83385 }, "geometry": { "type": "Point", "coordinates": [ 482417.336105463735294, 989907.780925765866414 ] } },
{ "type": "Feature", "properties": { "population_density": 131.01498 }, "geometry": { "type": "Point", "coordinates": [ 481917.336105463735294, 990407.780925765866414 ] } },
{ "type": "Feature", "properties": { "population_density": 0.0 }, "geometry": { "type": "Point", "coordinates": [ 483417.336105463735294, 990407.780925765866414 ] } },
{ "type": "Feature", "properties": { "population_density": 4924.9521 }, "geometry": { "type": "Point", "coordinates": [ 482417.336105463735294, 990407.780925765866414 ] } },
{ "type": "Feature", "properties": { "population_density": 2761.4399 }, "geometry": { "type": "Point", "coordinates": [ 482917.336105463735294, 990407.780925765866414 ] } },
{ "type": "Feature", "properties": { "population_density": 0.0 }, "geometry": { "type": "Point", "coordinates": [ 483417.336105463735294, 990907.780925765866414 ] } },
{ "type": "Feature", "properties": { "population_density": 1634.495 }, "geometry": { "type": "Point", "coordinates": [ 480917.336105463735294, 989907.780925765866414 ] } },
{ "type": "Feature", "properties": { "population_density": 1227.7595 }, "geometry": { "type": "Point", "coordinates": [ 481917.336105463735294, 989907.780925765866414 ] } },
{ "type": "Feature", "properties": { "population_density": 624.46991 }, "geometry": { "type": "Point", "coordinates": [ 481417.336105463735294, 990407.780925765866414 ] } },
{ "type": "Feature", "properties": { "population_density": 906.33173 }, "geometry": { "type": "Point", "coordinates": [ 480917.336105463735294, 990407.780925765866414 ] } },
{ "type": "Feature", "properties": { "population_density": 15.712053 }, "geometry": { "type": "Point", "coordinates": [ 480417.336105463735294, 990407.780925765866414 ] } },
{ "type": "Feature", "properties": { "population_density": 264.20981 }, "geometry": { "type": "Point", "coordinates": [ 480917.336105463735294, 990907.780925765866414 ] } },
{ "type": "Feature", "properties": { "population_density": 2083.9099 }, "geometry": { "type": "Point", "coordinates": [ 481917.336105463735294, 990907.780925765866414 ] } },
{ "type": "Feature", "properties": { "population_density": 39.173965 }, "geometry": { "type": "Point", "coordinates": [ 481417.336105463735294, 990907.780925765866414 ] } },
{ "type": "Feature", "properties": { "population_density": 893.45618 }, "geometry": { "type": "Point", "coordinates": [ 480417.336105463735294, 990907.780925765866414 ] } },
{ "type": "Feature", "properties": { "population_density": 6278.7246 }, "geometry": { "type": "Point", "coordinates": [ 480917.336105463735294, 991407.780925765866414 ] } },
{ "type": "Feature", "properties": { "population_density": 189.73843 }, "geometry": { "type": "Point", "coordinates": [ 477917.336105463735294, 985907.780925765866414 ] } },
{ "type": "Feature", "properties": { "population_density": 1506.9895 }, "geometry": { "type": "Point", "coordinates": [ 478417.336105463735294, 985907.780925765866414 ] } },
{ "type": "Feature", "properties": { "population_density": 1127.0232 }, "geometry": { "type": "Point", "coordinates": [ 477417.336105463735294, 986407.780925765866414 ] } },
{ "type": "Feature", "properties": { "population_density": 1195.8379 }, "geometry": { "type": "Point", "coordinates": [ 478417.336105463735294, 986407.780925765866414 ] } },
{ "type": "Feature", "properties": { "population_density": 1656.9675 }, "geometry": { "type": "Point", "coordinates": [ 477917.336105463735294, 986407.780925765866414 ] } },
{ "type": "Feature", "properties": { "population_density": 220.89308 }, "geometry": { "type": "Point", "coordinates": [ 477417.336105463735294, 986907.780925765866414 ] } },
{ "type": "Feature", "properties": { "population_density": 87.711388 }, "geometry": { "type": "Point", "coordinates": [ 478417.336105463735294, 986907.780925765866414 ] } },
{ "type": "Feature", "properties": { "population_density": 1679.0072 }, "geometry": { "type": "Point", "coordinates": [ 477917.336105463735294, 986907.780925765866414 ] } },
{ "type": "Feature", "properties": { "population_density": 243.94418 }, "geometry": { "type": "Point", "coordinates": [ 478917.336105463735294, 987407.780925765866414 ] } },
{ "type": "Feature", "properties": { "population_density": 0.0 }, "geometry": { "type": "Point", "coordinates": [ 477917.336105463735294, 987407.780925765866414 ] } },
{ "type": "Feature", "properties": { "population_density": 1076.6755 }, "geometry": { "type": "Point", "coordinates": [ 476917.336105463735294, 986407.780925765866414 ] } },
{ "type": "Feature", "properties": { "population_density": 422.00089 }, "geometry": { "type": "Point", "coordinates": [ 476417.336105463735294, 986407.780925765866414 ] } },
{ "type": "Feature", "properties": { "population_density": 1063.4384 }, "geometry": { "type": "Point", "coordinates": [ 476917.336105463735294, 986907.780925765866414 ] } },
{ "type": "Feature", "properties": { "population_density": 9988.9785 }, "geometry": { "type": "Point", "coordinates": [ 475917.336105463735294, 986907.780925765866414 ] } },
{ "type": "Feature", "properties": { "population_density": 781.75006 }, "geometry": { "type": "Point", "coordinates": [ 476417.336105463735294, 986907.780925765866414 ] } },
{ "type": "Feature", "properties": { "population_density": 1183.4658 }, "geometry": { "type": "Point", "coordinates": [ 476917.336105463735294, 987407.780925765866414 ] } },
{ "type": "Feature", "properties": { "population_density": 1929.0865 }, "geometry": { "type": "Point", "coordinates": [ 476417.336105463735294, 987407.780925765866414 ] } },
{ "type": "Feature", "properties": { "population_density": 376.74304 }, "geometry": { "type": "Point", "coordinates": [ 476917.336105463735294, 987907.780925765866414 ] } },
{ "type": "Feature", "properties": { "population_density": 1143.2791 }, "geometry": { "type": "Point", "coordinates": [ 477417.336105463735294, 987907.780925765866414 ] } },
{ "type": "Feature", "properties": { "population_density": 965.47321 }, "geometry": { "type": "Point", "coordinates": [ 476417.336105463735294, 987907.780925765866414 ] } },
{ "type": "Feature", "properties": { "population_density": 350.63773 }, "geometry": { "type": "Point", "coordinates": [ 477417.336105463735294, 987407.780925765866414 ] } },
{ "type": "Feature", "properties": { "population_density": 0.0 }, "geometry": { "type": "Point", "coordinates": [ 478417.336105463735294, 987407.780925765866414 ] } },
{ "type": "Feature", "properties": { "population_density": 0.0 }, "geometry": { "type": "Point", "coordinates": [ 477917.336105463735294, 987907.780925765866414 ] } },
{ "type": "Feature", "properties": { "population_density": 18.891504 }, "geometry": { "type": "Point", "coordinates": [ 478917.336105463735294, 987907.780925765866414 ] } },
{ "type": "Feature", "properties": { "population_density": 2407.5337 }, "geometry": { "type": "Point", "coordinates": [ 478417.336105463735294, 987907.780925765866414 ] } },
{ "type": "Feature", "properties": { "population_density": 2726.2485 }, "geometry": { "type": "Point", "coordinates": [ 477917.336105463735294, 988407.780925765866414 ] } },
{ "type": "Feature", "properties": { "population_density": 254.1628 }, "geometry": { "type": "Point", "coordinates": [ 478417.336105463735294, 988407.780925765866414 ] } },
{ "type": "Feature", "properties": { "population_density": 1478.985 }, "geometry": { "type": "Point", "coordinates": [ 478917.336105463735294, 988407.780925765866414 ] } },
{ "type": "Feature", "properties": { "population_density": 35.261177 }, "geometry": { "type": "Point", "coordinates": [ 477417.336105463735294, 988407.780925765866414 ] } },
{ "type": "Feature", "properties": { "population_density": 7.8709564 }, "geometry": { "type": "Point", "coordinates": [ 478417.336105463735294, 988907.780925765866414 ] } },
{ "type": "Feature", "properties": { "population_density": 2520.1331 }, "geometry": { "type": "Point", "coordinates": [ 475917.336105463735294, 987907.780925765866414 ] } },
{ "type": "Feature", "properties": { "population_density": 2600.8647 }, "geometry": { "type": "Point", "coordinates": [ 475917.336105463735294, 988407.780925765866414 ] } },
{ "type": "Feature", "properties": { "population_density": 1776.4878 }, "geometry": { "type": "Point", "coordinates": [ 476417.336105463735294, 988407.780925765866414 ] } },
{ "type": "Feature", "properties": { "population_density": 576.95331 }, "geometry": { "type": "Point", "coordinates": [ 476917.336105463735294, 988407.780925765866414 ] } },
{ "type": "Feature", "properties": { "population_density": 13711.213 }, "geometry": { "type": "Point", "coordinates": [ 476417.336105463735294, 988907.780925765866414 ] } },
{ "type": "Feature", "properties": { "population_density": 7609.6753 }, "geometry": { "type": "Point", "coordinates": [ 476917.336105463735294, 988907.780925765866414 ] } },
{ "type": "Feature", "properties": { "population_density": 16065.091 }, "geometry": { "type": "Point", "coordinates": [ 475917.336105463735294, 988907.780925765866414 ] } },
{ "type": "Feature", "properties": { "population_density": 12212.455 }, "geometry": { "type": "Point", "coordinates": [ 477417.336105463735294, 989407.780925765866414 ] } },
{ "type": "Feature", "properties": { "population_density": 9851.9072 }, "geometry": { "type": "Point", "coordinates": [ 476917.336105463735294, 989407.780925765866414 ] } },
{ "type": "Feature", "properties": { "population_density": 13778.874 }, "geometry": { "type": "Point", "coordinates": [ 476417.336105463735294, 989407.780925765866414 ] } },
{ "type": "Feature", "properties": { "population_density": 15575.609 }, "geometry": { "type": "Point", "coordinates": [ 475417.336105463735294, 988907.780925765866414 ] } },
{ "type": "Feature", "properties": { "population_density": 14253.16 }, "geometry": { "type": "Point", "coordinates": [ 475417.336105463735294, 989407.780925765866414 ] } },
{ "type": "Feature", "properties": { "population_density": 23573.834 }, "geometry": { "type": "Point", "coordinates": [ 474917.336105463735294, 989407.780925765866414 ] } },
{ "type": "Feature", "properties": { "population_density": 5657.2397 }, "geometry": { "type": "Point", "coordinates": [ 474417.336105463735294, 989407.780925765866414 ] } },
{ "type": "Feature", "properties": { "population_density": 25527.115 }, "geometry": { "type": "Point", "coordinates": [ 474917.336105463735294, 989907.780925765866414 ] } },
{ "type": "Feature", "properties": { "population_density": 22768.391 }, "geometry": { "type": "Point", "coordinates": [ 474417.336105463735294, 989907.780925765866414 ] } },
{ "type": "Feature", "properties": { "population_density": 2554.1545 }, "geometry": { "type": "Point", "coordinates": [ 475417.336105463735294, 989907.780925765866414 ] } },
{ "type": "Feature", "properties": { "population_density": 2360.719 }, "geometry": { "type": "Point", "coordinates": [ 475417.336105463735294, 990407.780925765866414 ] } },
{ "type": "Feature", "properties": { "population_density": 22762.426 }, "geometry": { "type": "Point", "coordinates": [ 474417.336105463735294, 990407.780925765866414 ] } },
{ "type": "Feature", "properties": { "population_density": 15512.998 }, "geometry": { "type": "Point", "coordinates": [ 475917.336105463735294, 990407.780925765866414 ] } },
{ "type": "Feature", "properties": { "population_density": 3479.3469 }, "geometry": { "type": "Point", "coordinates": [ 477417.336105463735294, 988907.780925765866414 ] } },
{ "type": "Feature", "properties": { "population_density": 4203.6816 }, "geometry": { "type": "Point", "coordinates": [ 477917.336105463735294, 988907.780925765866414 ] } },
{ "type": "Feature", "properties": { "population_density": 9.5063591 }, "geometry": { "type": "Point", "coordinates": [ 478917.336105463735294, 988907.780925765866414 ] } },
{ "type": "Feature", "properties": { "population_density": 1891.7549 }, "geometry": { "type": "Point", "coordinates": [ 478417.336105463735294, 989407.780925765866414 ] } },
{ "type": "Feature", "properties": { "population_density": 411.02478 }, "geometry": { "type": "Point", "coordinates": [ 477917.336105463735294, 989407.780925765866414 ] } },
{ "type": "Feature", "properties": { "population_density": 3038.2161 }, "geometry": { "type": "Point", "coordinates": [ 478917.336105463735294, 989407.780925765866414 ] } },
{ "type": "Feature", "properties": { "population_density": 574.83752 }, "geometry": { "type": "Point", "coordinates": [ 478917.336105463735294, 989907.780925765866414 ] } },
{ "type": "Feature", "properties": { "population_density": 931.96289 }, "geometry": { "type": "Point", "coordinates": [ 477917.336105463735294, 989907.780925765866414 ] } },
{ "type": "Feature", "properties": { "population_density": 2067.5481 }, "geometry": { "type": "Point", "coordinates": [ 478417.336105463735294, 989907.780925765866414 ] } },
{ "type": "Feature", "properties": { "population_density": 2549.0647 }, "geometry": { "type": "Point", "coordinates": [ 477417.336105463735294, 990407.780925765866414 ] } },
{ "type": "Feature", "properties": { "population_density": 2188.0125 }, "geometry": { "type": "Point", "coordinates": [ 479917.336105463735294, 988907.780925765866414 ] } },
{ "type": "Feature", "properties": { "population_density": 249.40102 }, "geometry": { "type": "Point", "coordinates": [ 479417.336105463735294, 988907.780925765866414 ] } },
{ "type": "Feature", "properties": { "population_density": 875.34363 }, "geometry": { "type": "Point", "coordinates": [ 479917.336105463735294, 989407.780925765866414 ] } },
{ "type": "Feature", "properties": { "population_density": 2902.907 }, "geometry": { "type": "Point", "coordinates": [ 479417.336105463735294, 989407.780925765866414 ] } },
{ "type": "Feature", "properties": { "population_density": 0.0 }, "geometry": { "type": "Point", "coordinates": [ 479917.336105463735294, 989907.780925765866414 ] } },
{ "type": "Feature", "properties": { "population_density": 1640.4449 }, "geometry": { "type": "Point", "coordinates": [ 479417.336105463735294, 989907.780925765866414 ] } },
{ "type": "Feature", "properties": { "population_density": 0.0 }, "geometry": { "type": "Point", "coordinates": [ 479917.336105463735294, 990407.780925765866414 ] } },
{ "type": "Feature", "properties": { "population_density": 0.0 }, "geometry": { "type": "Point", "coordinates": [ 479417.336105463735294, 990407.780925765866414 ] } },
{ "type": "Feature", "properties": { "population_density": 3811.5662 }, "geometry": { "type": "Point", "coordinates": [ 478917.336105463735294, 990907.780925765866414 ] } },
{ "type": "Feature", "properties": { "population_density": 228.08105 }, "geometry": { "type": "Point", "coordinates": [ 479417.336105463735294, 990907.780925765866414 ] } },
{ "type": "Feature", "properties": { "population_density": 22622.93 }, "geometry": { "type": "Point", "coordinates": [ 475917.336105463735294, 989407.780925765866414 ] } },
{ "type": "Feature", "properties": { "population_density": 17758.967 }, "geometry": { "type": "Point", "coordinates": [ 475917.336105463735294, 989907.780925765866414 ] } },
{ "type": "Feature", "properties": { "population_density": 4342.9966 }, "geometry": { "type": "Point", "coordinates": [ 476917.336105463735294, 989907.780925765866414 ] } },
{ "type": "Feature", "properties": { "population_density": 5291.4297 }, "geometry": { "type": "Point", "coordinates": [ 477417.336105463735294, 989907.780925765866414 ] } },
{ "type": "Feature", "properties": { "population_density": 23208.346 }, "geometry": { "type": "Point", "coordinates": [ 476417.336105463735294, 989907.780925765866414 ] } },
{ "type": "Feature", "properties": { "population_density": 12522.515 }, "geometry": { "type": "Point", "coordinates": [ 476417.336105463735294, 990407.780925765866414 ] } },
{ "type": "Feature", "properties": { "population_density": 10162.035 }, "geometry": { "type": "Point", "coordinates": [ 476917.336105463735294, 990407.780925765866414 ] } },
{ "type": "Feature", "properties": { "population_density": 1653.5494 }, "geometry": { "type": "Point", "coordinates": [ 475917.336105463735294, 990907.780925765866414 ] } },
{ "type": "Feature", "properties": { "population_density": 1705.2676 }, "geometry": { "type": "Point", "coordinates": [ 476917.336105463735294, 990907.780925765866414 ] } },
{ "type": "Feature", "properties": { "population_density": 1466.259 }, "geometry": { "type": "Point", "coordinates": [ 476417.336105463735294, 990907.780925765866414 ] } },
{ "type": "Feature", "properties": { "population_density": 367.97711 }, "geometry": { "type": "Point", "coordinates": [ 478917.336105463735294, 990407.780925765866414 ] } },
{ "type": "Feature", "properties": { "population_density": 363.22437 }, "geometry": { "type": "Point", "coordinates": [ 478417.336105463735294, 990407.780925765866414 ] } },
{ "type": "Feature", "properties": { "population_density": 3326.6284 }, "geometry": { "type": "Point", "coordinates": [ 477917.336105463735294, 990407.780925765866414 ] } },
{ "type": "Feature", "properties": { "population_density": 1167.8612 }, "geometry": { "type": "Point", "coordinates": [ 478417.336105463735294, 990907.780925765866414 ] } },
{ "type": "Feature", "properties": { "population_density": 5535.0361 }, "geometry": { "type": "Point", "coordinates": [ 477417.336105463735294, 990907.780925765866414 ] } },
{ "type": "Feature", "properties": { "population_density": 5959.5645 }, "geometry": { "type": "Point", "coordinates": [ 477917.336105463735294, 990907.780925765866414 ] } },
{ "type": "Feature", "properties": { "population_density": 0.0 }, "geometry": { "type": "Point", "coordinates": [ 477917.336105463735294, 991407.780925765866414 ] } },
{ "type": "Feature", "properties": { "population_density": 0.0 }, "geometry": { "type": "Point", "coordinates": [ 478417.336105463735294, 991407.780925765866414 ] } },
{ "type": "Feature", "properties": { "population_density": 49.704201 }, "geometry": { "type": "Point", "coordinates": [ 478917.336105463735294, 991407.780925765866414 ] } },
{ "type": "Feature", "properties": { "population_density": 818.41577 }, "geometry": { "type": "Point", "coordinates": [ 477417.336105463735294, 991407.780925765866414 ] } },
{ "type": "Feature", "properties": { "population_density": 37.541286 }, "geometry": { "type": "Point", "coordinates": [ 476917.336105463735294, 991407.780925765866414 ] } },
{ "type": "Feature", "properties": { "population_density": 431.35132 }, "geometry": { "type": "Point", "coordinates": [ 475917.336105463735294, 991407.780925765866414 ] } },
{ "type": "Feature", "properties": { "population_density": 357.07126 }, "geometry": { "type": "Point", "coordinates": [ 476417.336105463735294, 991407.780925765866414 ] } },
{ "type": "Feature", "properties": { "population_density": 578.29224 }, "geometry": { "type": "Point", "coordinates": [ 476917.336105463735294, 991907.780925765866414 ] } },
{ "type": "Feature", "properties": { "population_density": 1457.6517 }, "geometry": { "type": "Point", "coordinates": [ 475917.336105463735294, 991907.780925765866414 ] } },
{ "type": "Feature", "properties": { "population_density": 20.986412 }, "geometry": { "type": "Point", "coordinates": [ 477417.336105463735294, 991907.780925765866414 ] } },
{ "type": "Feature", "properties": { "population_density": 150.59515 }, "geometry": { "type": "Point", "coordinates": [ 476417.336105463735294, 991907.780925765866414 ] } },
{ "type": "Feature", "properties": { "population_density": 3521.7312 }, "geometry": { "type": "Point", "coordinates": [ 475917.336105463735294, 992407.780925765866414 ] } },
{ "type": "Feature", "properties": { "population_density": 1968.5079 }, "geometry": { "type": "Point", "coordinates": [ 476417.336105463735294, 992407.780925765866414 ] } },
{ "type": "Feature", "properties": { "population_density": 950.16132 }, "geometry": { "type": "Point", "coordinates": [ 476917.336105463735294, 992407.780925765866414 ] } },
{ "type": "Feature", "properties": { "population_density": 0.0 }, "geometry": { "type": "Point", "coordinates": [ 488417.336105463735294, 987907.780925765866414 ] } },
{ "type": "Feature", "properties": { "population_density": 2401.6746 }, "geometry": { "type": "Point", "coordinates": [ 488417.336105463735294, 988407.780925765866414 ] } },
{ "type": "Feature", "properties": { "population_density": 0.0 }, "geometry": { "type": "Point", "coordinates": [ 486417.336105463735294, 988407.780925765866414 ] } },
{ "type": "Feature", "properties": { "population_density": 0.0 }, "geometry": { "type": "Point", "coordinates": [ 485917.336105463735294, 988407.780925765866414 ] } },
{ "type": "Feature", "properties": { "population_density": 0.0 }, "geometry": { "type": "Point", "coordinates": [ 485417.336105463735294, 988907.780925765866414 ] } },
{ "type": "Feature", "properties": { "population_density": 340.62769 }, "geometry": { "type": "Point", "coordinates": [ 486417.336105463735294, 988907.780925765866414 ] } },
{ "type": "Feature", "properties": { "population_density": 0.0 }, "geometry": { "type": "Point", "coordinates": [ 485917.336105463735294, 988907.780925765866414 ] } },
{ "type": "Feature", "properties": { "population_density": 0.0 }, "geometry": { "type": "Point", "coordinates": [ 487917.336105463735294, 987907.780925765866414 ] } },
{ "type": "Feature", "properties": { "population_density": 0.0 }, "geometry": { "type": "Point", "coordinates": [ 487417.336105463735294, 987907.780925765866414 ] } },
{ "type": "Feature", "properties": { "population_density": 0.0 }, "geometry": { "type": "Point", "coordinates": [ 486917.336105463735294, 988407.780925765866414 ] } },
{ "type": "Feature", "properties": { "population_density": 415.71796 }, "geometry": { "type": "Point", "coordinates": [ 487917.336105463735294, 988407.780925765866414 ] } },
{ "type": "Feature", "properties": { "population_density": 0.0 }, "geometry": { "type": "Point", "coordinates": [ 487417.336105463735294, 988407.780925765866414 ] } },
{ "type": "Feature", "properties": { "population_density": 1158.6987 }, "geometry": { "type": "Point", "coordinates": [ 487917.336105463735294, 988907.780925765866414 ] } },
{ "type": "Feature", "properties": { "population_density": 620.66718 }, "geometry": { "type": "Point", "coordinates": [ 487417.336105463735294, 988907.780925765866414 ] } },
{ "type": "Feature", "properties": { "population_density": 226.7933 }, "geometry": { "type": "Point", "coordinates": [ 488917.336105463735294, 988407.780925765866414 ] } },
{ "type": "Feature", "properties": { "population_density": 222.69627 }, "geometry": { "type": "Point", "coordinates": [ 488917.336105463735294, 988907.780925765866414 ] } },
{ "type": "Feature", "properties": { "population_density": 679.60248 }, "geometry": { "type": "Point", "coordinates": [ 488417.336105463735294, 988907.780925765866414 ] } },
{ "type": "Feature", "properties": { "population_density": 0.0 }, "geometry": { "type": "Point", "coordinates": [ 488917.336105463735294, 989407.780925765866414 ] } },
{ "type": "Feature", "properties": { "population_density": 0.0 }, "geometry": { "type": "Point", "coordinates": [ 488417.336105463735294, 989907.780925765866414 ] } },
{ "type": "Feature", "properties": { "population_density": 171.2787 }, "geometry": { "type": "Point", "coordinates": [ 486917.336105463735294, 988907.780925765866414 ] } },
{ "type": "Feature", "properties": { "population_density": 0.0 }, "geometry": { "type": "Point", "coordinates": [ 488417.336105463735294, 989407.780925765866414 ] } },
{ "type": "Feature", "properties": { "population_density": 0.0 }, "geometry": { "type": "Point", "coordinates": [ 487917.336105463735294, 989407.780925765866414 ] } },
{ "type": "Feature", "properties": { "population_density": 11.13098 }, "geometry": { "type": "Point", "coordinates": [ 487417.336105463735294, 989407.780925765866414 ] } },
{ "type": "Feature", "properties": { "population_density": 1311.6166 }, "geometry": { "type": "Point", "coordinates": [ 486917.336105463735294, 989407.780925765866414 ] } },
{ "type": "Feature", "properties": { "population_density": 1046.7073 }, "geometry": { "type": "Point", "coordinates": [ 487417.336105463735294, 989907.780925765866414 ] } },
{ "type": "Feature", "properties": { "population_density": 862.38849 }, "geometry": { "type": "Point", "coordinates": [ 487917.336105463735294, 989907.780925765866414 ] } },
{ "type": "Feature", "properties": { "population_density": 1256.1836 }, "geometry": { "type": "Point", "coordinates": [ 486917.336105463735294, 989907.780925765866414 ] } },
{ "type": "Feature", "properties": { "population_density": 1775.4542 }, "geometry": { "type": "Point", "coordinates": [ 487917.336105463735294, 990407.780925765866414 ] } },
{ "type": "Feature", "properties": { "population_density": 2644.3274 }, "geometry": { "type": "Point", "coordinates": [ 487417.336105463735294, 990407.780925765866414 ] } },
{ "type": "Feature", "properties": { "population_density": 45.427528 }, "geometry": { "type": "Point", "coordinates": [ 485917.336105463735294, 989407.780925765866414 ] } },
{ "type": "Feature", "properties": { "population_density": 6.7957754 }, "geometry": { "type": "Point", "coordinates": [ 486417.336105463735294, 989407.780925765866414 ] } },
{ "type": "Feature", "properties": { "population_density": 777.83093 }, "geometry": { "type": "Point", "coordinates": [ 485417.336105463735294, 989407.780925765866414 ] } },
{ "type": "Feature", "properties": { "population_density": 64.761711 }, "geometry": { "type": "Point", "coordinates": [ 485917.336105463735294, 989907.780925765866414 ] } },
{ "type": "Feature", "properties": { "population_density": 0.0 }, "geometry": { "type": "Point", "coordinates": [ 485417.336105463735294, 989907.780925765866414 ] } },
{ "type": "Feature", "properties": { "population_density": 2621.2598 }, "geometry": { "type": "Point", "coordinates": [ 486417.336105463735294, 989907.780925765866414 ] } },
{ "type": "Feature", "properties": { "population_density": 1791.0131 }, "geometry": { "type": "Point", "coordinates": [ 486417.336105463735294, 990407.780925765866414 ] } },
{ "type": "Feature", "properties": { "population_density": 1955.1914 }, "geometry": { "type": "Point", "coordinates": [ 485917.336105463735294, 990407.780925765866414 ] } },
{ "type": "Feature", "properties": { "population_density": 0.0 }, "geometry": { "type": "Point", "coordinates": [ 485417.336105463735294, 990407.780925765866414 ] } },
{ "type": "Feature", "properties": { "population_density": 3273.5024 }, "geometry": { "type": "Point", "coordinates": [ 485917.336105463735294, 990907.780925765866414 ] } },
{ "type": "Feature", "properties": { "population_density": 424.36987 }, "geometry": { "type": "Point", "coordinates": [ 488417.336105463735294, 990407.780925765866414 ] } },
{ "type": "Feature", "properties": { "population_density": 0.0 }, "geometry": { "type": "Point", "coordinates": [ 488917.336105463735294, 990407.780925765866414 ] } },
{ "type": "Feature", "properties": { "population_density": 1111.6199 }, "geometry": { "type": "Point", "coordinates": [ 488417.336105463735294, 990907.780925765866414 ] } },
{ "type": "Feature", "properties": { "population_density": 702.93231 }, "geometry": { "type": "Point", "coordinates": [ 488917.336105463735294, 990907.780925765866414 ] } },
{ "type": "Feature", "properties": { "population_density": 1150.4421 }, "geometry": { "type": "Point", "coordinates": [ 488417.336105463735294, 991407.780925765866414 ] } },
{ "type": "Feature", "properties": { "population_density": 6081.7988 }, "geometry": { "type": "Point", "coordinates": [ 488917.336105463735294, 991407.780925765866414 ] } },
{ "type": "Feature", "properties": { "population_density": 0.0 }, "geometry": { "type": "Point", "coordinates": [ 489417.336105463735294, 991407.780925765866414 ] } },
{ "type": "Feature", "properties": { "population_density": 6134.1089 }, "geometry": { "type": "Point", "coordinates": [ 488417.336105463735294, 991907.780925765866414 ] } },
{ "type": "Feature", "properties": { "population_density": 2426.0754 }, "geometry": { "type": "Point", "coordinates": [ 486917.336105463735294, 990407.780925765866414 ] } },
{ "type": "Feature", "properties": { "population_density": 4655.6738 }, "geometry": { "type": "Point", "coordinates": [ 487417.336105463735294, 990907.780925765866414 ] } },
{ "type": "Feature", "properties": { "population_density": 1784.8936 }, "geometry": { "type": "Point", "coordinates": [ 487917.336105463735294, 990907.780925765866414 ] } },
{ "type": "Feature", "properties": { "population_density": 4691.418 }, "geometry": { "type": "Point", "coordinates": [ 487417.336105463735294, 991407.780925765866414 ] } },
{ "type": "Feature", "properties": { "population_density": 564.91595 }, "geometry": { "type": "Point", "coordinates": [ 487917.336105463735294, 991407.780925765866414 ] } },
{ "type": "Feature", "properties": { "population_density": 3114.0525 }, "geometry": { "type": "Point", "coordinates": [ 486917.336105463735294, 991407.780925765866414 ] } },
{ "type": "Feature", "properties": { "population_density": 6426.7017 }, "geometry": { "type": "Point", "coordinates": [ 487417.336105463735294, 991907.780925765866414 ] } },
{ "type": "Feature", "properties": { "population_density": 558.88361 }, "geometry": { "type": "Point", "coordinates": [ 486917.336105463735294, 991907.780925765866414 ] } },
{ "type": "Feature", "properties": { "population_density": 9186.0527 }, "geometry": { "type": "Point", "coordinates": [ 487917.336105463735294, 991907.780925765866414 ] } },
{ "type": "Feature", "properties": { "population_density": 0.0 }, "geometry": { "type": "Point", "coordinates": [ 486917.336105463735294, 992407.780925765866414 ] } },
{ "type": "Feature", "properties": { "population_density": 1389.5062 }, "geometry": { "type": "Point", "coordinates": [ 486917.336105463735294, 990907.780925765866414 ] } },
{ "type": "Feature", "properties": { "population_density": 254.20012 }, "geometry": { "type": "Point", "coordinates": [ 485417.336105463735294, 990907.780925765866414 ] } },
{ "type": "Feature", "properties": { "population_density": 2820.3015 }, "geometry": { "type": "Point", "coordinates": [ 486417.336105463735294, 990907.780925765866414 ] } },
{ "type": "Feature", "properties": { "population_density": 985.65308 }, "geometry": { "type": "Point", "coordinates": [ 486417.336105463735294, 991407.780925765866414 ] } },
{ "type": "Feature", "properties": { "population_density": 4193.8906 }, "geometry": { "type": "Point", "coordinates": [ 485917.336105463735294, 991407.780925765866414 ] } },
{ "type": "Feature", "properties": { "population_density": 2020.8788 }, "geometry": { "type": "Point", "coordinates": [ 485417.336105463735294, 991407.780925765866414 ] } },
{ "type": "Feature", "properties": { "population_density": 84.91301 }, "geometry": { "type": "Point", "coordinates": [ 485917.336105463735294, 991907.780925765866414 ] } },
{ "type": "Feature", "properties": { "population_density": 2214.0349 }, "geometry": { "type": "Point", "coordinates": [ 486417.336105463735294, 991907.780925765866414 ] } },
{ "type": "Feature", "properties": { "population_density": 2437.2903 }, "geometry": { "type": "Point", "coordinates": [ 485417.336105463735294, 991907.780925765866414 ] } },
{ "type": "Feature", "properties": { "population_density": 2452.5063 }, "geometry": { "type": "Point", "coordinates": [ 486417.336105463735294, 992407.780925765866414 ] } },
{ "type": "Feature", "properties": { "population_density": 173.66711 }, "geometry": { "type": "Point", "coordinates": [ 484417.336105463735294, 990407.780925765866414 ] } },
{ "type": "Feature", "properties": { "population_density": 1364.9567 }, "geometry": { "type": "Point", "coordinates": [ 484417.336105463735294, 990907.780925765866414 ] } },
{ "type": "Feature", "properties": { "population_density": 573.26172 }, "geometry": { "type": "Point", "coordinates": [ 483917.336105463735294, 990907.780925765866414 ] } },
{ "type": "Feature", "properties": { "population_density": 625.92462 }, "geometry": { "type": "Point", "coordinates": [ 484917.336105463735294, 990907.780925765866414 ] } },
{ "type": "Feature", "properties": { "population_density": 360.80396 }, "geometry": { "type": "Point", "coordinates": [ 483917.336105463735294, 991407.780925765866414 ] } },
{ "type": "Feature", "properties": { "population_density": 3595.0027 }, "geometry": { "type": "Point", "coordinates": [ 484417.336105463735294, 991407.780925765866414 ] } },
{ "type": "Feature", "properties": { "population_density": 373.56442 }, "geometry": { "type": "Point", "coordinates": [ 484917.336105463735294, 991407.780925765866414 ] } },
{ "type": "Feature", "properties": { "population_density": 2452.2502 }, "geometry": { "type": "Point", "coordinates": [ 484917.336105463735294, 991907.780925765866414 ] } },
{ "type": "Feature", "properties": { "population_density": 3937.7097 }, "geometry": { "type": "Point", "coordinates": [ 484417.336105463735294, 991907.780925765866414 ] } },
{ "type": "Feature", "properties": { "population_density": 219.59869 }, "geometry": { "type": "Point", "coordinates": [ 483917.336105463735294, 991907.780925765866414 ] } },
{ "type": "Feature", "properties": { "population_density": 2055.4534 }, "geometry": { "type": "Point", "coordinates": [ 482417.336105463735294, 990907.780925765866414 ] } },
{ "type": "Feature", "properties": { "population_density": 115.87251 }, "geometry": { "type": "Point", "coordinates": [ 482917.336105463735294, 990907.780925765866414 ] } },
{ "type": "Feature", "properties": { "population_density": 4051.114 }, "geometry": { "type": "Point", "coordinates": [ 482417.336105463735294, 991407.780925765866414 ] } },
{ "type": "Feature", "properties": { "population_density": 0.0 }, "geometry": { "type": "Point", "coordinates": [ 483417.336105463735294, 991407.780925765866414 ] } },
{ "type": "Feature", "properties": { "population_density": 1582.2352 }, "geometry": { "type": "Point", "coordinates": [ 482917.336105463735294, 991407.780925765866414 ] } },
{ "type": "Feature", "properties": { "population_density": 206.68776 }, "geometry": { "type": "Point", "coordinates": [ 483417.336105463735294, 991907.780925765866414 ] } },
{ "type": "Feature", "properties": { "population_density": 2713.7117 }, "geometry": { "type": "Point", "coordinates": [ 482417.336105463735294, 991907.780925765866414 ] } },
{ "type": "Feature", "properties": { "population_density": 2519.6013 }, "geometry": { "type": "Point", "coordinates": [ 482917.336105463735294, 991907.780925765866414 ] } },
{ "type": "Feature", "properties": { "population_density": 126.40677 }, "geometry": { "type": "Point", "coordinates": [ 483417.336105463735294, 992407.780925765866414 ] } },
{ "type": "Feature", "properties": { "population_density": 842.65808 }, "geometry": { "type": "Point", "coordinates": [ 482917.336105463735294, 992407.780925765866414 ] } },
{ "type": "Feature", "properties": { "population_density": 4993.6104 }, "geometry": { "type": "Point", "coordinates": [ 479917.336105463735294, 990907.780925765866414 ] } },
{ "type": "Feature", "properties": { "population_density": 4326.1528 }, "geometry": { "type": "Point", "coordinates": [ 479917.336105463735294, 991407.780925765866414 ] } },
{ "type": "Feature", "properties": { "population_density": 579.88641 }, "geometry": { "type": "Point", "coordinates": [ 479417.336105463735294, 991407.780925765866414 ] } },
{ "type": "Feature", "properties": { "population_density": 1981.9821 }, "geometry": { "type": "Point", "coordinates": [ 480417.336105463735294, 991907.780925765866414 ] } },
{ "type": "Feature", "properties": { "population_density": 1655.3876 }, "geometry": { "type": "Point", "coordinates": [ 479917.336105463735294, 991907.780925765866414 ] } },
{ "type": "Feature", "properties": { "population_density": 81.031258 }, "geometry": { "type": "Point", "coordinates": [ 479417.336105463735294, 991907.780925765866414 ] } },
{ "type": "Feature", "properties": { "population_density": 93.639336 }, "geometry": { "type": "Point", "coordinates": [ 479917.336105463735294, 992407.780925765866414 ] } },
{ "type": "Feature", "properties": { "population_density": 23.451366 }, "geometry": { "type": "Point", "coordinates": [ 479417.336105463735294, 992407.780925765866414 ] } },
{ "type": "Feature", "properties": { "population_density": 2607.8298 }, "geometry": { "type": "Point", "coordinates": [ 480417.336105463735294, 992407.780925765866414 ] } },
{ "type": "Feature", "properties": { "population_density": 1511.6714 }, "geometry": { "type": "Point", "coordinates": [ 480417.336105463735294, 992907.780925765866414 ] } },
{ "type": "Feature", "properties": { "population_density": 0.0 }, "geometry": { "type": "Point", "coordinates": [ 481917.336105463735294, 991407.780925765866414 ] } },
{ "type": "Feature", "properties": { "population_density": 920.62677 }, "geometry": { "type": "Point", "coordinates": [ 481417.336105463735294, 991407.780925765866414 ] } },
{ "type": "Feature", "properties": { "population_density": 2840.7 }, "geometry": { "type": "Point", "coordinates": [ 480417.336105463735294, 991407.780925765866414 ] } },
{ "type": "Feature", "properties": { "population_density": 4292.0869 }, "geometry": { "type": "Point", "coordinates": [ 480917.336105463735294, 991907.780925765866414 ] } },
{ "type": "Feature", "properties": { "population_density": 486.38495 }, "geometry": { "type": "Point", "coordinates": [ 481917.336105463735294, 991907.780925765866414 ] } },
{ "type": "Feature", "properties": { "population_density": 1510.6349 }, "geometry": { "type": "Point", "coordinates": [ 481417.336105463735294, 991907.780925765866414 ] } },
{ "type": "Feature", "properties": { "population_density": 537.73724 }, "geometry": { "type": "Point", "coordinates": [ 481917.336105463735294, 992407.780925765866414 ] } },
{ "type": "Feature", "properties": { "population_density": 837.01117 }, "geometry": { "type": "Point", "coordinates": [ 481417.336105463735294, 992407.780925765866414 ] } },
{ "type": "Feature", "properties": { "population_density": 3263.6396 }, "geometry": { "type": "Point", "coordinates": [ 480917.336105463735294, 992407.780925765866414 ] } },
{ "type": "Feature", "properties": { "population_density": 15104.338 }, "geometry": { "type": "Point", "coordinates": [ 480917.336105463735294, 992907.780925765866414 ] } },
{ "type": "Feature", "properties": { "population_density": 0.0 }, "geometry": { "type": "Point", "coordinates": [ 484917.336105463735294, 992407.780925765866414 ] } },
{ "type": "Feature", "properties": { "population_density": 1441.9142 }, "geometry": { "type": "Point", "coordinates": [ 483917.336105463735294, 992407.780925765866414 ] } },
{ "type": "Feature", "properties": { "population_density": 2100.332 }, "geometry": { "type": "Point", "coordinates": [ 484417.336105463735294, 992407.780925765866414 ] } },
{ "type": "Feature", "properties": { "population_density": 4767.3657 }, "geometry": { "type": "Point", "coordinates": [ 484917.336105463735294, 992907.780925765866414 ] } },
{ "type": "Feature", "properties": { "population_density": 3799.3262 }, "geometry": { "type": "Point", "coordinates": [ 484417.336105463735294, 992907.780925765866414 ] } },
{ "type": "Feature", "properties": { "population_density": 8333.7041 }, "geometry": { "type": "Point", "coordinates": [ 483417.336105463735294, 992907.780925765866414 ] } },
{ "type": "Feature", "properties": { "population_density": 12480.95 }, "geometry": { "type": "Point", "coordinates": [ 483917.336105463735294, 992907.780925765866414 ] } },
{ "type": "Feature", "properties": { "population_density": 5994.397 }, "geometry": { "type": "Point", "coordinates": [ 484417.336105463735294, 993407.780925765866414 ] } },
{ "type": "Feature", "properties": { "population_density": 2526.1582 }, "geometry": { "type": "Point", "coordinates": [ 483917.336105463735294, 993407.780925765866414 ] } },
{ "type": "Feature", "properties": { "population_density": 4296.1851 }, "geometry": { "type": "Point", "coordinates": [ 484917.336105463735294, 993407.780925765866414 ] } },
{ "type": "Feature", "properties": { "population_density": 2807.6689 }, "geometry": { "type": "Point", "coordinates": [ 482417.336105463735294, 992407.780925765866414 ] } },
{ "type": "Feature", "properties": { "population_density": 1848.8396 }, "geometry": { "type": "Point", "coordinates": [ 481917.336105463735294, 992907.780925765866414 ] } },
{ "type": "Feature", "properties": { "population_density": 2427.0083 }, "geometry": { "type": "Point", "coordinates": [ 482917.336105463735294, 992907.780925765866414 ] } },
{ "type": "Feature", "properties": { "population_density": 13072.345 }, "geometry": { "type": "Point", "coordinates": [ 482417.336105463735294, 992907.780925765866414 ] } },
{ "type": "Feature", "properties": { "population_density": 13787.29 }, "geometry": { "type": "Point", "coordinates": [ 483417.336105463735294, 993407.780925765866414 ] } },
{ "type": "Feature", "properties": { "population_density": 3730.6304 }, "geometry": { "type": "Point", "coordinates": [ 482917.336105463735294, 993407.780925765866414 ] } },
{ "type": "Feature", "properties": { "population_density": 6119.4473 }, "geometry": { "type": "Point", "coordinates": [ 482417.336105463735294, 993407.780925765866414 ] } },
{ "type": "Feature", "properties": { "population_density": 15081.848 }, "geometry": { "type": "Point", "coordinates": [ 482917.336105463735294, 993907.780925765866414 ] } },
{ "type": "Feature", "properties": { "population_density": 9494.9111 }, "geometry": { "type": "Point", "coordinates": [ 482417.336105463735294, 993907.780925765866414 ] } },
{ "type": "Feature", "properties": { "population_density": 13212.215 }, "geometry": { "type": "Point", "coordinates": [ 482917.336105463735294, 994407.780925765866414 ] } },
{ "type": "Feature", "properties": { "population_density": 248.19301 }, "geometry": { "type": "Point", "coordinates": [ 479917.336105463735294, 992907.780925765866414 ] } },
{ "type": "Feature", "properties": { "population_density": 0.0 }, "geometry": { "type": "Point", "coordinates": [ 479417.336105463735294, 992907.780925765866414 ] } },
{ "type": "Feature", "properties": { "population_density": 9005.0078 }, "geometry": { "type": "Point", "coordinates": [ 479917.336105463735294, 993407.780925765866414 ] } },
{ "type": "Feature", "properties": { "population_density": 882.11658 }, "geometry": { "type": "Point", "coordinates": [ 479417.336105463735294, 993407.780925765866414 ] } },
{ "type": "Feature", "properties": { "population_density": 19939.092 }, "geometry": { "type": "Point", "coordinates": [ 480417.336105463735294, 993407.780925765866414 ] } },
{ "type": "Feature", "properties": { "population_density": 12182.528 }, "geometry": { "type": "Point", "coordinates": [ 480417.336105463735294, 993907.780925765866414 ] } },
{ "type": "Feature", "properties": { "population_density": 10718.134 }, "geometry": { "type": "Point", "coordinates": [ 479917.336105463735294, 993907.780925765866414 ] } },
{ "type": "Feature", "properties": { "population_density": 21774.887 }, "geometry": { "type": "Point", "coordinates": [ 479417.336105463735294, 993907.780925765866414 ] } },
{ "type": "Feature", "properties": { "population_density": 23119.717 }, "geometry": { "type": "Point", "coordinates": [ 479417.336105463735294, 994407.780925765866414 ] } },
{ "type": "Feature", "properties": { "population_density": 23261.146 }, "geometry": { "type": "Point", "coordinates": [ 480417.336105463735294, 994407.780925765866414 ] } },
{ "type": "Feature", "properties": { "population_density": 1234.5225 }, "geometry": { "type": "Point", "coordinates": [ 481417.336105463735294, 992907.780925765866414 ] } },
{ "type": "Feature", "properties": { "population_density": 21620.873 }, "geometry": { "type": "Point", "coordinates": [ 481417.336105463735294, 993407.780925765866414 ] } },
{ "type": "Feature", "properties": { "population_density": 2826.9436 }, "geometry": { "type": "Point", "coordinates": [ 480917.336105463735294, 993407.780925765866414 ] } },
{ "type": "Feature", "properties": { "population_density": 19020.316 }, "geometry": { "type": "Point", "coordinates": [ 481917.336105463735294, 993407.780925765866414 ] } },
{ "type": "Feature", "properties": { "population_density": 23480.717 }, "geometry": { "type": "Point", "coordinates": [ 480917.336105463735294, 993907.780925765866414 ] } },
{ "type": "Feature", "properties": { "population_density": 20770.807 }, "geometry": { "type": "Point", "coordinates": [ 481417.336105463735294, 993907.780925765866414 ] } },
{ "type": "Feature", "properties": { "population_density": 9507.3379 }, "geometry": { "type": "Point", "coordinates": [ 481917.336105463735294, 993907.780925765866414 ] } },
{ "type": "Feature", "properties": { "population_density": 22015.225 }, "geometry": { "type": "Point", "coordinates": [ 480917.336105463735294, 994407.780925765866414 ] } },
{ "type": "Feature", "properties": { "population_density": 21442.717 }, "geometry": { "type": "Point", "coordinates": [ 481417.336105463735294, 994407.780925765866414 ] } },
{ "type": "Feature", "properties": { "population_density": 20277.045 }, "geometry": { "type": "Point", "coordinates": [ 481917.336105463735294, 994407.780925765866414 ] } },
{ "type": "Feature", "properties": { "population_density": 12025.466 }, "geometry": { "type": "Point", "coordinates": [ 483917.336105463735294, 993907.780925765866414 ] } },
{ "type": "Feature", "properties": { "population_density": 8306.4375 }, "geometry": { "type": "Point", "coordinates": [ 484417.336105463735294, 993907.780925765866414 ] } },
{ "type": "Feature", "properties": { "population_density": 16138.623 }, "geometry": { "type": "Point", "coordinates": [ 483417.336105463735294, 993907.780925765866414 ] } },
{ "type": "Feature", "properties": { "population_density": 1647.6489 }, "geometry": { "type": "Point", "coordinates": [ 484917.336105463735294, 993907.780925765866414 ] } },
{ "type": "Feature", "properties": { "population_density": 3908.5112 }, "geometry": { "type": "Point", "coordinates": [ 484917.336105463735294, 994407.780925765866414 ] } },
{ "type": "Feature", "properties": { "population_density": 9711.9287 }, "geometry": { "type": "Point", "coordinates": [ 484417.336105463735294, 994407.780925765866414 ] } },
{ "type": "Feature", "properties": { "population_density": 3649.8013 }, "geometry": { "type": "Point", "coordinates": [ 483917.336105463735294, 994407.780925765866414 ] } },
{ "type": "Feature", "properties": { "population_density": 9416.6279 }, "geometry": { "type": "Point", "coordinates": [ 483417.336105463735294, 994907.780925765866414 ] } },
{ "type": "Feature", "properties": { "population_density": 3718.2395 }, "geometry": { "type": "Point", "coordinates": [ 484417.336105463735294, 994907.780925765866414 ] } },
{ "type": "Feature", "properties": { "population_density": 8663.248 }, "geometry": { "type": "Point", "coordinates": [ 483917.336105463735294, 994907.780925765866414 ] } },
{ "type": "Feature", "properties": { "population_density": 16365.852 }, "geometry": { "type": "Point", "coordinates": [ 483417.336105463735294, 994407.780925765866414 ] } },
{ "type": "Feature", "properties": { "population_density": 13261.187 }, "geometry": { "type": "Point", "coordinates": [ 482417.336105463735294, 994407.780925765866414 ] } },
{ "type": "Feature", "properties": { "population_density": 13891.377 }, "geometry": { "type": "Point", "coordinates": [ 482417.336105463735294, 994907.780925765866414 ] } },
{ "type": "Feature", "properties": { "population_density": 21656.922 }, "geometry": { "type": "Point", "coordinates": [ 482917.336105463735294, 994907.780925765866414 ] } },
{ "type": "Feature", "properties": { "population_density": 22546.186 }, "geometry": { "type": "Point", "coordinates": [ 483417.336105463735294, 995407.780925765866414 ] } },
{ "type": "Feature", "properties": { "population_density": 19778.025 }, "geometry": { "type": "Point", "coordinates": [ 482917.336105463735294, 995407.780925765866414 ] } },
{ "type": "Feature", "properties": { "population_density": 5453.6372 }, "geometry": { "type": "Point", "coordinates": [ 482417.336105463735294, 995407.780925765866414 ] } },
{ "type": "Feature", "properties": { "population_density": 7236.8081 }, "geometry": { "type": "Point", "coordinates": [ 481917.336105463735294, 995407.780925765866414 ] } },
{ "type": "Feature", "properties": { "population_density": 6686.3232 }, "geometry": { "type": "Point", "coordinates": [ 482917.336105463735294, 995907.780925765866414 ] } },
{ "type": "Feature", "properties": { "population_density": 21931.592 }, "geometry": { "type": "Point", "coordinates": [ 482417.336105463735294, 995907.780925765866414 ] } },
{ "type": "Feature", "properties": { "population_density": 134.0257 }, "geometry": { "type": "Point", "coordinates": [ 473417.336105463735294, 978907.780925765866414 ] } },
{ "type": "Feature", "properties": { "population_density": 234.79472 }, "geometry": { "type": "Point", "coordinates": [ 474417.336105463735294, 978907.780925765866414 ] } },
{ "type": "Feature", "properties": { "population_density": 0.0 }, "geometry": { "type": "Point", "coordinates": [ 473917.336105463735294, 978907.780925765866414 ] } },
{ "type": "Feature", "properties": { "population_density": 19.312143 }, "geometry": { "type": "Point", "coordinates": [ 474417.336105463735294, 979407.780925765866414 ] } },
{ "type": "Feature", "properties": { "population_density": 399.64841 }, "geometry": { "type": "Point", "coordinates": [ 472417.336105463735294, 979907.780925765866414 ] } },
{ "type": "Feature", "properties": { "population_density": 0.0 }, "geometry": { "type": "Point", "coordinates": [ 472417.336105463735294, 980407.780925765866414 ] } },
{ "type": "Feature", "properties": { "population_density": 0.0 }, "geometry": { "type": "Point", "coordinates": [ 473417.336105463735294, 979407.780925765866414 ] } },
{ "type": "Feature", "properties": { "population_density": 308.99371 }, "geometry": { "type": "Point", "coordinates": [ 473917.336105463735294, 979407.780925765866414 ] } },
{ "type": "Feature", "properties": { "population_density": 115.9109 }, "geometry": { "type": "Point", "coordinates": [ 473917.336105463735294, 979907.780925765866414 ] } },
{ "type": "Feature", "properties": { "population_density": 2348.4761 }, "geometry": { "type": "Point", "coordinates": [ 473417.336105463735294, 979907.780925765866414 ] } },
{ "type": "Feature", "properties": { "population_density": 394.97052 }, "geometry": { "type": "Point", "coordinates": [ 472917.336105463735294, 979907.780925765866414 ] } },
{ "type": "Feature", "properties": { "population_density": 119.38657 }, "geometry": { "type": "Point", "coordinates": [ 473917.336105463735294, 980407.780925765866414 ] } },
{ "type": "Feature", "properties": { "population_density": 791.26587 }, "geometry": { "type": "Point", "coordinates": [ 473417.336105463735294, 980407.780925765866414 ] } },
{ "type": "Feature", "properties": { "population_density": 1085.8943 }, "geometry": { "type": "Point", "coordinates": [ 472917.336105463735294, 980407.780925765866414 ] } },
{ "type": "Feature", "properties": { "population_density": 2601.426 }, "geometry": { "type": "Point", "coordinates": [ 473917.336105463735294, 980907.780925765866414 ] } },
{ "type": "Feature", "properties": { "population_density": 311.42169 }, "geometry": { "type": "Point", "coordinates": [ 475417.336105463735294, 979407.780925765866414 ] } },
{ "type": "Feature", "properties": { "population_density": 0.0 }, "geometry": { "type": "Point", "coordinates": [ 474917.336105463735294, 979407.780925765866414 ] } },
{ "type": "Feature", "properties": { "population_density": 373.8688 }, "geometry": { "type": "Point", "coordinates": [ 474417.336105463735294, 979907.780925765866414 ] } },
{ "type": "Feature", "properties": { "population_density": 0.0 }, "geometry": { "type": "Point", "coordinates": [ 475417.336105463735294, 979907.780925765866414 ] } },
{ "type": "Feature", "properties": { "population_density": 719.9444 }, "geometry": { "type": "Point", "coordinates": [ 474917.336105463735294, 979907.780925765866414 ] } },
{ "type": "Feature", "properties": { "population_density": 537.22101 }, "geometry": { "type": "Point", "coordinates": [ 474417.336105463735294, 980407.780925765866414 ] } },
{ "type": "Feature", "properties": { "population_density": 0.0 }, "geometry": { "type": "Point", "coordinates": [ 475417.336105463735294, 980407.780925765866414 ] } },
{ "type": "Feature", "properties": { "population_density": 6620.5757 }, "geometry": { "type": "Point", "coordinates": [ 474917.336105463735294, 980407.780925765866414 ] } },
{ "type": "Feature", "properties": { "population_density": 2345.3125 }, "geometry": { "type": "Point", "coordinates": [ 475417.336105463735294, 980907.780925765866414 ] } },
{ "type": "Feature", "properties": { "population_density": 7321.6011 }, "geometry": { "type": "Point", "coordinates": [ 474417.336105463735294, 980907.780925765866414 ] } },
{ "type": "Feature", "properties": { "population_density": 0.0 }, "geometry": { "type": "Point", "coordinates": [ 472417.336105463735294, 980907.780925765866414 ] } },
{ "type": "Feature", "properties": { "population_density": 0.0 }, "geometry": { "type": "Point", "coordinates": [ 472417.336105463735294, 981407.780925765866414 ] } },
{ "type": "Feature", "properties": { "population_density": 0.0 }, "geometry": { "type": "Point", "coordinates": [ 472417.336105463735294, 981907.780925765866414 ] } },
{ "type": "Feature", "properties": { "population_density": 27.02693 }, "geometry": { "type": "Point", "coordinates": [ 469417.336105463735294, 985907.780925765866414 ] } },
{ "type": "Feature", "properties": { "population_density": 1180.8914 }, "geometry": { "type": "Point", "coordinates": [ 468917.336105463735294, 986407.780925765866414 ] } },
{ "type": "Feature", "properties": { "population_density": 1921.744 }, "geometry": { "type": "Point", "coordinates": [ 468417.336105463735294, 986407.780925765866414 ] } },
{ "type": "Feature", "properties": { "population_density": 3437.0928 }, "geometry": { "type": "Point", "coordinates": [ 469417.336105463735294, 986407.780925765866414 ] } },
{ "type": "Feature", "properties": { "population_density": 319.27618 }, "geometry": { "type": "Point", "coordinates": [ 468417.336105463735294, 986907.780925765866414 ] } },
{ "type": "Feature", "properties": { "population_density": 1452.7673 }, "geometry": { "type": "Point", "coordinates": [ 467917.336105463735294, 986407.780925765866414 ] } },
{ "type": "Feature", "properties": { "population_density": 49.564262 }, "geometry": { "type": "Point", "coordinates": [ 473417.336105463735294, 980907.780925765866414 ] } },
{ "type": "Feature", "properties": { "population_density": 3692.3633 }, "geometry": { "type": "Point", "coordinates": [ 472917.336105463735294, 980907.780925765866414 ] } },
{ "type": "Feature", "properties": { "population_density": 7846.8691 }, "geometry": { "type": "Point", "coordinates": [ 473917.336105463735294, 981407.780925765866414 ] } },
{ "type": "Feature", "properties": { "population_density": 0.0 }, "geometry": { "type": "Point", "coordinates": [ 472917.336105463735294, 981407.780925765866414 ] } },
{ "type": "Feature", "properties": { "population_density": 63.969604 }, "geometry": { "type": "Point", "coordinates": [ 473417.336105463735294, 981407.780925765866414 ] } },
{ "type": "Feature", "properties": { "population_density": 1540.8368 }, "geometry": { "type": "Point", "coordinates": [ 472917.336105463735294, 981907.780925765866414 ] } },
{ "type": "Feature", "properties": { "population_density": 2415.2773 }, "geometry": { "type": "Point", "coordinates": [ 473417.336105463735294, 981907.780925765866414 ] } },
{ "type": "Feature", "properties": { "population_density": 9541.8457 }, "geometry": { "type": "Point", "coordinates": [ 473917.336105463735294, 981907.780925765866414 ] } },
{ "type": "Feature", "properties": { "population_density": 165.81653 }, "geometry": { "type": "Point", "coordinates": [ 472417.336105463735294, 982407.780925765866414 ] } },
{ "type": "Feature", "properties": { "population_density": 6653.9238 }, "geometry": { "type": "Point", "coordinates": [ 472917.336105463735294, 982407.780925765866414 ] } },
{ "type": "Feature", "properties": { "population_density": 7398.5229 }, "geometry": { "type": "Point", "coordinates": [ 474917.336105463735294, 980907.780925765866414 ] } },
{ "type": "Feature", "properties": { "population_density": 8081.8291 }, "geometry": { "type": "Point", "coordinates": [ 474417.336105463735294, 981407.780925765866414 ] } },
{ "type": "Feature", "properties": { "population_density": 18980.627 }, "geometry": { "type": "Point", "coordinates": [ 475417.336105463735294, 981407.780925765866414 ] } },
{ "type": "Feature", "properties": { "population_density": 7477.6724 }, "geometry": { "type": "Point", "coordinates": [ 474917.336105463735294, 981407.780925765866414 ] } },
{ "type": "Feature", "properties": { "population_density": 13398.176 }, "geometry": { "type": "Point", "coordinates": [ 474417.336105463735294, 981907.780925765866414 ] } },
{ "type": "Feature", "properties": { "population_density": 17334.312 }, "geometry": { "type": "Point", "coordinates": [ 474917.336105463735294, 981907.780925765866414 ] } },
{ "type": "Feature", "properties": { "population_density": 22279.43 }, "geometry": { "type": "Point", "coordinates": [ 475417.336105463735294, 981907.780925765866414 ] } },
{ "type": "Feature", "properties": { "population_density": 15527.267 }, "geometry": { "type": "Point", "coordinates": [ 474417.336105463735294, 982407.780925765866414 ] } },
{ "type": "Feature", "properties": { "population_density": 14330.531 }, "geometry": { "type": "Point", "coordinates": [ 474917.336105463735294, 982407.780925765866414 ] } },
{ "type": "Feature", "properties": { "population_density": 13349.507 }, "geometry": { "type": "Point", "coordinates": [ 475417.336105463735294, 982407.780925765866414 ] } },
{ "type": "Feature", "properties": { "population_density": 13801.066 }, "geometry": { "type": "Point", "coordinates": [ 473417.336105463735294, 982407.780925765866414 ] } },
{ "type": "Feature", "properties": { "population_density": 4938.2808 }, "geometry": { "type": "Point", "coordinates": [ 473917.336105463735294, 982407.780925765866414 ] } },
{ "type": "Feature", "properties": { "population_density": 3525.9331 }, "geometry": { "type": "Point", "coordinates": [ 473417.336105463735294, 982907.780925765866414 ] } },
{ "type": "Feature", "properties": { "population_density": 13448.241 }, "geometry": { "type": "Point", "coordinates": [ 473917.336105463735294, 982907.780925765866414 ] } },
{ "type": "Feature", "properties": { "population_density": 2393.0059 }, "geometry": { "type": "Point", "coordinates": [ 472917.336105463735294, 982907.780925765866414 ] } },
{ "type": "Feature", "properties": { "population_density": 3131.4431 }, "geometry": { "type": "Point", "coordinates": [ 473417.336105463735294, 983407.780925765866414 ] } },
{ "type": "Feature", "properties": { "population_density": 4186.4932 }, "geometry": { "type": "Point", "coordinates": [ 473917.336105463735294, 983407.780925765866414 ] } },
{ "type": "Feature", "properties": { "population_density": 342.78821 }, "geometry": { "type": "Point", "coordinates": [ 472917.336105463735294, 983407.780925765866414 ] } },
{ "type": "Feature", "properties": { "population_density": 6257.5391 }, "geometry": { "type": "Point", "coordinates": [ 473417.336105463735294, 983907.780925765866414 ] } },
{ "type": "Feature", "properties": { "population_density": 16932.373 }, "geometry": { "type": "Point", "coordinates": [ 473917.336105463735294, 983907.780925765866414 ] } },
{ "type": "Feature", "properties": { "population_density": 2891.2019 }, "geometry": { "type": "Point", "coordinates": [ 470917.336105463735294, 984407.780925765866414 ] } },
{ "type": "Feature", "properties": { "population_density": 441.27463 }, "geometry": { "type": "Point", "coordinates": [ 472417.336105463735294, 982907.780925765866414 ] } },
{ "type": "Feature", "properties": { "population_density": 2399.8333 }, "geometry": { "type": "Point", "coordinates": [ 472417.336105463735294, 983407.780925765866414 ] } },
{ "type": "Feature", "properties": { "population_density": 1862.9218 }, "geometry": { "type": "Point", "coordinates": [ 471917.336105463735294, 983407.780925765866414 ] } },
{ "type": "Feature", "properties": { "population_density": 13186.914 }, "geometry": { "type": "Point", "coordinates": [ 472417.336105463735294, 983907.780925765866414 ] } },
{ "type": "Feature", "properties": { "population_density": 1357.5172 }, "geometry": { "type": "Point", "coordinates": [ 471917.336105463735294, 983907.780925765866414 ] } },
{ "type": "Feature", "properties": { "population_density": 1380.3019 }, "geometry": { "type": "Point", "coordinates": [ 472417.336105463735294, 984407.780925765866414 ] } },
{ "type": "Feature", "properties": { "population_density": 4343.0581 }, "geometry": { "type": "Point", "coordinates": [ 474417.336105463735294, 982907.780925765866414 ] } },
{ "type": "Feature", "properties": { "population_density": 7860.6152 }, "geometry": { "type": "Point", "coordinates": [ 474917.336105463735294, 982907.780925765866414 ] } },
{ "type": "Feature", "properties": { "population_density": 18542.588 }, "geometry": { "type": "Point", "coordinates": [ 475417.336105463735294, 982907.780925765866414 ] } },
{ "type": "Feature", "properties": { "population_density": 21739.293 }, "geometry": { "type": "Point", "coordinates": [ 475417.336105463735294, 983407.780925765866414 ] } },
{ "type": "Feature", "properties": { "population_density": 4757.3433 }, "geometry": { "type": "Point", "coordinates": [ 474417.336105463735294, 983407.780925765866414 ] } },
{ "type": "Feature", "properties": { "population_density": 16127.2 }, "geometry": { "type": "Point", "coordinates": [ 474917.336105463735294, 983407.780925765866414 ] } },
{ "type": "Feature", "properties": { "population_density": 17658.773 }, "geometry": { "type": "Point", "coordinates": [ 474417.336105463735294, 983907.780925765866414 ] } },
{ "type": "Feature", "properties": { "population_density": 11301.203 }, "geometry": { "type": "Point", "coordinates": [ 474917.336105463735294, 983907.780925765866414 ] } },
{ "type": "Feature", "properties": { "population_density": 2104.5867 }, "geometry": { "type": "Point", "coordinates": [ 475417.336105463735294, 983907.780925765866414 ] } },
{ "type": "Feature", "properties": { "population_density": 10162.936 }, "geometry": { "type": "Point", "coordinates": [ 474417.336105463735294, 984407.780925765866414 ] } },
{ "type": "Feature", "properties": { "population_density": 3585.6052 }, "geometry": { "type": "Point", "coordinates": [ 472917.336105463735294, 983907.780925765866414 ] } },
{ "type": "Feature", "properties": { "population_density": 4528.4897 }, "geometry": { "type": "Point", "coordinates": [ 473417.336105463735294, 984407.780925765866414 ] } },
{ "type": "Feature", "properties": { "population_density": 13388.63 }, "geometry": { "type": "Point", "coordinates": [ 473917.336105463735294, 984407.780925765866414 ] } },
{ "type": "Feature", "properties": { "population_density": 2433.5056 }, "geometry": { "type": "Point", "coordinates": [ 472917.336105463735294, 984407.780925765866414 ] } },
{ "type": "Feature", "properties": { "population_density": 10814.802 }, "geometry": { "type": "Point", "coordinates": [ 473917.336105463735294, 984907.780925765866414 ] } },
{ "type": "Feature", "properties": { "population_density": 6353.708 }, "geometry": { "type": "Point", "coordinates": [ 472917.336105463735294, 984907.780925765866414 ] } },
{ "type": "Feature", "properties": { "population_density": 1930.0485 }, "geometry": { "type": "Point", "coordinates": [ 473417.336105463735294, 984907.780925765866414 ] } },
{ "type": "Feature", "properties": { "population_density": 9566.7637 }, "geometry": { "type": "Point", "coordinates": [ 473917.336105463735294, 985407.780925765866414 ] } },
{ "type": "Feature", "properties": { "population_density": 13075.484 }, "geometry": { "type": "Point", "coordinates": [ 473417.336105463735294, 985407.780925765866414 ] } },
{ "type": "Feature", "properties": { "population_density": 1102.8052 }, "geometry": { "type": "Point", "coordinates": [ 472917.336105463735294, 985407.780925765866414 ] } },
{ "type": "Feature", "properties": { "population_density": 417.29245 }, "geometry": { "type": "Point", "coordinates": [ 471917.336105463735294, 984407.780925765866414 ] } },
{ "type": "Feature", "properties": { "population_density": 3468.6562 }, "geometry": { "type": "Point", "coordinates": [ 471417.336105463735294, 984407.780925765866414 ] } },
{ "type": "Feature", "properties": { "population_density": 2448.5029 }, "geometry": { "type": "Point", "coordinates": [ 471417.336105463735294, 984907.780925765866414 ] } },
{ "type": "Feature", "properties": { "population_density": 5041.0571 }, "geometry": { "type": "Point", "coordinates": [ 472417.336105463735294, 984907.780925765866414 ] } },
{ "type": "Feature", "properties": { "population_density": 4560.1562 }, "geometry": { "type": "Point", "coordinates": [ 471917.336105463735294, 984907.780925765866414 ] } },
{ "type": "Feature", "properties": { "population_density": 660.9649 }, "geometry": { "type": "Point", "coordinates": [ 472417.336105463735294, 985407.780925765866414 ] } },
{ "type": "Feature", "properties": { "population_density": 3104.99 }, "geometry": { "type": "Point", "coordinates": [ 471417.336105463735294, 985407.780925765866414 ] } },
{ "type": "Feature", "properties": { "population_density": 6708.5225 }, "geometry": { "type": "Point", "coordinates": [ 471917.336105463735294, 985407.780925765866414 ] } },
{ "type": "Feature", "properties": { "population_density": 9928.8594 }, "geometry": { "type": "Point", "coordinates": [ 472417.336105463735294, 985907.780925765866414 ] } },
{ "type": "Feature", "properties": { "population_density": 13091.722 }, "geometry": { "type": "Point", "coordinates": [ 471417.336105463735294, 985907.780925765866414 ] } },
{ "type": "Feature", "properties": { "population_density": 1077.2678 }, "geometry": { "type": "Point", "coordinates": [ 470417.336105463735294, 984907.780925765866414 ] } },
{ "type": "Feature", "properties": { "population_density": 2297.3994 }, "geometry": { "type": "Point", "coordinates": [ 470917.336105463735294, 984907.780925765866414 ] } },
{ "type": "Feature", "properties": { "population_density": 8002.686 }, "geometry": { "type": "Point", "coordinates": [ 470417.336105463735294, 985407.780925765866414 ] } },
{ "type": "Feature", "properties": { "population_density": 2520.7341 }, "geometry": { "type": "Point", "coordinates": [ 470917.336105463735294, 985407.780925765866414 ] } },
{ "type": "Feature", "properties": { "population_density": 67.742447 }, "geometry": { "type": "Point", "coordinates": [ 469917.336105463735294, 985407.780925765866414 ] } },
{ "type": "Feature", "properties": { "population_density": 4516.2734 }, "geometry": { "type": "Point", "coordinates": [ 469917.336105463735294, 985907.780925765866414 ] } },
{ "type": "Feature", "properties": { "population_density": 12466.163 }, "geometry": { "type": "Point", "coordinates": [ 470917.336105463735294, 985907.780925765866414 ] } },
{ "type": "Feature", "properties": { "population_density": 16236.175 }, "geometry": { "type": "Point", "coordinates": [ 474917.336105463735294, 984407.780925765866414 ] } },
{ "type": "Feature", "properties": { "population_density": 2364.262 }, "geometry": { "type": "Point", "coordinates": [ 475417.336105463735294, 984407.780925765866414 ] } },
{ "type": "Feature", "properties": { "population_density": 7892.1084 }, "geometry": { "type": "Point", "coordinates": [ 474917.336105463735294, 984907.780925765866414 ] } },
{ "type": "Feature", "properties": { "population_density": 7435.2925 }, "geometry": { "type": "Point", "coordinates": [ 475417.336105463735294, 984907.780925765866414 ] } },
{ "type": "Feature", "properties": { "population_density": 18208.951 }, "geometry": { "type": "Point", "coordinates": [ 474417.336105463735294, 984907.780925765866414 ] } },
{ "type": "Feature", "properties": { "population_density": 18804.898 }, "geometry": { "type": "Point", "coordinates": [ 474417.336105463735294, 985407.780925765866414 ] } },
{ "type": "Feature", "properties": { "population_density": 2933.1936 }, "geometry": { "type": "Point", "coordinates": [ 474917.336105463735294, 985407.780925765866414 ] } },
{ "type": "Feature", "properties": { "population_density": 5296.9985 }, "geometry": { "type": "Point", "coordinates": [ 475417.336105463735294, 985407.780925765866414 ] } },
{ "type": "Feature", "properties": { "population_density": 5706.1494 }, "geometry": { "type": "Point", "coordinates": [ 474917.336105463735294, 985907.780925765866414 ] } },
{ "type": "Feature", "properties": { "population_density": 10437.818 }, "geometry": { "type": "Point", "coordinates": [ 474417.336105463735294, 985907.780925765866414 ] } },
{ "type": "Feature", "properties": { "population_density": 16009.708 }, "geometry": { "type": "Point", "coordinates": [ 464417.336105463735294, 990407.780925765866414 ] } },
{ "type": "Feature", "properties": { "population_density": 719.9364 }, "geometry": { "type": "Point", "coordinates": [ 462417.336105463735294, 990907.780925765866414 ] } },
{ "type": "Feature", "properties": { "population_density": 2001.8824 }, "geometry": { "type": "Point", "coordinates": [ 461917.336105463735294, 991407.780925765866414 ] } },
{ "type": "Feature", "properties": { "population_density": 1229.2046 }, "geometry": { "type": "Point", "coordinates": [ 461417.336105463735294, 991407.780925765866414 ] } },
{ "type": "Feature", "properties": { "population_density": 281.49841 }, "geometry": { "type": "Point", "coordinates": [ 460917.336105463735294, 991407.780925765866414 ] } },
{ "type": "Feature", "properties": { "population_density": 876.75629 }, "geometry": { "type": "Point", "coordinates": [ 460917.336105463735294, 991907.780925765866414 ] } },
{ "type": "Feature", "properties": { "population_density": 209.69196 }, "geometry": { "type": "Point", "coordinates": [ 467917.336105463735294, 986907.780925765866414 ] } },
{ "type": "Feature", "properties": { "population_density": 42.545368 }, "geometry": { "type": "Point", "coordinates": [ 467417.336105463735294, 986907.780925765866414 ] } },
{ "type": "Feature", "properties": { "population_density": 1195.5906 }, "geometry": { "type": "Point", "coordinates": [ 466917.336105463735294, 987407.780925765866414 ] } },
{ "type": "Feature", "properties": { "population_density": 1438.0068 }, "geometry": { "type": "Point", "coordinates": [ 467417.336105463735294, 987407.780925765866414 ] } },
{ "type": "Feature", "properties": { "population_density": 466.70468 }, "geometry": { "type": "Point", "coordinates": [ 467417.336105463735294, 987907.780925765866414 ] } },
{ "type": "Feature", "properties": { "population_density": 4355.6343 }, "geometry": { "type": "Point", "coordinates": [ 466917.336105463735294, 987907.780925765866414 ] } },
{ "type": "Feature", "properties": { "population_density": 4558.1592 }, "geometry": { "type": "Point", "coordinates": [ 467917.336105463735294, 987907.780925765866414 ] } },
{ "type": "Feature", "properties": { "population_density": 8868.9688 }, "geometry": { "type": "Point", "coordinates": [ 466917.336105463735294, 988407.780925765866414 ] } },
{ "type": "Feature", "properties": { "population_density": 76.139984 }, "geometry": { "type": "Point", "coordinates": [ 467417.336105463735294, 988407.780925765866414 ] } },
{ "type": "Feature", "properties": { "population_density": 4018.3198 }, "geometry": { "type": "Point", "coordinates": [ 469417.336105463735294, 986907.780925765866414 ] } },
{ "type": "Feature", "properties": { "population_density": 1108.4158 }, "geometry": { "type": "Point", "coordinates": [ 468917.336105463735294, 986907.780925765866414 ] } },
{ "type": "Feature", "properties": { "population_density": 3923.6411 }, "geometry": { "type": "Point", "coordinates": [ 468417.336105463735294, 987407.780925765866414 ] } },
{ "type": "Feature", "properties": { "population_density": 2171.856 }, "geometry": { "type": "Point", "coordinates": [ 467917.336105463735294, 987407.780925765866414 ] } },
{ "type": "Feature", "properties": { "population_density": 2136.5669 }, "geometry": { "type": "Point", "coordinates": [ 468917.336105463735294, 987407.780925765866414 ] } },
{ "type": "Feature", "properties": { "population_density": 11.558256 }, "geometry": { "type": "Point", "coordinates": [ 468417.336105463735294, 987907.780925765866414 ] } },
{ "type": "Feature", "properties": { "population_density": 4044.1379 }, "geometry": { "type": "Point", "coordinates": [ 468917.336105463735294, 987907.780925765866414 ] } },
{ "type": "Feature", "properties": { "population_density": 5536.7842 }, "geometry": { "type": "Point", "coordinates": [ 468917.336105463735294, 988407.780925765866414 ] } },
{ "type": "Feature", "properties": { "population_density": 3709.5203 }, "geometry": { "type": "Point", "coordinates": [ 468417.336105463735294, 988407.780925765866414 ] } },
{ "type": "Feature", "properties": { "population_density": 6822.3438 }, "geometry": { "type": "Point", "coordinates": [ 467917.336105463735294, 988407.780925765866414 ] } },
{ "type": "Feature", "properties": { "population_density": 10482.253 }, "geometry": { "type": "Point", "coordinates": [ 469417.336105463735294, 987407.780925765866414 ] } },
{ "type": "Feature", "properties": { "population_density": 15937.378 }, "geometry": { "type": "Point", "coordinates": [ 469417.336105463735294, 987907.780925765866414 ] } },
{ "type": "Feature", "properties": { "population_density": 9763.8828 }, "geometry": { "type": "Point", "coordinates": [ 470417.336105463735294, 987907.780925765866414 ] } },
{ "type": "Feature", "properties": { "population_density": 12038.255 }, "geometry": { "type": "Point", "coordinates": [ 469917.336105463735294, 987907.780925765866414 ] } },
{ "type": "Feature", "properties": { "population_density": 3276.5278 }, "geometry": { "type": "Point", "coordinates": [ 470917.336105463735294, 987907.780925765866414 ] } },
{ "type": "Feature", "properties": { "population_density": 18550.133 }, "geometry": { "type": "Point", "coordinates": [ 469417.336105463735294, 988407.780925765866414 ] } },
{ "type": "Feature", "properties": { "population_density": 12690.226 }, "geometry": { "type": "Point", "coordinates": [ 470417.336105463735294, 988407.780925765866414 ] } },
{ "type": "Feature", "properties": { "population_density": 19520.25 }, "geometry": { "type": "Point", "coordinates": [ 469917.336105463735294, 988407.780925765866414 ] } },
{ "type": "Feature", "properties": { "population_density": 10139.508 }, "geometry": { "type": "Point", "coordinates": [ 470917.336105463735294, 988407.780925765866414 ] } },
{ "type": "Feature", "properties": { "population_density": 19776.795 }, "geometry": { "type": "Point", "coordinates": [ 469417.336105463735294, 988907.780925765866414 ] } },
{ "type": "Feature", "properties": { "population_density": 14553.221 }, "geometry": { "type": "Point", "coordinates": [ 465417.336105463735294, 988407.780925765866414 ] } },
{ "type": "Feature", "properties": { "population_density": 8174.6187 }, "geometry": { "type": "Point", "coordinates": [ 465917.336105463735294, 988407.780925765866414 ] } },
{ "type": "Feature", "properties": { "population_density": 18735.299 }, "geometry": { "type": "Point", "coordinates": [ 465917.336105463735294, 988907.780925765866414 ] } },
{ "type": "Feature", "properties": { "population_density": 13699.527 }, "geometry": { "type": "Point", "coordinates": [ 466417.336105463735294, 988907.780925765866414 ] } },
{ "type": "Feature", "properties": { "population_density": 14602.665 }, "geometry": { "type": "Point", "coordinates": [ 465417.336105463735294, 988907.780925765866414 ] } },
{ "type": "Feature", "properties": { "population_density": 21664.008 }, "geometry": { "type": "Point", "coordinates": [ 469917.336105463735294, 988907.780925765866414 ] } },
{ "type": "Feature", "properties": { "population_density": 4724.8809 }, "geometry": { "type": "Point", "coordinates": [ 470417.336105463735294, 988907.780925765866414 ] } },
{ "type": "Feature", "properties": { "population_density": 17375.262 }, "geometry": { "type": "Point", "coordinates": [ 470917.336105463735294, 988907.780925765866414 ] } },
{ "type": "Feature", "properties": { "population_density": 21887.277 }, "geometry": { "type": "Point", "coordinates": [ 469417.336105463735294, 989407.780925765866414 ] } },
{ "type": "Feature", "properties": { "population_density": 22901.176 }, "geometry": { "type": "Point", "coordinates": [ 470417.336105463735294, 989407.780925765866414 ] } },
{ "type": "Feature", "properties": { "population_density": 18136.59 }, "geometry": { "type": "Point", "coordinates": [ 469917.336105463735294, 989407.780925765866414 ] } },
{ "type": "Feature", "properties": { "population_density": 2602.2637 }, "geometry": { "type": "Point", "coordinates": [ 469917.336105463735294, 989907.780925765866414 ] } },
{ "type": "Feature", "properties": { "population_density": 4284.8994 }, "geometry": { "type": "Point", "coordinates": [ 469417.336105463735294, 989907.780925765866414 ] } },
{ "type": "Feature", "properties": { "population_density": 18453.072 }, "geometry": { "type": "Point", "coordinates": [ 470417.336105463735294, 989907.780925765866414 ] } },
{ "type": "Feature", "properties": { "population_density": 19624.816 }, "geometry": { "type": "Point", "coordinates": [ 469917.336105463735294, 990407.780925765866414 ] } },
{ "type": "Feature", "properties": { "population_density": 947.18329 }, "geometry": { "type": "Point", "coordinates": [ 467917.336105463735294, 988907.780925765866414 ] } },
{ "type": "Feature", "properties": { "population_density": 1467.6151 }, "geometry": { "type": "Point", "coordinates": [ 467417.336105463735294, 988907.780925765866414 ] } },
{ "type": "Feature", "properties": { "population_density": 12419.079 }, "geometry": { "type": "Point", "coordinates": [ 466917.336105463735294, 988907.780925765866414 ] } },
{ "type": "Feature", "properties": { "population_density": 14665.164 }, "geometry": { "type": "Point", "coordinates": [ 467917.336105463735294, 989407.780925765866414 ] } },
{ "type": "Feature", "properties": { "population_density": 1650.2189 }, "geometry": { "type": "Point", "coordinates": [ 467417.336105463735294, 989407.780925765866414 ] } },
{ "type": "Feature", "properties": { "population_density": 17030.951 }, "geometry": { "type": "Point", "coordinates": [ 466917.336105463735294, 989407.780925765866414 ] } },
{ "type": "Feature", "properties": { "population_density": 8399.3066 }, "geometry": { "type": "Point", "coordinates": [ 466417.336105463735294, 989907.780925765866414 ] } },
{ "type": "Feature", "properties": { "population_density": 2351.2202 }, "geometry": { "type": "Point", "coordinates": [ 466917.336105463735294, 989907.780925765866414 ] } },
{ "type": "Feature", "properties": { "population_density": 7363.7603 }, "geometry": { "type": "Point", "coordinates": [ 467417.336105463735294, 989907.780925765866414 ] } },
{ "type": "Feature", "properties": { "population_density": 9931.1318 }, "geometry": { "type": "Point", "coordinates": [ 467417.336105463735294, 990407.780925765866414 ] } },
{ "type": "Feature", "properties": { "population_density": 440.76337 }, "geometry": { "type": "Point", "coordinates": [ 468417.336105463735294, 988907.780925765866414 ] } },
{ "type": "Feature", "properties": { "population_density": 17986.74 }, "geometry": { "type": "Point", "coordinates": [ 468917.336105463735294, 988907.780925765866414 ] } },
{ "type": "Feature", "properties": { "population_density": 18293.852 }, "geometry": { "type": "Point", "coordinates": [ 468917.336105463735294, 989407.780925765866414 ] } },
{ "type": "Feature", "properties": { "population_density": 11707.792 }, "geometry": { "type": "Point", "coordinates": [ 468417.336105463735294, 989407.780925765866414 ] } },
{ "type": "Feature", "properties": { "population_density": 16316.973 }, "geometry": { "type": "Point", "coordinates": [ 468417.336105463735294, 989907.780925765866414 ] } },
{ "type": "Feature", "properties": { "population_density": 6251.0684 }, "geometry": { "type": "Point", "coordinates": [ 468917.336105463735294, 989907.780925765866414 ] } },
{ "type": "Feature", "properties": { "population_density": 3505.0303 }, "geometry": { "type": "Point", "coordinates": [ 467917.336105463735294, 989907.780925765866414 ] } },
{ "type": "Feature", "properties": { "population_density": 7485.9448 }, "geometry": { "type": "Point", "coordinates": [ 469417.336105463735294, 990407.780925765866414 ] } },
{ "type": "Feature", "properties": { "population_density": 12352.802 }, "geometry": { "type": "Point", "coordinates": [ 467917.336105463735294, 990407.780925765866414 ] } },
{ "type": "Feature", "properties": { "population_density": 8352.4033 }, "geometry": { "type": "Point", "coordinates": [ 468417.336105463735294, 990407.780925765866414 ] } },
{ "type": "Feature", "properties": { "population_density": 21057.609 }, "geometry": { "type": "Point", "coordinates": [ 466417.336105463735294, 989407.780925765866414 ] } },
{ "type": "Feature", "properties": { "population_density": 10048.113 }, "geometry": { "type": "Point", "coordinates": [ 465917.336105463735294, 989407.780925765866414 ] } },
{ "type": "Feature", "properties": { "population_density": 15251.111 }, "geometry": { "type": "Point", "coordinates": [ 465417.336105463735294, 989407.780925765866414 ] } },
{ "type": "Feature", "properties": { "population_density": 17718.943 }, "geometry": { "type": "Point", "coordinates": [ 465417.336105463735294, 989907.780925765866414 ] } },
{ "type": "Feature", "properties": { "population_density": 9247.9541 }, "geometry": { "type": "Point", "coordinates": [ 465917.336105463735294, 989907.780925765866414 ] } },
{ "type": "Feature", "properties": { "population_density": 7024.1816 }, "geometry": { "type": "Point", "coordinates": [ 465417.336105463735294, 990407.780925765866414 ] } },
{ "type": "Feature", "properties": { "population_density": 327.30499 }, "geometry": { "type": "Point", "coordinates": [ 464917.336105463735294, 990407.780925765866414 ] } },
{ "type": "Feature", "properties": { "population_density": 7555.793 }, "geometry": { "type": "Point", "coordinates": [ 465917.336105463735294, 990407.780925765866414 ] } },
{ "type": "Feature", "properties": { "population_density": 8399.8076 }, "geometry": { "type": "Point", "coordinates": [ 466417.336105463735294, 990407.780925765866414 ] } },
{ "type": "Feature", "properties": { "population_density": 11529.491 }, "geometry": { "type": "Point", "coordinates": [ 468917.336105463735294, 990407.780925765866414 ] } },
{ "type": "Feature", "properties": { "population_density": 18166.031 }, "geometry": { "type": "Point", "coordinates": [ 468917.336105463735294, 990907.780925765866414 ] } },
{ "type": "Feature", "properties": { "population_density": 4946.0864 }, "geometry": { "type": "Point", "coordinates": [ 469417.336105463735294, 990907.780925765866414 ] } },
{ "type": "Feature", "properties": { "population_density": 14990.888 }, "geometry": { "type": "Point", "coordinates": [ 468417.336105463735294, 990907.780925765866414 ] } },
{ "type": "Feature", "properties": { "population_density": 21167.264 }, "geometry": { "type": "Point", "coordinates": [ 468417.336105463735294, 991407.780925765866414 ] } },
{ "type": "Feature", "properties": { "population_density": 20683.426 }, "geometry": { "type": "Point", "coordinates": [ 468917.336105463735294, 991407.780925765866414 ] } },
{ "type": "Feature", "properties": { "population_density": 5495.5273 }, "geometry": { "type": "Point", "coordinates": [ 469417.336105463735294, 991407.780925765866414 ] } },
{ "type": "Feature", "properties": { "population_density": 13414.079 }, "geometry": { "type": "Point", "coordinates": [ 469417.336105463735294, 991907.780925765866414 ] } },
{ "type": "Feature", "properties": { "population_density": 2400.1038 }, "geometry": { "type": "Point", "coordinates": [ 468917.336105463735294, 991907.780925765866414 ] } },
{ "type": "Feature", "properties": { "population_density": 4792.0146 }, "geometry": { "type": "Point", "coordinates": [ 468417.336105463735294, 991907.780925765866414 ] } },
{ "type": "Feature", "properties": { "population_density": 13460.301 }, "geometry": { "type": "Point", "coordinates": [ 470417.336105463735294, 985907.780925765866414 ] } },
{ "type": "Feature", "properties": { "population_density": 14123.162 }, "geometry": { "type": "Point", "coordinates": [ 470417.336105463735294, 986407.780925765866414 ] } },
{ "type": "Feature", "properties": { "population_density": 5319.6104 }, "geometry": { "type": "Point", "coordinates": [ 470917.336105463735294, 986407.780925765866414 ] } },
{ "type": "Feature", "properties": { "population_density": 9005.335 }, "geometry": { "type": "Point", "coordinates": [ 469917.336105463735294, 986407.780925765866414 ] } },
{ "type": "Feature", "properties": { "population_density": 2255.5542 }, "geometry": { "type": "Point", "coordinates": [ 470917.336105463735294, 986907.780925765866414 ] } },
{ "type": "Feature", "properties": { "population_density": 11321.494 }, "geometry": { "type": "Point", "coordinates": [ 470417.336105463735294, 986907.780925765866414 ] } },
{ "type": "Feature", "properties": { "population_density": 3438.512 }, "geometry": { "type": "Point", "coordinates": [ 469917.336105463735294, 986907.780925765866414 ] } },
{ "type": "Feature", "properties": { "population_density": 8209.6318 }, "geometry": { "type": "Point", "coordinates": [ 469917.336105463735294, 987407.780925765866414 ] } },
{ "type": "Feature", "properties": { "population_density": 359.02756 }, "geometry": { "type": "Point", "coordinates": [ 470917.336105463735294, 987407.780925765866414 ] } },
{ "type": "Feature", "properties": { "population_density": 9740.1533 }, "geometry": { "type": "Point", "coordinates": [ 470417.336105463735294, 987407.780925765866414 ] } },
{ "type": "Feature", "properties": { "population_density": 15527.449 }, "geometry": { "type": "Point", "coordinates": [ 473417.336105463735294, 985907.780925765866414 ] } },
{ "type": "Feature", "properties": { "population_density": 1338.2487 }, "geometry": { "type": "Point", "coordinates": [ 472917.336105463735294, 985907.780925765866414 ] } },
{ "type": "Feature", "properties": { "population_density": 10443.878 }, "geometry": { "type": "Point", "coordinates": [ 473917.336105463735294, 985907.780925765866414 ] } },
{ "type": "Feature", "properties": { "population_density": 8993.373 }, "geometry": { "type": "Point", "coordinates": [ 473917.336105463735294, 986407.780925765866414 ] } },
{ "type": "Feature", "properties": { "population_density": 7884.624 }, "geometry": { "type": "Point", "coordinates": [ 473417.336105463735294, 986407.780925765866414 ] } },
{ "type": "Feature", "properties": { "population_density": 2991.3398 }, "geometry": { "type": "Point", "coordinates": [ 472917.336105463735294, 986407.780925765866414 ] } },
{ "type": "Feature", "properties": { "population_density": 8455.2754 }, "geometry": { "type": "Point", "coordinates": [ 472917.336105463735294, 986907.780925765866414 ] } },
{ "type": "Feature", "properties": { "population_density": 2547.8296 }, "geometry": { "type": "Point", "coordinates": [ 473417.336105463735294, 986907.780925765866414 ] } },
{ "type": "Feature", "properties": { "population_density": 10498.035 }, "geometry": { "type": "Point", "coordinates": [ 473917.336105463735294, 986907.780925765866414 ] } },
{ "type": "Feature", "properties": { "population_density": 7218.4858 }, "geometry": { "type": "Point", "coordinates": [ 473917.336105463735294, 987407.780925765866414 ] } },
{ "type": "Feature", "properties": { "population_density": 9793.3809 }, "geometry": { "type": "Point", "coordinates": [ 471917.336105463735294, 985907.780925765866414 ] } },
{ "type": "Feature", "properties": { "population_density": 20615.457 }, "geometry": { "type": "Point", "coordinates": [ 471417.336105463735294, 986407.780925765866414 ] } },
{ "type": "Feature", "properties": { "population_density": 21223.842 }, "geometry": { "type": "Point", "coordinates": [ 471917.336105463735294, 986407.780925765866414 ] } },
{ "type": "Feature", "properties": { "population_density": 16485.529 }, "geometry": { "type": "Point", "coordinates": [ 472417.336105463735294, 986407.780925765866414 ] } },
{ "type": "Feature", "properties": { "population_density": 17004.977 }, "geometry": { "type": "Point", "coordinates": [ 472417.336105463735294, 986907.780925765866414 ] } },
{ "type": "Feature", "properties": { "population_density": 2846.1145 }, "geometry": { "type": "Point", "coordinates": [ 471917.336105463735294, 986907.780925765866414 ] } },
{ "type": "Feature", "properties": { "population_density": 19372.686 }, "geometry": { "type": "Point", "coordinates": [ 471417.336105463735294, 986907.780925765866414 ] } },
{ "type": "Feature", "properties": { "population_density": 17188.338 }, "geometry": { "type": "Point", "coordinates": [ 471417.336105463735294, 987407.780925765866414 ] } },
{ "type": "Feature", "properties": { "population_density": 23840.875 }, "geometry": { "type": "Point", "coordinates": [ 471917.336105463735294, 987407.780925765866414 ] } },
{ "type": "Feature", "properties": { "population_density": 20345.035 }, "geometry": { "type": "Point", "coordinates": [ 472417.336105463735294, 987407.780925765866414 ] } },
{ "type": "Feature", "properties": { "population_density": 22821.42 }, "geometry": { "type": "Point", "coordinates": [ 475417.336105463735294, 987407.780925765866414 ] } },
{ "type": "Feature", "properties": { "population_density": 19989.951 }, "geometry": { "type": "Point", "coordinates": [ 474917.336105463735294, 987407.780925765866414 ] } },
{ "type": "Feature", "properties": { "population_density": 10250.357 }, "geometry": { "type": "Point", "coordinates": [ 474417.336105463735294, 987907.780925765866414 ] } },
{ "type": "Feature", "properties": { "population_density": 2583.4131 }, "geometry": { "type": "Point", "coordinates": [ 475417.336105463735294, 987907.780925765866414 ] } },
{ "type": "Feature", "properties": { "population_density": 23358.816 }, "geometry": { "type": "Point", "coordinates": [ 474917.336105463735294, 987907.780925765866414 ] } },
{ "type": "Feature", "properties": { "population_density": 2296.1538 }, "geometry": { "type": "Point", "coordinates": [ 474417.336105463735294, 988407.780925765866414 ] } },
{ "type": "Feature", "properties": { "population_density": 15181.004 }, "geometry": { "type": "Point", "coordinates": [ 475417.336105463735294, 988407.780925765866414 ] } },
{ "type": "Feature", "properties": { "population_density": 8948.376 }, "geometry": { "type": "Point", "coordinates": [ 474917.336105463735294, 988407.780925765866414 ] } },
{ "type": "Feature", "properties": { "population_density": 9169.6689 }, "geometry": { "type": "Point", "coordinates": [ 474417.336105463735294, 988907.780925765866414 ] } },
{ "type": "Feature", "properties": { "population_density": 18266.371 }, "geometry": { "type": "Point", "coordinates": [ 474917.336105463735294, 988907.780925765866414 ] } },
{ "type": "Feature", "properties": { "population_density": 16839.906 }, "geometry": { "type": "Point", "coordinates": [ 473417.336105463735294, 987407.780925765866414 ] } },
{ "type": "Feature", "properties": { "population_density": 18680.172 }, "geometry": { "type": "Point", "coordinates": [ 472917.336105463735294, 987407.780925765866414 ] } },
{ "type": "Feature", "properties": { "population_density": 13205.85 }, "geometry": { "type": "Point", "coordinates": [ 473917.336105463735294, 987907.780925765866414 ] } },
{ "type": "Feature", "properties": { "population_density": 8267.2451 }, "geometry": { "type": "Point", "coordinates": [ 473417.336105463735294, 987907.780925765866414 ] } },
{ "type": "Feature", "properties": { "population_density": 20680.117 }, "geometry": { "type": "Point", "coordinates": [ 472917.336105463735294, 987907.780925765866414 ] } },
{ "type": "Feature", "properties": { "population_density": 10588.2 }, "geometry": { "type": "Point", "coordinates": [ 473417.336105463735294, 988407.780925765866414 ] } },
{ "type": "Feature", "properties": { "population_density": 17864.135 }, "geometry": { "type": "Point", "coordinates": [ 473917.336105463735294, 988407.780925765866414 ] } },
{ "type": "Feature", "properties": { "population_density": 22272.885 }, "geometry": { "type": "Point", "coordinates": [ 472917.336105463735294, 988407.780925765866414 ] } },
{ "type": "Feature", "properties": { "population_density": 16384.299 }, "geometry": { "type": "Point", "coordinates": [ 473417.336105463735294, 988907.780925765866414 ] } },
{ "type": "Feature", "properties": { "population_density": 12187.136 }, "geometry": { "type": "Point", "coordinates": [ 472917.336105463735294, 988907.780925765866414 ] } },
{ "type": "Feature", "properties": { "population_density": 6797.7007 }, "geometry": { "type": "Point", "coordinates": [ 471417.336105463735294, 987907.780925765866414 ] } },
{ "type": "Feature", "properties": { "population_density": 17453.033 }, "geometry": { "type": "Point", "coordinates": [ 472417.336105463735294, 987907.780925765866414 ] } },
{ "type": "Feature", "properties": { "population_density": 22608.373 }, "geometry": { "type": "Point", "coordinates": [ 471917.336105463735294, 987907.780925765866414 ] } },
{ "type": "Feature", "properties": { "population_density": 14451.368 }, "geometry": { "type": "Point", "coordinates": [ 471417.336105463735294, 988407.780925765866414 ] } },
{ "type": "Feature", "properties": { "population_density": 9156.2949 }, "geometry": { "type": "Point", "coordinates": [ 471917.336105463735294, 988407.780925765866414 ] } },
{ "type": "Feature", "properties": { "population_density": 11890.433 }, "geometry": { "type": "Point", "coordinates": [ 472417.336105463735294, 988407.780925765866414 ] } },
{ "type": "Feature", "properties": { "population_density": 23022.154 }, "geometry": { "type": "Point", "coordinates": [ 471417.336105463735294, 988907.780925765866414 ] } },
{ "type": "Feature", "properties": { "population_density": 20533.525 }, "geometry": { "type": "Point", "coordinates": [ 471917.336105463735294, 988907.780925765866414 ] } },
{ "type": "Feature", "properties": { "population_density": 23748.334 }, "geometry": { "type": "Point", "coordinates": [ 472417.336105463735294, 988907.780925765866414 ] } },
{ "type": "Feature", "properties": { "population_density": 3849.1887 }, "geometry": { "type": "Point", "coordinates": [ 470917.336105463735294, 989407.780925765866414 ] } },
{ "type": "Feature", "properties": { "population_density": 18181.818 }, "geometry": { "type": "Point", "coordinates": [ 473917.336105463735294, 988907.780925765866414 ] } },
{ "type": "Feature", "properties": { "population_density": 22451.527 }, "geometry": { "type": "Point", "coordinates": [ 473417.336105463735294, 989407.780925765866414 ] } },
{ "type": "Feature", "properties": { "population_density": 19455.727 }, "geometry": { "type": "Point", "coordinates": [ 472917.336105463735294, 989407.780925765866414 ] } },
{ "type": "Feature", "properties": { "population_density": 14156.167 }, "geometry": { "type": "Point", "coordinates": [ 473917.336105463735294, 989407.780925765866414 ] } },
{ "type": "Feature", "properties": { "population_density": 2553.8254 }, "geometry": { "type": "Point", "coordinates": [ 472917.336105463735294, 989907.780925765866414 ] } },
{ "type": "Feature", "properties": { "population_density": 20372.85 }, "geometry": { "type": "Point", "coordinates": [ 473417.336105463735294, 989907.780925765866414 ] } },
{ "type": "Feature", "properties": { "population_density": 12159.344 }, "geometry": { "type": "Point", "coordinates": [ 473917.336105463735294, 989907.780925765866414 ] } },
{ "type": "Feature", "properties": { "population_density": 23985.797 }, "geometry": { "type": "Point", "coordinates": [ 472917.336105463735294, 990407.780925765866414 ] } },
{ "type": "Feature", "properties": { "population_density": 9458.9082 }, "geometry": { "type": "Point", "coordinates": [ 473917.336105463735294, 990407.780925765866414 ] } },
{ "type": "Feature", "properties": { "population_density": 23661.854 }, "geometry": { "type": "Point", "coordinates": [ 473417.336105463735294, 990407.780925765866414 ] } },
{ "type": "Feature", "properties": { "population_density": 24054.98 }, "geometry": { "type": "Point", "coordinates": [ 471917.336105463735294, 989407.780925765866414 ] } },
{ "type": "Feature", "properties": { "population_density": 14727.616 }, "geometry": { "type": "Point", "coordinates": [ 472417.336105463735294, 989407.780925765866414 ] } },
{ "type": "Feature", "properties": { "population_density": 24038.203 }, "geometry": { "type": "Point", "coordinates": [ 471417.336105463735294, 989407.780925765866414 ] } },
{ "type": "Feature", "properties": { "population_density": 1336.1698 }, "geometry": { "type": "Point", "coordinates": [ 470917.336105463735294, 989907.780925765866414 ] } },
{ "type": "Feature", "properties": { "population_density": 2135.4158 }, "geometry": { "type": "Point", "coordinates": [ 471417.336105463735294, 989907.780925765866414 ] } },
{ "type": "Feature", "properties": { "population_density": 8279.3613 }, "geometry": { "type": "Point", "coordinates": [ 472417.336105463735294, 989907.780925765866414 ] } },
{ "type": "Feature", "properties": { "population_density": 22616.656 }, "geometry": { "type": "Point", "coordinates": [ 471917.336105463735294, 989907.780925765866414 ] } },
{ "type": "Feature", "properties": { "population_density": 7867.2402 }, "geometry": { "type": "Point", "coordinates": [ 472417.336105463735294, 990407.780925765866414 ] } },
{ "type": "Feature", "properties": { "population_density": 12246.301 }, "geometry": { "type": "Point", "coordinates": [ 470917.336105463735294, 990407.780925765866414 ] } },
{ "type": "Feature", "properties": { "population_density": 4523.2856 }, "geometry": { "type": "Point", "coordinates": [ 471417.336105463735294, 990407.780925765866414 ] } },
{ "type": "Feature", "properties": { "population_density": 541.85382 }, "geometry": { "type": "Point", "coordinates": [ 471917.336105463735294, 990407.780925765866414 ] } },
{ "type": "Feature", "properties": { "population_density": 8781.2979 }, "geometry": { "type": "Point", "coordinates": [ 471417.336105463735294, 990907.780925765866414 ] } },
{ "type": "Feature", "properties": { "population_density": 15822.272 }, "geometry": { "type": "Point", "coordinates": [ 472417.336105463735294, 990907.780925765866414 ] } },
{ "type": "Feature", "properties": { "population_density": 14653.974 }, "geometry": { "type": "Point", "coordinates": [ 471917.336105463735294, 990907.780925765866414 ] } },
{ "type": "Feature", "properties": { "population_density": 22769.174 }, "geometry": { "type": "Point", "coordinates": [ 472417.336105463735294, 991407.780925765866414 ] } },
{ "type": "Feature", "properties": { "population_density": 21680.375 }, "geometry": { "type": "Point", "coordinates": [ 470917.336105463735294, 991407.780925765866414 ] } },
{ "type": "Feature", "properties": { "population_density": 20656.691 }, "geometry": { "type": "Point", "coordinates": [ 471917.336105463735294, 991407.780925765866414 ] } },
{ "type": "Feature", "properties": { "population_density": 14523.807 }, "geometry": { "type": "Point", "coordinates": [ 471417.336105463735294, 991407.780925765866414 ] } },
{ "type": "Feature", "properties": { "population_density": 23910.895 }, "geometry": { "type": "Point", "coordinates": [ 470917.336105463735294, 991907.780925765866414 ] } },
{ "type": "Feature", "properties": { "population_density": 22168.244 }, "geometry": { "type": "Point", "coordinates": [ 471417.336105463735294, 991907.780925765866414 ] } },
{ "type": "Feature", "properties": { "population_density": 24068.807 }, "geometry": { "type": "Point", "coordinates": [ 474917.336105463735294, 990407.780925765866414 ] } },
{ "type": "Feature", "properties": { "population_density": 3702.6035 }, "geometry": { "type": "Point", "coordinates": [ 475417.336105463735294, 990907.780925765866414 ] } },
{ "type": "Feature", "properties": { "population_density": 999.00018 }, "geometry": { "type": "Point", "coordinates": [ 474917.336105463735294, 990907.780925765866414 ] } },
{ "type": "Feature", "properties": { "population_density": 23274.25 }, "geometry": { "type": "Point", "coordinates": [ 474417.336105463735294, 990907.780925765866414 ] } },
{ "type": "Feature", "properties": { "population_density": 51.21104 }, "geometry": { "type": "Point", "coordinates": [ 475417.336105463735294, 991407.780925765866414 ] } },
{ "type": "Feature", "properties": { "population_density": 2879.0527 }, "geometry": { "type": "Point", "coordinates": [ 474917.336105463735294, 991407.780925765866414 ] } },
{ "type": "Feature", "properties": { "population_density": 4217.1074 }, "geometry": { "type": "Point", "coordinates": [ 474417.336105463735294, 991407.780925765866414 ] } },
{ "type": "Feature", "properties": { "population_density": 4522.8701 }, "geometry": { "type": "Point", "coordinates": [ 475417.336105463735294, 991907.780925765866414 ] } },
{ "type": "Feature", "properties": { "population_density": 22786.479 }, "geometry": { "type": "Point", "coordinates": [ 474417.336105463735294, 991907.780925765866414 ] } },
{ "type": "Feature", "properties": { "population_density": 8218.5713 }, "geometry": { "type": "Point", "coordinates": [ 474917.336105463735294, 991907.780925765866414 ] } },
{ "type": "Feature", "properties": { "population_density": 5592.8735 }, "geometry": { "type": "Point", "coordinates": [ 466917.336105463735294, 990407.780925765866414 ] } },
{ "type": "Feature", "properties": { "population_density": 10635.37 }, "geometry": { "type": "Point", "coordinates": [ 467917.336105463735294, 990907.780925765866414 ] } },
{ "type": "Feature", "properties": { "population_density": 9621.5391 }, "geometry": { "type": "Point", "coordinates": [ 466417.336105463735294, 990907.780925765866414 ] } },
{ "type": "Feature", "properties": { "population_density": 4421.0312 }, "geometry": { "type": "Point", "coordinates": [ 466917.336105463735294, 990907.780925765866414 ] } },
{ "type": "Feature", "properties": { "population_density": 20565.043 }, "geometry": { "type": "Point", "coordinates": [ 467417.336105463735294, 990907.780925765866414 ] } },
{ "type": "Feature", "properties": { "population_density": 20739.254 }, "geometry": { "type": "Point", "coordinates": [ 467917.336105463735294, 991407.780925765866414 ] } },
{ "type": "Feature", "properties": { "population_density": 18227.025 }, "geometry": { "type": "Point", "coordinates": [ 467417.336105463735294, 991407.780925765866414 ] } },
{ "type": "Feature", "properties": { "population_density": 10859.087 }, "geometry": { "type": "Point", "coordinates": [ 466917.336105463735294, 991407.780925765866414 ] } },
{ "type": "Feature", "properties": { "population_density": 20606.162 }, "geometry": { "type": "Point", "coordinates": [ 467917.336105463735294, 991907.780925765866414 ] } },
{ "type": "Feature", "properties": { "population_density": 3968.9917 }, "geometry": { "type": "Point", "coordinates": [ 466417.336105463735294, 991907.780925765866414 ] } },
{ "type": "Feature", "properties": { "population_density": 11524.671 }, "geometry": { "type": "Point", "coordinates": [ 464917.336105463735294, 990907.780925765866414 ] } },
{ "type": "Feature", "properties": { "population_density": 11717.719 }, "geometry": { "type": "Point", "coordinates": [ 465917.336105463735294, 990907.780925765866414 ] } },
{ "type": "Feature", "properties": { "population_density": 15852.309 }, "geometry": { "type": "Point", "coordinates": [ 465417.336105463735294, 990907.780925765866414 ] } },
{ "type": "Feature", "properties": { "population_density": 16899.486 }, "geometry": { "type": "Point", "coordinates": [ 465417.336105463735294, 991407.780925765866414 ] } },
{ "type": "Feature", "properties": { "population_density": 11823.431 }, "geometry": { "type": "Point", "coordinates": [ 464917.336105463735294, 991407.780925765866414 ] } },
{ "type": "Feature", "properties": { "population_density": 4934.8955 }, "geometry": { "type": "Point", "coordinates": [ 465917.336105463735294, 991407.780925765866414 ] } },
{ "type": "Feature", "properties": { "population_density": 1394.0538 }, "geometry": { "type": "Point", "coordinates": [ 466417.336105463735294, 991407.780925765866414 ] } },
{ "type": "Feature", "properties": { "population_density": 19857.207 }, "geometry": { "type": "Point", "coordinates": [ 465417.336105463735294, 991907.780925765866414 ] } },
{ "type": "Feature", "properties": { "population_density": 19276.287 }, "geometry": { "type": "Point", "coordinates": [ 464917.336105463735294, 991907.780925765866414 ] } },
{ "type": "Feature", "properties": { "population_density": 15116.756 }, "geometry": { "type": "Point", "coordinates": [ 465917.336105463735294, 991907.780925765866414 ] } },
{ "type": "Feature", "properties": { "population_density": 3347.4702 }, "geometry": { "type": "Point", "coordinates": [ 466917.336105463735294, 991907.780925765866414 ] } },
{ "type": "Feature", "properties": { "population_density": 13717.736 }, "geometry": { "type": "Point", "coordinates": [ 467417.336105463735294, 991907.780925765866414 ] } },
{ "type": "Feature", "properties": { "population_density": 10053.147 }, "geometry": { "type": "Point", "coordinates": [ 467917.336105463735294, 992407.780925765866414 ] } },
{ "type": "Feature", "properties": { "population_density": 21542.42 }, "geometry": { "type": "Point", "coordinates": [ 467417.336105463735294, 992407.780925765866414 ] } },
{ "type": "Feature", "properties": { "population_density": 5456.4951 }, "geometry": { "type": "Point", "coordinates": [ 466917.336105463735294, 992407.780925765866414 ] } },
{ "type": "Feature", "properties": { "population_density": 11266.354 }, "geometry": { "type": "Point", "coordinates": [ 467417.336105463735294, 992907.780925765866414 ] } },
{ "type": "Feature", "properties": { "population_density": 22831.508 }, "geometry": { "type": "Point", "coordinates": [ 466917.336105463735294, 992907.780925765866414 ] } },
{ "type": "Feature", "properties": { "population_density": 4728.6187 }, "geometry": { "type": "Point", "coordinates": [ 466917.336105463735294, 993407.780925765866414 ] } },
{ "type": "Feature", "properties": { "population_density": 20170.645 }, "geometry": { "type": "Point", "coordinates": [ 467417.336105463735294, 993407.780925765866414 ] } },
{ "type": "Feature", "properties": { "population_density": 18937.664 }, "geometry": { "type": "Point", "coordinates": [ 467917.336105463735294, 993407.780925765866414 ] } },
{ "type": "Feature", "properties": { "population_density": 11996.399 }, "geometry": { "type": "Point", "coordinates": [ 465417.336105463735294, 992407.780925765866414 ] } },
{ "type": "Feature", "properties": { "population_density": 20529.086 }, "geometry": { "type": "Point", "coordinates": [ 466417.336105463735294, 992407.780925765866414 ] } },
{ "type": "Feature", "properties": { "population_density": 23393.277 }, "geometry": { "type": "Point", "coordinates": [ 465917.336105463735294, 992407.780925765866414 ] } },
{ "type": "Feature", "properties": { "population_density": 23155.396 }, "geometry": { "type": "Point", "coordinates": [ 466417.336105463735294, 992907.780925765866414 ] } },
{ "type": "Feature", "properties": { "population_density": 22019.977 }, "geometry": { "type": "Point", "coordinates": [ 465417.336105463735294, 992907.780925765866414 ] } },
{ "type": "Feature", "properties": { "population_density": 20672.912 }, "geometry": { "type": "Point", "coordinates": [ 464917.336105463735294, 992907.780925765866414 ] } },
{ "type": "Feature", "properties": { "population_density": 22820.557 }, "geometry": { "type": "Point", "coordinates": [ 465917.336105463735294, 992907.780925765866414 ] } },
{ "type": "Feature", "properties": { "population_density": 18551.182 }, "geometry": { "type": "Point", "coordinates": [ 465917.336105463735294, 993407.780925765866414 ] } },
{ "type": "Feature", "properties": { "population_density": 16427.646 }, "geometry": { "type": "Point", "coordinates": [ 464917.336105463735294, 993407.780925765866414 ] } },
{ "type": "Feature", "properties": { "population_density": 13905.575 }, "geometry": { "type": "Point", "coordinates": [ 466417.336105463735294, 993407.780925765866414 ] } },
{ "type": "Feature", "properties": { "population_density": 21238.498 }, "geometry": { "type": "Point", "coordinates": [ 468917.336105463735294, 992407.780925765866414 ] } },
{ "type": "Feature", "properties": { "population_density": 13249.506 }, "geometry": { "type": "Point", "coordinates": [ 469417.336105463735294, 992407.780925765866414 ] } },
{ "type": "Feature", "properties": { "population_density": 8641.1436 }, "geometry": { "type": "Point", "coordinates": [ 468417.336105463735294, 992407.780925765866414 ] } },
{ "type": "Feature", "properties": { "population_density": 21573.855 }, "geometry": { "type": "Point", "coordinates": [ 467917.336105463735294, 992907.780925765866414 ] } },
{ "type": "Feature", "properties": { "population_density": 2012.4241 }, "geometry": { "type": "Point", "coordinates": [ 469417.336105463735294, 992907.780925765866414 ] } },
{ "type": "Feature", "properties": { "population_density": 22617.498 }, "geometry": { "type": "Point", "coordinates": [ 468417.336105463735294, 992907.780925765866414 ] } },
{ "type": "Feature", "properties": { "population_density": 21669.344 }, "geometry": { "type": "Point", "coordinates": [ 468917.336105463735294, 992907.780925765866414 ] } },
{ "type": "Feature", "properties": { "population_density": 10949.143 }, "geometry": { "type": "Point", "coordinates": [ 468917.336105463735294, 993407.780925765866414 ] } },
{ "type": "Feature", "properties": { "population_density": 10801.727 }, "geometry": { "type": "Point", "coordinates": [ 468417.336105463735294, 993407.780925765866414 ] } },
{ "type": "Feature", "properties": { "population_density": 8690.9404 }, "geometry": { "type": "Point", "coordinates": [ 468417.336105463735294, 993907.780925765866414 ] } },
{ "type": "Feature", "properties": { "population_density": 20902.049 }, "geometry": { "type": "Point", "coordinates": [ 470917.336105463735294, 992907.780925765866414 ] } },
{ "type": "Feature", "properties": { "population_density": 6642.2588 }, "geometry": { "type": "Point", "coordinates": [ 469917.336105463735294, 992907.780925765866414 ] } },
{ "type": "Feature", "properties": { "population_density": 24207.516 }, "geometry": { "type": "Point", "coordinates": [ 470417.336105463735294, 992907.780925765866414 ] } },
{ "type": "Feature", "properties": { "population_density": 17518.867 }, "geometry": { "type": "Point", "coordinates": [ 469917.336105463735294, 993407.780925765866414 ] } },
{ "type": "Feature", "properties": { "population_density": 18580.592 }, "geometry": { "type": "Point", "coordinates": [ 469417.336105463735294, 993407.780925765866414 ] } },
{ "type": "Feature", "properties": { "population_density": 23074.209 }, "geometry": { "type": "Point", "coordinates": [ 470417.336105463735294, 993407.780925765866414 ] } },
{ "type": "Feature", "properties": { "population_density": 17840.275 }, "geometry": { "type": "Point", "coordinates": [ 470917.336105463735294, 993407.780925765866414 ] } },
{ "type": "Feature", "properties": { "population_density": 20835.209 }, "geometry": { "type": "Point", "coordinates": [ 470417.336105463735294, 993907.780925765866414 ] } },
{ "type": "Feature", "properties": { "population_density": 10365.488 }, "geometry": { "type": "Point", "coordinates": [ 469917.336105463735294, 993907.780925765866414 ] } },
{ "type": "Feature", "properties": { "population_density": 21095.072 }, "geometry": { "type": "Point", "coordinates": [ 470917.336105463735294, 993907.780925765866414 ] } },
{ "type": "Feature", "properties": { "population_density": 2875.5969 }, "geometry": { "type": "Point", "coordinates": [ 465417.336105463735294, 993407.780925765866414 ] } },
{ "type": "Feature", "properties": { "population_density": 19437.605 }, "geometry": { "type": "Point", "coordinates": [ 465417.336105463735294, 993907.780925765866414 ] } },
{ "type": "Feature", "properties": { "population_density": 20832.156 }, "geometry": { "type": "Point", "coordinates": [ 466417.336105463735294, 993907.780925765866414 ] } },
{ "type": "Feature", "properties": { "population_density": 19405.99 }, "geometry": { "type": "Point", "coordinates": [ 464917.336105463735294, 993907.780925765866414 ] } },
{ "type": "Feature", "properties": { "population_density": 15698.992 }, "geometry": { "type": "Point", "coordinates": [ 465917.336105463735294, 993907.780925765866414 ] } },
{ "type": "Feature", "properties": { "population_density": 8921.0127 }, "geometry": { "type": "Point", "coordinates": [ 465917.336105463735294, 994407.780925765866414 ] } },
{ "type": "Feature", "properties": { "population_density": 2430.9155 }, "geometry": { "type": "Point", "coordinates": [ 466417.336105463735294, 994407.780925765866414 ] } },
{ "type": "Feature", "properties": { "population_density": 19942.25 }, "geometry": { "type": "Point", "coordinates": [ 465417.336105463735294, 994407.780925765866414 ] } },
{ "type": "Feature", "properties": { "population_density": 23631.898 }, "geometry": { "type": "Point", "coordinates": [ 464917.336105463735294, 994407.780925765866414 ] } },
{ "type": "Feature", "properties": { "population_density": 23480.557 }, "geometry": { "type": "Point", "coordinates": [ 466417.336105463735294, 994907.780925765866414 ] } },
{ "type": "Feature", "properties": { "population_density": 24053.271 }, "geometry": { "type": "Point", "coordinates": [ 468917.336105463735294, 993907.780925765866414 ] } },
{ "type": "Feature", "properties": { "population_density": 21717.236 }, "geometry": { "type": "Point", "coordinates": [ 469417.336105463735294, 993907.780925765866414 ] } },
{ "type": "Feature", "properties": { "population_density": 23689.809 }, "geometry": { "type": "Point", "coordinates": [ 468917.336105463735294, 994407.780925765866414 ] } },
{ "type": "Feature", "properties": { "population_density": 16065.318 }, "geometry": { "type": "Point", "coordinates": [ 469417.336105463735294, 994407.780925765866414 ] } },
{ "type": "Feature", "properties": { "population_density": 19941.133 }, "geometry": { "type": "Point", "coordinates": [ 468417.336105463735294, 994407.780925765866414 ] } },
{ "type": "Feature", "properties": { "population_density": 20879.049 }, "geometry": { "type": "Point", "coordinates": [ 468917.336105463735294, 994907.780925765866414 ] } },
{ "type": "Feature", "properties": { "population_density": 3547.9854 }, "geometry": { "type": "Point", "coordinates": [ 468417.336105463735294, 994907.780925765866414 ] } },
{ "type": "Feature", "properties": { "population_density": 5565.9751 }, "geometry": { "type": "Point", "coordinates": [ 467917.336105463735294, 995407.780925765866414 ] } },
{ "type": "Feature", "properties": { "population_density": 18534.402 }, "geometry": { "type": "Point", "coordinates": [ 468917.336105463735294, 995407.780925765866414 ] } },
{ "type": "Feature", "properties": { "population_density": 3802.7476 }, "geometry": { "type": "Point", "coordinates": [ 468417.336105463735294, 995407.780925765866414 ] } },
{ "type": "Feature", "properties": { "population_density": 18953.195 }, "geometry": { "type": "Point", "coordinates": [ 466917.336105463735294, 993907.780925765866414 ] } },
{ "type": "Feature", "properties": { "population_density": 2695.187 }, "geometry": { "type": "Point", "coordinates": [ 467417.336105463735294, 993907.780925765866414 ] } },
{ "type": "Feature", "properties": { "population_density": 22327.846 }, "geometry": { "type": "Point", "coordinates": [ 467917.336105463735294, 993907.780925765866414 ] } },
{ "type": "Feature", "properties": { "population_density": 19938.824 }, "geometry": { "type": "Point", "coordinates": [ 467417.336105463735294, 994407.780925765866414 ] } },
{ "type": "Feature", "properties": { "population_density": 10891.528 }, "geometry": { "type": "Point", "coordinates": [ 466917.336105463735294, 994407.780925765866414 ] } },
{ "type": "Feature", "properties": { "population_density": 21883.916 }, "geometry": { "type": "Point", "coordinates": [ 467917.336105463735294, 994407.780925765866414 ] } },
{ "type": "Feature", "properties": { "population_density": 19920.566 }, "geometry": { "type": "Point", "coordinates": [ 466917.336105463735294, 994907.780925765866414 ] } },
{ "type": "Feature", "properties": { "population_density": 20720.623 }, "geometry": { "type": "Point", "coordinates": [ 467417.336105463735294, 994907.780925765866414 ] } },
{ "type": "Feature", "properties": { "population_density": 15802.778 }, "geometry": { "type": "Point", "coordinates": [ 467917.336105463735294, 994907.780925765866414 ] } },
{ "type": "Feature", "properties": { "population_density": 15987.562 }, "geometry": { "type": "Point", "coordinates": [ 467417.336105463735294, 995407.780925765866414 ] } },
{ "type": "Feature", "properties": { "population_density": 18961.568 }, "geometry": { "type": "Point", "coordinates": [ 465417.336105463735294, 994907.780925765866414 ] } },
{ "type": "Feature", "properties": { "population_density": 5299.6816 }, "geometry": { "type": "Point", "coordinates": [ 465917.336105463735294, 994907.780925765866414 ] } },
{ "type": "Feature", "properties": { "population_density": 21996.076 }, "geometry": { "type": "Point", "coordinates": [ 465917.336105463735294, 995407.780925765866414 ] } },
{ "type": "Feature", "properties": { "population_density": 18495.803 }, "geometry": { "type": "Point", "coordinates": [ 466417.336105463735294, 995407.780925765866414 ] } },
{ "type": "Feature", "properties": { "population_density": 21332.379 }, "geometry": { "type": "Point", "coordinates": [ 465417.336105463735294, 995407.780925765866414 ] } },
{ "type": "Feature", "properties": { "population_density": 15715.726 }, "geometry": { "type": "Point", "coordinates": [ 465917.336105463735294, 995907.780925765866414 ] } },
{ "type": "Feature", "properties": { "population_density": 2536.5762 }, "geometry": { "type": "Point", "coordinates": [ 465417.336105463735294, 995907.780925765866414 ] } },
{ "type": "Feature", "properties": { "population_density": 18020.145 }, "geometry": { "type": "Point", "coordinates": [ 466417.336105463735294, 995907.780925765866414 ] } },
{ "type": "Feature", "properties": { "population_density": 20961.965 }, "geometry": { "type": "Point", "coordinates": [ 464917.336105463735294, 995907.780925765866414 ] } },
{ "type": "Feature", "properties": { "population_density": 13945.994 }, "geometry": { "type": "Point", "coordinates": [ 465417.336105463735294, 996407.780925765866414 ] } },
{ "type": "Feature", "properties": { "population_density": 21467.23 }, "geometry": { "type": "Point", "coordinates": [ 470417.336105463735294, 990407.780925765866414 ] } },
{ "type": "Feature", "properties": { "population_density": 22998.639 }, "geometry": { "type": "Point", "coordinates": [ 469917.336105463735294, 990907.780925765866414 ] } },
{ "type": "Feature", "properties": { "population_density": 11297.03 }, "geometry": { "type": "Point", "coordinates": [ 470417.336105463735294, 990907.780925765866414 ] } },
{ "type": "Feature", "properties": { "population_density": 9761.584 }, "geometry": { "type": "Point", "coordinates": [ 470917.336105463735294, 990907.780925765866414 ] } },
{ "type": "Feature", "properties": { "population_density": 19292.479 }, "geometry": { "type": "Point", "coordinates": [ 470417.336105463735294, 991407.780925765866414 ] } },
{ "type": "Feature", "properties": { "population_density": 20558.855 }, "geometry": { "type": "Point", "coordinates": [ 469917.336105463735294, 991407.780925765866414 ] } },
{ "type": "Feature", "properties": { "population_density": 23743.945 }, "geometry": { "type": "Point", "coordinates": [ 470417.336105463735294, 991907.780925765866414 ] } },
{ "type": "Feature", "properties": { "population_density": 22908.053 }, "geometry": { "type": "Point", "coordinates": [ 469917.336105463735294, 991907.780925765866414 ] } },
{ "type": "Feature", "properties": { "population_density": 11904.152 }, "geometry": { "type": "Point", "coordinates": [ 469917.336105463735294, 992407.780925765866414 ] } },
{ "type": "Feature", "properties": { "population_density": 4896.1226 }, "geometry": { "type": "Point", "coordinates": [ 470417.336105463735294, 992407.780925765866414 ] } },
{ "type": "Feature", "properties": { "population_density": 21417.932 }, "geometry": { "type": "Point", "coordinates": [ 473917.336105463735294, 990907.780925765866414 ] } },
{ "type": "Feature", "properties": { "population_density": 24117.107 }, "geometry": { "type": "Point", "coordinates": [ 473417.336105463735294, 990907.780925765866414 ] } },
{ "type": "Feature", "properties": { "population_density": 20869.127 }, "geometry": { "type": "Point", "coordinates": [ 472917.336105463735294, 990907.780925765866414 ] } },
{ "type": "Feature", "properties": { "population_density": 3326.9182 }, "geometry": { "type": "Point", "coordinates": [ 473917.336105463735294, 991407.780925765866414 ] } },
{ "type": "Feature", "properties": { "population_density": 10565.67 }, "geometry": { "type": "Point", "coordinates": [ 473417.336105463735294, 991407.780925765866414 ] } },
{ "type": "Feature", "properties": { "population_density": 13632.41 }, "geometry": { "type": "Point", "coordinates": [ 472917.336105463735294, 991407.780925765866414 ] } },
{ "type": "Feature", "properties": { "population_density": 21785.16 }, "geometry": { "type": "Point", "coordinates": [ 472417.336105463735294, 991907.780925765866414 ] } },
{ "type": "Feature", "properties": { "population_density": 14301.379 }, "geometry": { "type": "Point", "coordinates": [ 473417.336105463735294, 991907.780925765866414 ] } },
{ "type": "Feature", "properties": { "population_density": 24147.982 }, "geometry": { "type": "Point", "coordinates": [ 473917.336105463735294, 991907.780925765866414 ] } },
{ "type": "Feature", "properties": { "population_density": 8916.7256 }, "geometry": { "type": "Point", "coordinates": [ 472917.336105463735294, 991907.780925765866414 ] } },
{ "type": "Feature", "properties": { "population_density": 22024.279 }, "geometry": { "type": "Point", "coordinates": [ 471917.336105463735294, 991907.780925765866414 ] } },
{ "type": "Feature", "properties": { "population_density": 8620.0117 }, "geometry": { "type": "Point", "coordinates": [ 470917.336105463735294, 992407.780925765866414 ] } },
{ "type": "Feature", "properties": { "population_density": 20223.482 }, "geometry": { "type": "Point", "coordinates": [ 472417.336105463735294, 992407.780925765866414 ] } },
{ "type": "Feature", "properties": { "population_density": 23215.914 }, "geometry": { "type": "Point", "coordinates": [ 471917.336105463735294, 992407.780925765866414 ] } },
{ "type": "Feature", "properties": { "population_density": 18568.264 }, "geometry": { "type": "Point", "coordinates": [ 471417.336105463735294, 992407.780925765866414 ] } },
{ "type": "Feature", "properties": { "population_density": 24440.346 }, "geometry": { "type": "Point", "coordinates": [ 471917.336105463735294, 992907.780925765866414 ] } },
{ "type": "Feature", "properties": { "population_density": 20702.346 }, "geometry": { "type": "Point", "coordinates": [ 471417.336105463735294, 992907.780925765866414 ] } },
{ "type": "Feature", "properties": { "population_density": 21631.15 }, "geometry": { "type": "Point", "coordinates": [ 472417.336105463735294, 992907.780925765866414 ] } },
{ "type": "Feature", "properties": { "population_density": 8158.2534 }, "geometry": { "type": "Point", "coordinates": [ 472417.336105463735294, 993407.780925765866414 ] } },
{ "type": "Feature", "properties": { "population_density": 7531.6128 }, "geometry": { "type": "Point", "coordinates": [ 471917.336105463735294, 993407.780925765866414 ] } },
{ "type": "Feature", "properties": { "population_density": 6311.2388 }, "geometry": { "type": "Point", "coordinates": [ 473417.336105463735294, 992407.780925765866414 ] } },
{ "type": "Feature", "properties": { "population_density": 22432.842 }, "geometry": { "type": "Point", "coordinates": [ 473917.336105463735294, 992407.780925765866414 ] } },
{ "type": "Feature", "properties": { "population_density": 8891.2256 }, "geometry": { "type": "Point", "coordinates": [ 472917.336105463735294, 992407.780925765866414 ] } },
{ "type": "Feature", "properties": { "population_density": 9900.1162 }, "geometry": { "type": "Point", "coordinates": [ 472917.336105463735294, 992907.780925765866414 ] } },
{ "type": "Feature", "properties": { "population_density": 7081.728 }, "geometry": { "type": "Point", "coordinates": [ 473417.336105463735294, 992907.780925765866414 ] } },
{ "type": "Feature", "properties": { "population_density": 22922.492 }, "geometry": { "type": "Point", "coordinates": [ 473917.336105463735294, 992907.780925765866414 ] } },
{ "type": "Feature", "properties": { "population_density": 22198.848 }, "geometry": { "type": "Point", "coordinates": [ 472917.336105463735294, 993407.780925765866414 ] } },
{ "type": "Feature", "properties": { "population_density": 17683.602 }, "geometry": { "type": "Point", "coordinates": [ 473417.336105463735294, 993407.780925765866414 ] } },
{ "type": "Feature", "properties": { "population_density": 14922.081 }, "geometry": { "type": "Point", "coordinates": [ 473917.336105463735294, 993407.780925765866414 ] } },
{ "type": "Feature", "properties": { "population_density": 24407.346 }, "geometry": { "type": "Point", "coordinates": [ 473417.336105463735294, 993907.780925765866414 ] } },
{ "type": "Feature", "properties": { "population_density": 23264.613 }, "geometry": { "type": "Point", "coordinates": [ 474417.336105463735294, 992407.780925765866414 ] } },
{ "type": "Feature", "properties": { "population_density": 21947.074 }, "geometry": { "type": "Point", "coordinates": [ 475417.336105463735294, 992407.780925765866414 ] } },
{ "type": "Feature", "properties": { "population_density": 22876.74 }, "geometry": { "type": "Point", "coordinates": [ 474917.336105463735294, 992407.780925765866414 ] } },
{ "type": "Feature", "properties": { "population_density": 7728.0479 }, "geometry": { "type": "Point", "coordinates": [ 474417.336105463735294, 992907.780925765866414 ] } },
{ "type": "Feature", "properties": { "population_density": 23687.74 }, "geometry": { "type": "Point", "coordinates": [ 474917.336105463735294, 992907.780925765866414 ] } },
{ "type": "Feature", "properties": { "population_density": 22666.291 }, "geometry": { "type": "Point", "coordinates": [ 475417.336105463735294, 992907.780925765866414 ] } },
{ "type": "Feature", "properties": { "population_density": 19142.121 }, "geometry": { "type": "Point", "coordinates": [ 475417.336105463735294, 993407.780925765866414 ] } },
{ "type": "Feature", "properties": { "population_density": 22767.207 }, "geometry": { "type": "Point", "coordinates": [ 474417.336105463735294, 993407.780925765866414 ] } },
{ "type": "Feature", "properties": { "population_density": 17643.33 }, "geometry": { "type": "Point", "coordinates": [ 474917.336105463735294, 993407.780925765866414 ] } },
{ "type": "Feature", "properties": { "population_density": 10905.586 }, "geometry": { "type": "Point", "coordinates": [ 475417.336105463735294, 993907.780925765866414 ] } },
{ "type": "Feature", "properties": { "population_density": 17549.1 }, "geometry": { "type": "Point", "coordinates": [ 471417.336105463735294, 993407.780925765866414 ] } },
{ "type": "Feature", "properties": { "population_density": 23412.812 }, "geometry": { "type": "Point", "coordinates": [ 471917.336105463735294, 993907.780925765866414 ] } },
{ "type": "Feature", "properties": { "population_density": 13837.815 }, "geometry": { "type": "Point", "coordinates": [ 471417.336105463735294, 993907.780925765866414 ] } },
{ "type": "Feature", "properties": { "population_density": 21014.561 }, "geometry": { "type": "Point", "coordinates": [ 472417.336105463735294, 993907.780925765866414 ] } },
{ "type": "Feature", "properties": { "population_density": 21434.607 }, "geometry": { "type": "Point", "coordinates": [ 471417.336105463735294, 994407.780925765866414 ] } },
{ "type": "Feature", "properties": { "population_density": 22046.578 }, "geometry": { "type": "Point", "coordinates": [ 471917.336105463735294, 994407.780925765866414 ] } },
{ "type": "Feature", "properties": { "population_density": 19971.463 }, "geometry": { "type": "Point", "coordinates": [ 472417.336105463735294, 994407.780925765866414 ] } },
{ "type": "Feature", "properties": { "population_density": 19735.771 }, "geometry": { "type": "Point", "coordinates": [ 472417.336105463735294, 994907.780925765866414 ] } },
{ "type": "Feature", "properties": { "population_density": 5813.3975 }, "geometry": { "type": "Point", "coordinates": [ 471917.336105463735294, 994907.780925765866414 ] } },
{ "type": "Feature", "properties": { "population_density": 13267.468 }, "geometry": { "type": "Point", "coordinates": [ 471417.336105463735294, 994907.780925765866414 ] } },
{ "type": "Feature", "properties": { "population_density": 22486.959 }, "geometry": { "type": "Point", "coordinates": [ 472917.336105463735294, 993907.780925765866414 ] } },
{ "type": "Feature", "properties": { "population_density": 22417.781 }, "geometry": { "type": "Point", "coordinates": [ 473917.336105463735294, 993907.780925765866414 ] } },
{ "type": "Feature", "properties": { "population_density": 17193.326 }, "geometry": { "type": "Point", "coordinates": [ 472917.336105463735294, 994407.780925765866414 ] } },
{ "type": "Feature", "properties": { "population_density": 22162.236 }, "geometry": { "type": "Point", "coordinates": [ 473417.336105463735294, 994407.780925765866414 ] } },
{ "type": "Feature", "properties": { "population_density": 22450.01 }, "geometry": { "type": "Point", "coordinates": [ 473917.336105463735294, 994407.780925765866414 ] } },
{ "type": "Feature", "properties": { "population_density": 18963.533 }, "geometry": { "type": "Point", "coordinates": [ 473917.336105463735294, 994907.780925765866414 ] } },
{ "type": "Feature", "properties": { "population_density": 24176.148 }, "geometry": { "type": "Point", "coordinates": [ 472917.336105463735294, 994907.780925765866414 ] } },
{ "type": "Feature", "properties": { "population_density": 23603.512 }, "geometry": { "type": "Point", "coordinates": [ 473417.336105463735294, 994907.780925765866414 ] } },
{ "type": "Feature", "properties": { "population_density": 21409.963 }, "geometry": { "type": "Point", "coordinates": [ 473417.336105463735294, 995407.780925765866414 ] } },
{ "type": "Feature", "properties": { "population_density": 22262.996 }, "geometry": { "type": "Point", "coordinates": [ 473917.336105463735294, 995407.780925765866414 ] } },
{ "type": "Feature", "properties": { "population_density": 23815.146 }, "geometry": { "type": "Point", "coordinates": [ 470417.336105463735294, 994407.780925765866414 ] } },
{ "type": "Feature", "properties": { "population_density": 9475.7725 }, "geometry": { "type": "Point", "coordinates": [ 469917.336105463735294, 994407.780925765866414 ] } },
{ "type": "Feature", "properties": { "population_density": 21149.17 }, "geometry": { "type": "Point", "coordinates": [ 470917.336105463735294, 994407.780925765866414 ] } },
{ "type": "Feature", "properties": { "population_density": 2794.7476 }, "geometry": { "type": "Point", "coordinates": [ 469417.336105463735294, 994907.780925765866414 ] } },
{ "type": "Feature", "properties": { "population_density": 164.71042 }, "geometry": { "type": "Point", "coordinates": [ 469917.336105463735294, 994907.780925765866414 ] } },
{ "type": "Feature", "properties": { "population_density": 1047.3334 }, "geometry": { "type": "Point", "coordinates": [ 470417.336105463735294, 994907.780925765866414 ] } },
{ "type": "Feature", "properties": { "population_density": 14014.438 }, "geometry": { "type": "Point", "coordinates": [ 470917.336105463735294, 994907.780925765866414 ] } },
{ "type": "Feature", "properties": { "population_density": 1283.8093 }, "geometry": { "type": "Point", "coordinates": [ 469917.336105463735294, 995407.780925765866414 ] } },
{ "type": "Feature", "properties": { "population_density": 19606.463 }, "geometry": { "type": "Point", "coordinates": [ 470917.336105463735294, 995407.780925765866414 ] } },
{ "type": "Feature", "properties": { "population_density": 1791.1772 }, "geometry": { "type": "Point", "coordinates": [ 469417.336105463735294, 995407.780925765866414 ] } },
{ "type": "Feature", "properties": { "population_density": 17028.625 }, "geometry": { "type": "Point", "coordinates": [ 470417.336105463735294, 995407.780925765866414 ] } },
{ "type": "Feature", "properties": { "population_density": 20587.834 }, "geometry": { "type": "Point", "coordinates": [ 470417.336105463735294, 995907.780925765866414 ] } },
{ "type": "Feature", "properties": { "population_density": 10761.476 }, "geometry": { "type": "Point", "coordinates": [ 469917.336105463735294, 995907.780925765866414 ] } },
{ "type": "Feature", "properties": { "population_density": 22989.896 }, "geometry": { "type": "Point", "coordinates": [ 470917.336105463735294, 995907.780925765866414 ] } },
{ "type": "Feature", "properties": { "population_density": 11842.442 }, "geometry": { "type": "Point", "coordinates": [ 470417.336105463735294, 996407.780925765866414 ] } },
{ "type": "Feature", "properties": { "population_density": 12786.783 }, "geometry": { "type": "Point", "coordinates": [ 470917.336105463735294, 996407.780925765866414 ] } },
{ "type": "Feature", "properties": { "population_density": 22273.541 }, "geometry": { "type": "Point", "coordinates": [ 469917.336105463735294, 996407.780925765866414 ] } },
{ "type": "Feature", "properties": { "population_density": 22975.182 }, "geometry": { "type": "Point", "coordinates": [ 470417.336105463735294, 996907.780925765866414 ] } },
{ "type": "Feature", "properties": { "population_density": 19691.701 }, "geometry": { "type": "Point", "coordinates": [ 469917.336105463735294, 996907.780925765866414 ] } },
{ "type": "Feature", "properties": { "population_density": 19478.658 }, "geometry": { "type": "Point", "coordinates": [ 469417.336105463735294, 996907.780925765866414 ] } },
{ "type": "Feature", "properties": { "population_density": 12358.466 }, "geometry": { "type": "Point", "coordinates": [ 472917.336105463735294, 995407.780925765866414 ] } },
{ "type": "Feature", "properties": { "population_density": 16489.568 }, "geometry": { "type": "Point", "coordinates": [ 473917.336105463735294, 995907.780925765866414 ] } },
{ "type": "Feature", "properties": { "population_density": 21649.873 }, "geometry": { "type": "Point", "coordinates": [ 473417.336105463735294, 995907.780925765866414 ] } },
{ "type": "Feature", "properties": { "population_density": 11070.925 }, "geometry": { "type": "Point", "coordinates": [ 472917.336105463735294, 995907.780925765866414 ] } },
{ "type": "Feature", "properties": { "population_density": 10328.595 }, "geometry": { "type": "Point", "coordinates": [ 472417.336105463735294, 996407.780925765866414 ] } },
{ "type": "Feature", "properties": { "population_density": 8719.4473 }, "geometry": { "type": "Point", "coordinates": [ 473417.336105463735294, 996407.780925765866414 ] } },
{ "type": "Feature", "properties": { "population_density": 5473.7842 }, "geometry": { "type": "Point", "coordinates": [ 473917.336105463735294, 996407.780925765866414 ] } },
{ "type": "Feature", "properties": { "population_density": 17054.582 }, "geometry": { "type": "Point", "coordinates": [ 472917.336105463735294, 996407.780925765866414 ] } },
{ "type": "Feature", "properties": { "population_density": 10458.232 }, "geometry": { "type": "Point", "coordinates": [ 473917.336105463735294, 996907.780925765866414 ] } },
{ "type": "Feature", "properties": { "population_density": 14475.404 }, "geometry": { "type": "Point", "coordinates": [ 472917.336105463735294, 996907.780925765866414 ] } },
{ "type": "Feature", "properties": { "population_density": 8882.4258 }, "geometry": { "type": "Point", "coordinates": [ 462917.336105463735294, 990907.780925765866414 ] } },
{ "type": "Feature", "properties": { "population_density": 359.37875 }, "geometry": { "type": "Point", "coordinates": [ 461917.336105463735294, 990907.780925765866414 ] } },
{ "type": "Feature", "properties": { "population_density": 7728.4971 }, "geometry": { "type": "Point", "coordinates": [ 462917.336105463735294, 991407.780925765866414 ] } },
{ "type": "Feature", "properties": { "population_density": 5836.4741 }, "geometry": { "type": "Point", "coordinates": [ 462417.336105463735294, 991407.780925765866414 ] } },
{ "type": "Feature", "properties": { "population_density": 1656.428 }, "geometry": { "type": "Point", "coordinates": [ 461917.336105463735294, 991907.780925765866414 ] } },
{ "type": "Feature", "properties": { "population_density": 9547.9785 }, "geometry": { "type": "Point", "coordinates": [ 462417.336105463735294, 991907.780925765866414 ] } },
{ "type": "Feature", "properties": { "population_density": 11782.354 }, "geometry": { "type": "Point", "coordinates": [ 462917.336105463735294, 991907.780925765866414 ] } },
{ "type": "Feature", "properties": { "population_density": 4347.5415 }, "geometry": { "type": "Point", "coordinates": [ 462417.336105463735294, 992407.780925765866414 ] } },
{ "type": "Feature", "properties": { "population_density": 8606.6895 }, "geometry": { "type": "Point", "coordinates": [ 462917.336105463735294, 992407.780925765866414 ] } },
{ "type": "Feature", "properties": { "population_density": 18140.945 }, "geometry": { "type": "Point", "coordinates": [ 463417.336105463735294, 990907.780925765866414 ] } },
{ "type": "Feature", "properties": { "population_density": 14210.534 }, "geometry": { "type": "Point", "coordinates": [ 464417.336105463735294, 990907.780925765866414 ] } },
{ "type": "Feature", "properties": { "population_density": 17963.066 }, "geometry": { "type": "Point", "coordinates": [ 463917.336105463735294, 990907.780925765866414 ] } },
{ "type": "Feature", "properties": { "population_density": 2724.8315 }, "geometry": { "type": "Point", "coordinates": [ 463417.336105463735294, 991407.780925765866414 ] } },
{ "type": "Feature", "properties": { "population_density": 17893.35 }, "geometry": { "type": "Point", "coordinates": [ 464417.336105463735294, 991407.780925765866414 ] } },
{ "type": "Feature", "properties": { "population_density": 19806.184 }, "geometry": { "type": "Point", "coordinates": [ 463917.336105463735294, 991407.780925765866414 ] } },
{ "type": "Feature", "properties": { "population_density": 12223.496 }, "geometry": { "type": "Point", "coordinates": [ 463417.336105463735294, 991907.780925765866414 ] } },
{ "type": "Feature", "properties": { "population_density": 13383.263 }, "geometry": { "type": "Point", "coordinates": [ 463917.336105463735294, 991907.780925765866414 ] } },
{ "type": "Feature", "properties": { "population_density": 8716.2129 }, "geometry": { "type": "Point", "coordinates": [ 464417.336105463735294, 991907.780925765866414 ] } },
{ "type": "Feature", "properties": { "population_density": 14872.643 }, "geometry": { "type": "Point", "coordinates": [ 463917.336105463735294, 992407.780925765866414 ] } },
{ "type": "Feature", "properties": { "population_density": 3670.2544 }, "geometry": { "type": "Point", "coordinates": [ 461417.336105463735294, 991907.780925765866414 ] } },
{ "type": "Feature", "properties": { "population_density": 8018.3975 }, "geometry": { "type": "Point", "coordinates": [ 463417.336105463735294, 992407.780925765866414 ] } },
{ "type": "Feature", "properties": { "population_density": 8822.7578 }, "geometry": { "type": "Point", "coordinates": [ 464917.336105463735294, 992407.780925765866414 ] } },
{ "type": "Feature", "properties": { "population_density": 10548.57 }, "geometry": { "type": "Point", "coordinates": [ 464417.336105463735294, 992407.780925765866414 ] } },
{ "type": "Feature", "properties": { "population_density": 17485.467 }, "geometry": { "type": "Point", "coordinates": [ 464417.336105463735294, 992907.780925765866414 ] } },
{ "type": "Feature", "properties": { "population_density": 12782.925 }, "geometry": { "type": "Point", "coordinates": [ 463917.336105463735294, 992907.780925765866414 ] } },
{ "type": "Feature", "properties": { "population_density": 17643.637 }, "geometry": { "type": "Point", "coordinates": [ 463917.336105463735294, 993407.780925765866414 ] } },
{ "type": "Feature", "properties": { "population_density": 14470.604 }, "geometry": { "type": "Point", "coordinates": [ 464417.336105463735294, 993407.780925765866414 ] } },
{ "type": "Feature", "properties": { "population_density": 20202.758 }, "geometry": { "type": "Point", "coordinates": [ 464417.336105463735294, 993907.780925765866414 ] } },
{ "type": "Feature", "properties": { "population_density": 12010.023 }, "geometry": { "type": "Point", "coordinates": [ 463417.336105463735294, 993907.780925765866414 ] } },
{ "type": "Feature", "properties": { "population_density": 18942.826 }, "geometry": { "type": "Point", "coordinates": [ 463917.336105463735294, 993907.780925765866414 ] } },
{ "type": "Feature", "properties": { "population_density": 5520.6328 }, "geometry": { "type": "Point", "coordinates": [ 462917.336105463735294, 992907.780925765866414 ] } },
{ "type": "Feature", "properties": { "population_density": 6069.293 }, "geometry": { "type": "Point", "coordinates": [ 463417.336105463735294, 992907.780925765866414 ] } },
{ "type": "Feature", "properties": { "population_density": 9607.29 }, "geometry": { "type": "Point", "coordinates": [ 463417.336105463735294, 993407.780925765866414 ] } },
{ "type": "Feature", "properties": { "population_density": 0.0 }, "geometry": { "type": "Point", "coordinates": [ 462917.336105463735294, 993407.780925765866414 ] } },
{ "type": "Feature", "properties": { "population_density": 6073.0469 }, "geometry": { "type": "Point", "coordinates": [ 462917.336105463735294, 993907.780925765866414 ] } },
{ "type": "Feature", "properties": { "population_density": 3502.2783 }, "geometry": { "type": "Point", "coordinates": [ 462917.336105463735294, 994407.780925765866414 ] } },
{ "type": "Feature", "properties": { "population_density": 4920.6572 }, "geometry": { "type": "Point", "coordinates": [ 462417.336105463735294, 994907.780925765866414 ] } },
{ "type": "Feature", "properties": { "population_density": 8769.5186 }, "geometry": { "type": "Point", "coordinates": [ 462917.336105463735294, 994907.780925765866414 ] } },
{ "type": "Feature", "properties": { "population_density": 14610.9 }, "geometry": { "type": "Point", "coordinates": [ 463417.336105463735294, 994907.780925765866414 ] } },
{ "type": "Feature", "properties": { "population_density": 30.05258 }, "geometry": { "type": "Point", "coordinates": [ 461917.336105463735294, 995407.780925765866414 ] } },
{ "type": "Feature", "properties": { "population_density": 1254.845 }, "geometry": { "type": "Point", "coordinates": [ 462417.336105463735294, 995407.780925765866414 ] } },
{ "type": "Feature", "properties": { "population_density": 19259.9 }, "geometry": { "type": "Point", "coordinates": [ 464417.336105463735294, 994407.780925765866414 ] } },
{ "type": "Feature", "properties": { "population_density": 21731.666 }, "geometry": { "type": "Point", "coordinates": [ 463917.336105463735294, 994407.780925765866414 ] } },
{ "type": "Feature", "properties": { "population_density": 14593.921 }, "geometry": { "type": "Point", "coordinates": [ 463417.336105463735294, 994407.780925765866414 ] } },
{ "type": "Feature", "properties": { "population_density": 23524.127 }, "geometry": { "type": "Point", "coordinates": [ 464417.336105463735294, 994907.780925765866414 ] } },
{ "type": "Feature", "properties": { "population_density": 21970.4 }, "geometry": { "type": "Point", "coordinates": [ 463917.336105463735294, 994907.780925765866414 ] } },
{ "type": "Feature", "properties": { "population_density": 21777.701 }, "geometry": { "type": "Point", "coordinates": [ 464917.336105463735294, 994907.780925765866414 ] } },
{ "type": "Feature", "properties": { "population_density": 19341.121 }, "geometry": { "type": "Point", "coordinates": [ 464917.336105463735294, 995407.780925765866414 ] } },
{ "type": "Feature", "properties": { "population_density": 18518.354 }, "geometry": { "type": "Point", "coordinates": [ 464417.336105463735294, 995407.780925765866414 ] } },
{ "type": "Feature", "properties": { "population_density": 10110.559 }, "geometry": { "type": "Point", "coordinates": [ 463417.336105463735294, 995407.780925765866414 ] } },
{ "type": "Feature", "properties": { "population_density": 21478.303 }, "geometry": { "type": "Point", "coordinates": [ 463917.336105463735294, 995407.780925765866414 ] } },
{ "type": "Feature", "properties": { "population_density": 0.0 }, "geometry": { "type": "Point", "coordinates": [ 461917.336105463735294, 995907.780925765866414 ] } },
{ "type": "Feature", "properties": { "population_density": 5337.5264 }, "geometry": { "type": "Point", "coordinates": [ 462917.336105463735294, 995407.780925765866414 ] } },
{ "type": "Feature", "properties": { "population_density": 0.0 }, "geometry": { "type": "Point", "coordinates": [ 462417.336105463735294, 995907.780925765866414 ] } },
{ "type": "Feature", "properties": { "population_density": 0.0 }, "geometry": { "type": "Point", "coordinates": [ 463417.336105463735294, 995907.780925765866414 ] } },
{ "type": "Feature", "properties": { "population_density": 9080.251 }, "geometry": { "type": "Point", "coordinates": [ 462917.336105463735294, 995907.780925765866414 ] } },
{ "type": "Feature", "properties": { "population_density": 14444.128 }, "geometry": { "type": "Point", "coordinates": [ 466917.336105463735294, 995407.780925765866414 ] } },
{ "type": "Feature", "properties": { "population_density": 17550.053 }, "geometry": { "type": "Point", "coordinates": [ 467417.336105463735294, 995907.780925765866414 ] } },
{ "type": "Feature", "properties": { "population_density": 18446.754 }, "geometry": { "type": "Point", "coordinates": [ 467917.336105463735294, 995907.780925765866414 ] } },
{ "type": "Feature", "properties": { "population_density": 4661.0518 }, "geometry": { "type": "Point", "coordinates": [ 466917.336105463735294, 995907.780925765866414 ] } },
{ "type": "Feature", "properties": { "population_density": 1274.8612 }, "geometry": { "type": "Point", "coordinates": [ 466417.336105463735294, 996407.780925765866414 ] } },
{ "type": "Feature", "properties": { "population_density": 3036.7117 }, "geometry": { "type": "Point", "coordinates": [ 466917.336105463735294, 996407.780925765866414 ] } },
{ "type": "Feature", "properties": { "population_density": 19531.953 }, "geometry": { "type": "Point", "coordinates": [ 467417.336105463735294, 996407.780925765866414 ] } },
{ "type": "Feature", "properties": { "population_density": 23817.514 }, "geometry": { "type": "Point", "coordinates": [ 467417.336105463735294, 996907.780925765866414 ] } },
{ "type": "Feature", "properties": { "population_density": 23685.891 }, "geometry": { "type": "Point", "coordinates": [ 466917.336105463735294, 996907.780925765866414 ] } },
{ "type": "Feature", "properties": { "population_density": 22975.992 }, "geometry": { "type": "Point", "coordinates": [ 466417.336105463735294, 996907.780925765866414 ] } },
{ "type": "Feature", "properties": { "population_density": 6468.7603 }, "geometry": { "type": "Point", "coordinates": [ 468417.336105463735294, 995907.780925765866414 ] } },
{ "type": "Feature", "properties": { "population_density": 21579.986 }, "geometry": { "type": "Point", "coordinates": [ 468917.336105463735294, 995907.780925765866414 ] } },
{ "type": "Feature", "properties": { "population_density": 8581.043 }, "geometry": { "type": "Point", "coordinates": [ 469417.336105463735294, 995907.780925765866414 ] } },
{ "type": "Feature", "properties": { "population_density": 10135.737 }, "geometry": { "type": "Point", "coordinates": [ 469417.336105463735294, 996407.780925765866414 ] } },
{ "type": "Feature", "properties": { "population_density": 3299.425 }, "geometry": { "type": "Point", "coordinates": [ 468417.336105463735294, 996407.780925765866414 ] } },
{ "type": "Feature", "properties": { "population_density": 8194.2598 }, "geometry": { "type": "Point", "coordinates": [ 468917.336105463735294, 996407.780925765866414 ] } },
{ "type": "Feature", "properties": { "population_density": 23329.688 }, "geometry": { "type": "Point", "coordinates": [ 467917.336105463735294, 996407.780925765866414 ] } },
{ "type": "Feature", "properties": { "population_density": 7219.0527 }, "geometry": { "type": "Point", "coordinates": [ 468917.336105463735294, 996907.780925765866414 ] } },
{ "type": "Feature", "properties": { "population_density": 6573.9189 }, "geometry": { "type": "Point", "coordinates": [ 468417.336105463735294, 996907.780925765866414 ] } },
{ "type": "Feature", "properties": { "population_density": 18700.756 }, "geometry": { "type": "Point", "coordinates": [ 467917.336105463735294, 996907.780925765866414 ] } },
{ "type": "Feature", "properties": { "population_density": 14795.325 }, "geometry": { "type": "Point", "coordinates": [ 465917.336105463735294, 996407.780925765866414 ] } },
{ "type": "Feature", "properties": { "population_density": 7193.8418 }, "geometry": { "type": "Point", "coordinates": [ 465417.336105463735294, 996907.780925765866414 ] } },
{ "type": "Feature", "properties": { "population_density": 14741.604 }, "geometry": { "type": "Point", "coordinates": [ 465917.336105463735294, 996907.780925765866414 ] } },
{ "type": "Feature", "properties": { "population_density": 12945.644 }, "geometry": { "type": "Point", "coordinates": [ 464917.336105463735294, 996907.780925765866414 ] } },
{ "type": "Feature", "properties": { "population_density": 16975.451 }, "geometry": { "type": "Point", "coordinates": [ 465917.336105463735294, 997407.780925765866414 ] } },
{ "type": "Feature", "properties": { "population_density": 7968.5625 }, "geometry": { "type": "Point", "coordinates": [ 465417.336105463735294, 997407.780925765866414 ] } },
{ "type": "Feature", "properties": { "population_density": 3873.0474 }, "geometry": { "type": "Point", "coordinates": [ 464917.336105463735294, 997407.780925765866414 ] } },
{ "type": "Feature", "properties": { "population_density": 5360.9165 }, "geometry": { "type": "Point", "coordinates": [ 465917.336105463735294, 997907.780925765866414 ] } },
{ "type": "Feature", "properties": { "population_density": 5062.2432 }, "geometry": { "type": "Point", "coordinates": [ 465417.336105463735294, 997907.780925765866414 ] } },
{ "type": "Feature", "properties": { "population_density": 4278.9932 }, "geometry": { "type": "Point", "coordinates": [ 465917.336105463735294, 998407.780925765866414 ] } },
{ "type": "Feature", "properties": { "population_density": 23262.873 }, "geometry": { "type": "Point", "coordinates": [ 466917.336105463735294, 997407.780925765866414 ] } },
{ "type": "Feature", "properties": { "population_density": 4499.707 }, "geometry": { "type": "Point", "coordinates": [ 467417.336105463735294, 997407.780925765866414 ] } },
{ "type": "Feature", "properties": { "population_density": 6627.3755 }, "geometry": { "type": "Point", "coordinates": [ 467917.336105463735294, 997407.780925765866414 ] } },
{ "type": "Feature", "properties": { "population_density": 9959.9531 }, "geometry": { "type": "Point", "coordinates": [ 466417.336105463735294, 997407.780925765866414 ] } },
{ "type": "Feature", "properties": { "population_density": 10165.654 }, "geometry": { "type": "Point", "coordinates": [ 466917.336105463735294, 997907.780925765866414 ] } },
{ "type": "Feature", "properties": { "population_density": 11082.463 }, "geometry": { "type": "Point", "coordinates": [ 467417.336105463735294, 997907.780925765866414 ] } },
{ "type": "Feature", "properties": { "population_density": 9594.8691 }, "geometry": { "type": "Point", "coordinates": [ 467917.336105463735294, 997907.780925765866414 ] } },
{ "type": "Feature", "properties": { "population_density": 4327.5889 }, "geometry": { "type": "Point", "coordinates": [ 466417.336105463735294, 997907.780925765866414 ] } },
{ "type": "Feature", "properties": { "population_density": 8615.9541 }, "geometry": { "type": "Point", "coordinates": [ 466917.336105463735294, 998407.780925765866414 ] } },
{ "type": "Feature", "properties": { "population_density": 12424.281 }, "geometry": { "type": "Point", "coordinates": [ 467417.336105463735294, 998407.780925765866414 ] } },
{ "type": "Feature", "properties": { "population_density": 25639.215 }, "geometry": { "type": "Point", "coordinates": [ 468917.336105463735294, 997407.780925765866414 ] } },
{ "type": "Feature", "properties": { "population_density": 25634.887 }, "geometry": { "type": "Point", "coordinates": [ 468417.336105463735294, 997407.780925765866414 ] } },
{ "type": "Feature", "properties": { "population_density": 23730.26 }, "geometry": { "type": "Point", "coordinates": [ 469417.336105463735294, 997407.780925765866414 ] } },
{ "type": "Feature", "properties": { "population_density": 25738.279 }, "geometry": { "type": "Point", "coordinates": [ 468917.336105463735294, 997907.780925765866414 ] } },
{ "type": "Feature", "properties": { "population_density": 26929.797 }, "geometry": { "type": "Point", "coordinates": [ 468417.336105463735294, 997907.780925765866414 ] } },
{ "type": "Feature", "properties": { "population_density": 13356.979 }, "geometry": { "type": "Point", "coordinates": [ 469417.336105463735294, 997907.780925765866414 ] } },
{ "type": "Feature", "properties": { "population_density": 24033.725 }, "geometry": { "type": "Point", "coordinates": [ 468917.336105463735294, 998407.780925765866414 ] } },
{ "type": "Feature", "properties": { "population_density": 20946.496 }, "geometry": { "type": "Point", "coordinates": [ 469417.336105463735294, 998407.780925765866414 ] } },
{ "type": "Feature", "properties": { "population_density": 24596.508 }, "geometry": { "type": "Point", "coordinates": [ 468417.336105463735294, 998407.780925765866414 ] } },
{ "type": "Feature", "properties": { "population_density": 23365.0 }, "geometry": { "type": "Point", "coordinates": [ 467917.336105463735294, 998407.780925765866414 ] } },
{ "type": "Feature", "properties": { "population_density": 3917.6621 }, "geometry": { "type": "Point", "coordinates": [ 466417.336105463735294, 998407.780925765866414 ] } },
{ "type": "Feature", "properties": { "population_density": 19614.652 }, "geometry": { "type": "Point", "coordinates": [ 465417.336105463735294, 998407.780925765866414 ] } },
{ "type": "Feature", "properties": { "population_density": 2177.5889 }, "geometry": { "type": "Point", "coordinates": [ 464917.336105463735294, 998907.780925765866414 ] } },
{ "type": "Feature", "properties": { "population_density": 10920.834 }, "geometry": { "type": "Point", "coordinates": [ 465917.336105463735294, 998907.780925765866414 ] } },
{ "type": "Feature", "properties": { "population_density": 13924.245 }, "geometry": { "type": "Point", "coordinates": [ 465417.336105463735294, 998907.780925765866414 ] } },
{ "type": "Feature", "properties": { "population_density": 4165.834 }, "geometry": { "type": "Point", "coordinates": [ 464917.336105463735294, 999407.780925765866414 ] } },
{ "type": "Feature", "properties": { "population_density": 7871.0054 }, "geometry": { "type": "Point", "coordinates": [ 465917.336105463735294, 999407.780925765866414 ] } },
{ "type": "Feature", "properties": { "population_density": 8393.0771 }, "geometry": { "type": "Point", "coordinates": [ 465417.336105463735294, 999407.780925765866414 ] } },
{ "type": "Feature", "properties": { "population_density": 12916.521 }, "geometry": { "type": "Point", "coordinates": [ 465917.336105463735294, 999907.780925765866414 ] } },
{ "type": "Feature", "properties": { "population_density": 26711.242 }, "geometry": { "type": "Point", "coordinates": [ 467417.336105463735294, 998907.780925765866414 ] } },
{ "type": "Feature", "properties": { "population_density": 13208.621 }, "geometry": { "type": "Point", "coordinates": [ 466917.336105463735294, 998907.780925765866414 ] } },
{ "type": "Feature", "properties": { "population_density": 22842.791 }, "geometry": { "type": "Point", "coordinates": [ 467917.336105463735294, 998907.780925765866414 ] } },
{ "type": "Feature", "properties": { "population_density": 11763.415 }, "geometry": { "type": "Point", "coordinates": [ 466417.336105463735294, 998907.780925765866414 ] } },
{ "type": "Feature", "properties": { "population_density": 16459.078 }, "geometry": { "type": "Point", "coordinates": [ 467917.336105463735294, 999407.780925765866414 ] } },
{ "type": "Feature", "properties": { "population_density": 18579.297 }, "geometry": { "type": "Point", "coordinates": [ 466417.336105463735294, 999407.780925765866414 ] } },
{ "type": "Feature", "properties": { "population_density": 22786.695 }, "geometry": { "type": "Point", "coordinates": [ 466917.336105463735294, 999407.780925765866414 ] } },
{ "type": "Feature", "properties": { "population_density": 13712.106 }, "geometry": { "type": "Point", "coordinates": [ 467417.336105463735294, 999407.780925765866414 ] } },
{ "type": "Feature", "properties": { "population_density": 23733.826 }, "geometry": { "type": "Point", "coordinates": [ 466917.336105463735294, 999907.780925765866414 ] } },
{ "type": "Feature", "properties": { "population_density": 19646.453 }, "geometry": { "type": "Point", "coordinates": [ 467417.336105463735294, 999907.780925765866414 ] } },
{ "type": "Feature", "properties": { "population_density": 25482.504 }, "geometry": { "type": "Point", "coordinates": [ 468417.336105463735294, 998907.780925765866414 ] } },
{ "type": "Feature", "properties": { "population_density": 10953.333 }, "geometry": { "type": "Point", "coordinates": [ 468917.336105463735294, 998907.780925765866414 ] } },
{ "type": "Feature", "properties": { "population_density": 21449.055 }, "geometry": { "type": "Point", "coordinates": [ 469417.336105463735294, 998907.780925765866414 ] } },
{ "type": "Feature", "properties": { "population_density": 16385.24 }, "geometry": { "type": "Point", "coordinates": [ 468917.336105463735294, 999407.780925765866414 ] } },
{ "type": "Feature", "properties": { "population_density": 11019.981 }, "geometry": { "type": "Point", "coordinates": [ 468417.336105463735294, 999407.780925765866414 ] } },
{ "type": "Feature", "properties": { "population_density": 20725.258 }, "geometry": { "type": "Point", "coordinates": [ 469417.336105463735294, 999907.780925765866414 ] } },
{ "type": "Feature", "properties": { "population_density": 17992.637 }, "geometry": { "type": "Point", "coordinates": [ 468417.336105463735294, 999907.780925765866414 ] } },
{ "type": "Feature", "properties": { "population_density": 22791.791 }, "geometry": { "type": "Point", "coordinates": [ 468917.336105463735294, 999907.780925765866414 ] } },
{ "type": "Feature", "properties": { "population_density": 20936.625 }, "geometry": { "type": "Point", "coordinates": [ 467917.336105463735294, 999907.780925765866414 ] } },
{ "type": "Feature", "properties": { "population_density": 23319.746 }, "geometry": { "type": "Point", "coordinates": [ 469417.336105463735294, 1000407.780925765866414 ] } },
{ "type": "Feature", "properties": { "population_density": 0.0 }, "geometry": { "type": "Point", "coordinates": [ 465417.336105463735294, 999907.780925765866414 ] } },
{ "type": "Feature", "properties": { "population_density": 8254.6309 }, "geometry": { "type": "Point", "coordinates": [ 465917.336105463735294, 1000407.780925765866414 ] } },
{ "type": "Feature", "properties": { "population_density": 0.0 }, "geometry": { "type": "Point", "coordinates": [ 465417.336105463735294, 1000407.780925765866414 ] } },
{ "type": "Feature", "properties": { "population_density": 9352.0615 }, "geometry": { "type": "Point", "coordinates": [ 465917.336105463735294, 1000907.780925765866414 ] } },
{ "type": "Feature", "properties": { "population_density": 0.0 }, "geometry": { "type": "Point", "coordinates": [ 465417.336105463735294, 1000907.780925765866414 ] } },
{ "type": "Feature", "properties": { "population_density": 18278.932 }, "geometry": { "type": "Point", "coordinates": [ 466417.336105463735294, 1000907.780925765866414 ] } },
{ "type": "Feature", "properties": { "population_density": 24263.99 }, "geometry": { "type": "Point", "coordinates": [ 465917.336105463735294, 1001407.780925765866414 ] } },
{ "type": "Feature", "properties": { "population_density": 0.0 }, "geometry": { "type": "Point", "coordinates": [ 465417.336105463735294, 1001407.780925765866414 ] } },
{ "type": "Feature", "properties": { "population_density": 20521.045 }, "geometry": { "type": "Point", "coordinates": [ 467917.336105463735294, 1000407.780925765866414 ] } },
{ "type": "Feature", "properties": { "population_density": 11723.328 }, "geometry": { "type": "Point", "coordinates": [ 468417.336105463735294, 1000407.780925765866414 ] } },
{ "type": "Feature", "properties": { "population_density": 15553.308 }, "geometry": { "type": "Point", "coordinates": [ 468917.336105463735294, 1000407.780925765866414 ] } },
{ "type": "Feature", "properties": { "population_density": 22673.477 }, "geometry": { "type": "Point", "coordinates": [ 468417.336105463735294, 1000907.780925765866414 ] } },
{ "type": "Feature", "properties": { "population_density": 24077.029 }, "geometry": { "type": "Point", "coordinates": [ 469417.336105463735294, 1000907.780925765866414 ] } },
{ "type": "Feature", "properties": { "population_density": 13902.565 }, "geometry": { "type": "Point", "coordinates": [ 468917.336105463735294, 1000907.780925765866414 ] } },
{ "type": "Feature", "properties": { "population_density": 23612.684 }, "geometry": { "type": "Point", "coordinates": [ 467917.336105463735294, 1001407.780925765866414 ] } },
{ "type": "Feature", "properties": { "population_density": 13650.388 }, "geometry": { "type": "Point", "coordinates": [ 468917.336105463735294, 1001407.780925765866414 ] } },
{ "type": "Feature", "properties": { "population_density": 18856.975 }, "geometry": { "type": "Point", "coordinates": [ 468417.336105463735294, 1001407.780925765866414 ] } },
{ "type": "Feature", "properties": { "population_density": 20542.09 }, "geometry": { "type": "Point", "coordinates": [ 469417.336105463735294, 1001407.780925765866414 ] } },
{ "type": "Feature", "properties": { "population_density": 21230.713 }, "geometry": { "type": "Point", "coordinates": [ 471417.336105463735294, 995407.780925765866414 ] } },
{ "type": "Feature", "properties": { "population_density": 22318.434 }, "geometry": { "type": "Point", "coordinates": [ 471917.336105463735294, 995407.780925765866414 ] } },
{ "type": "Feature", "properties": { "population_density": 10862.416 }, "geometry": { "type": "Point", "coordinates": [ 472417.336105463735294, 995407.780925765866414 ] } },
{ "type": "Feature", "properties": { "population_density": 20754.918 }, "geometry": { "type": "Point", "coordinates": [ 472417.336105463735294, 995907.780925765866414 ] } },
{ "type": "Feature", "properties": { "population_density": 13665.35 }, "geometry": { "type": "Point", "coordinates": [ 471917.336105463735294, 995907.780925765866414 ] } },
{ "type": "Feature", "properties": { "population_density": 21173.781 }, "geometry": { "type": "Point", "coordinates": [ 471417.336105463735294, 995907.780925765866414 ] } },
{ "type": "Feature", "properties": { "population_density": 20277.117 }, "geometry": { "type": "Point", "coordinates": [ 471417.336105463735294, 996407.780925765866414 ] } },
{ "type": "Feature", "properties": { "population_density": 14826.623 }, "geometry": { "type": "Point", "coordinates": [ 471917.336105463735294, 996407.780925765866414 ] } },
{ "type": "Feature", "properties": { "population_density": 14706.39 }, "geometry": { "type": "Point", "coordinates": [ 472417.336105463735294, 996907.780925765866414 ] } },
{ "type": "Feature", "properties": { "population_density": 23740.762 }, "geometry": { "type": "Point", "coordinates": [ 471417.336105463735294, 996907.780925765866414 ] } },
{ "type": "Feature", "properties": { "population_density": 12981.119 }, "geometry": { "type": "Point", "coordinates": [ 470917.336105463735294, 996907.780925765866414 ] } },
{ "type": "Feature", "properties": { "population_density": 22645.279 }, "geometry": { "type": "Point", "coordinates": [ 470917.336105463735294, 997407.780925765866414 ] } },
{ "type": "Feature", "properties": { "population_density": 21445.574 }, "geometry": { "type": "Point", "coordinates": [ 469917.336105463735294, 997407.780925765866414 ] } },
{ "type": "Feature", "properties": { "population_density": 22030.426 }, "geometry": { "type": "Point", "coordinates": [ 470417.336105463735294, 997407.780925765866414 ] } },
{ "type": "Feature", "properties": { "population_density": 24776.969 }, "geometry": { "type": "Point", "coordinates": [ 470417.336105463735294, 997907.780925765866414 ] } },
{ "type": "Feature", "properties": { "population_density": 16783.527 }, "geometry": { "type": "Point", "coordinates": [ 469917.336105463735294, 997907.780925765866414 ] } },
{ "type": "Feature", "properties": { "population_density": 16117.256 }, "geometry": { "type": "Point", "coordinates": [ 470917.336105463735294, 997907.780925765866414 ] } },
{ "type": "Feature", "properties": { "population_density": 24765.902 }, "geometry": { "type": "Point", "coordinates": [ 470417.336105463735294, 998407.780925765866414 ] } },
{ "type": "Feature", "properties": { "population_density": 22749.494 }, "geometry": { "type": "Point", "coordinates": [ 469917.336105463735294, 998407.780925765866414 ] } },
{ "type": "Feature", "properties": { "population_density": 82.98896 }, "geometry": { "type": "Point", "coordinates": [ 470917.336105463735294, 998407.780925765866414 ] } },
{ "type": "Feature", "properties": { "population_density": 13874.57 }, "geometry": { "type": "Point", "coordinates": [ 473417.336105463735294, 996907.780925765866414 ] } },
{ "type": "Feature", "properties": { "population_density": 5813.0938 }, "geometry": { "type": "Point", "coordinates": [ 473417.336105463735294, 997407.780925765866414 ] } },
{ "type": "Feature", "properties": { "population_density": 1911.5542 }, "geometry": { "type": "Point", "coordinates": [ 473917.336105463735294, 997407.780925765866414 ] } },
{ "type": "Feature", "properties": { "population_density": 8532.1416 }, "geometry": { "type": "Point", "coordinates": [ 472917.336105463735294, 997407.780925765866414 ] } },
{ "type": "Feature", "properties": { "population_density": 14741.612 }, "geometry": { "type": "Point", "coordinates": [ 473417.336105463735294, 997907.780925765866414 ] } },
{ "type": "Feature", "properties": { "population_density": 18266.107 }, "geometry": { "type": "Point", "coordinates": [ 472917.336105463735294, 997907.780925765866414 ] } },
{ "type": "Feature", "properties": { "population_density": 5974.5312 }, "geometry": { "type": "Point", "coordinates": [ 473917.336105463735294, 997907.780925765866414 ] } },
{ "type": "Feature", "properties": { "population_density": 14567.824 }, "geometry": { "type": "Point", "coordinates": [ 473917.336105463735294, 998407.780925765866414 ] } },
{ "type": "Feature", "properties": { "population_density": 19773.553 }, "geometry": { "type": "Point", "coordinates": [ 472917.336105463735294, 998407.780925765866414 ] } },
{ "type": "Feature", "properties": { "population_density": 22265.883 }, "geometry": { "type": "Point", "coordinates": [ 473417.336105463735294, 998407.780925765866414 ] } },
{ "type": "Feature", "properties": { "population_density": 21979.484 }, "geometry": { "type": "Point", "coordinates": [ 471917.336105463735294, 996907.780925765866414 ] } },
{ "type": "Feature", "properties": { "population_density": 14786.221 }, "geometry": { "type": "Point", "coordinates": [ 471917.336105463735294, 997407.780925765866414 ] } },
{ "type": "Feature", "properties": { "population_density": 23317.623 }, "geometry": { "type": "Point", "coordinates": [ 471417.336105463735294, 997407.780925765866414 ] } },
{ "type": "Feature", "properties": { "population_density": 24543.275 }, "geometry": { "type": "Point", "coordinates": [ 472417.336105463735294, 997407.780925765866414 ] } },
{ "type": "Feature", "properties": { "population_density": 16045.975 }, "geometry": { "type": "Point", "coordinates": [ 471917.336105463735294, 997907.780925765866414 ] } },
{ "type": "Feature", "properties": { "population_density": 22725.197 }, "geometry": { "type": "Point", "coordinates": [ 472417.336105463735294, 997907.780925765866414 ] } },
{ "type": "Feature", "properties": { "population_density": 1893.9595 }, "geometry": { "type": "Point", "coordinates": [ 471417.336105463735294, 997907.780925765866414 ] } },
{ "type": "Feature", "properties": { "population_density": 19679.291 }, "geometry": { "type": "Point", "coordinates": [ 471917.336105463735294, 998407.780925765866414 ] } },
{ "type": "Feature", "properties": { "population_density": 16930.834 }, "geometry": { "type": "Point", "coordinates": [ 472417.336105463735294, 998407.780925765866414 ] } },
{ "type": "Feature", "properties": { "population_density": 1599.1543 }, "geometry": { "type": "Point", "coordinates": [ 471417.336105463735294, 998407.780925765866414 ] } },
{ "type": "Feature", "properties": { "population_density": 22919.957 }, "geometry": { "type": "Point", "coordinates": [ 474417.336105463735294, 996907.780925765866414 ] } },
{ "type": "Feature", "properties": { "population_density": 22095.537 }, "geometry": { "type": "Point", "coordinates": [ 475417.336105463735294, 996907.780925765866414 ] } },
{ "type": "Feature", "properties": { "population_density": 23447.043 }, "geometry": { "type": "Point", "coordinates": [ 474917.336105463735294, 997407.780925765866414 ] } },
{ "type": "Feature", "properties": { "population_density": 22865.828 }, "geometry": { "type": "Point", "coordinates": [ 474417.336105463735294, 997407.780925765866414 ] } },
{ "type": "Feature", "properties": { "population_density": 10911.999 }, "geometry": { "type": "Point", "coordinates": [ 475417.336105463735294, 997407.780925765866414 ] } },
{ "type": "Feature", "properties": { "population_density": 23580.273 }, "geometry": { "type": "Point", "coordinates": [ 474917.336105463735294, 997907.780925765866414 ] } },
{ "type": "Feature", "properties": { "population_density": 22414.344 }, "geometry": { "type": "Point", "coordinates": [ 475417.336105463735294, 997907.780925765866414 ] } },
{ "type": "Feature", "properties": { "population_density": 10466.042 }, "geometry": { "type": "Point", "coordinates": [ 474417.336105463735294, 997907.780925765866414 ] } },
{ "type": "Feature", "properties": { "population_density": 21000.488 }, "geometry": { "type": "Point", "coordinates": [ 474917.336105463735294, 998407.780925765866414 ] } },
{ "type": "Feature", "properties": { "population_density": 20771.258 }, "geometry": { "type": "Point", "coordinates": [ 475417.336105463735294, 998407.780925765866414 ] } },
{ "type": "Feature", "properties": { "population_density": 21432.311 }, "geometry": { "type": "Point", "coordinates": [ 474417.336105463735294, 998407.780925765866414 ] } },
{ "type": "Feature", "properties": { "population_density": 23162.297 }, "geometry": { "type": "Point", "coordinates": [ 474917.336105463735294, 998907.780925765866414 ] } },
{ "type": "Feature", "properties": { "population_density": 24492.455 }, "geometry": { "type": "Point", "coordinates": [ 475417.336105463735294, 998907.780925765866414 ] } },
{ "type": "Feature", "properties": { "population_density": 23552.842 }, "geometry": { "type": "Point", "coordinates": [ 474417.336105463735294, 998907.780925765866414 ] } },
{ "type": "Feature", "properties": { "population_density": 2075.9771 }, "geometry": { "type": "Point", "coordinates": [ 474917.336105463735294, 999407.780925765866414 ] } },
{ "type": "Feature", "properties": { "population_density": 24037.309 }, "geometry": { "type": "Point", "coordinates": [ 475417.336105463735294, 999407.780925765866414 ] } },
{ "type": "Feature", "properties": { "population_density": 24151.795 }, "geometry": { "type": "Point", "coordinates": [ 474417.336105463735294, 999407.780925765866414 ] } },
{ "type": "Feature", "properties": { "population_density": 14861.503 }, "geometry": { "type": "Point", "coordinates": [ 474417.336105463735294, 999907.780925765866414 ] } },
{ "type": "Feature", "properties": { "population_density": 11005.366 }, "geometry": { "type": "Point", "coordinates": [ 474917.336105463735294, 999907.780925765866414 ] } },
{ "type": "Feature", "properties": { "population_density": 22332.479 }, "geometry": { "type": "Point", "coordinates": [ 475417.336105463735294, 999907.780925765866414 ] } },
{ "type": "Feature", "properties": { "population_density": 24288.848 }, "geometry": { "type": "Point", "coordinates": [ 469917.336105463735294, 998907.780925765866414 ] } },
{ "type": "Feature", "properties": { "population_density": 23767.385 }, "geometry": { "type": "Point", "coordinates": [ 470417.336105463735294, 998907.780925765866414 ] } },
{ "type": "Feature", "properties": { "population_density": 23442.539 }, "geometry": { "type": "Point", "coordinates": [ 470917.336105463735294, 998907.780925765866414 ] } },
{ "type": "Feature", "properties": { "population_density": 22692.867 }, "geometry": { "type": "Point", "coordinates": [ 470917.336105463735294, 999407.780925765866414 ] } },
{ "type": "Feature", "properties": { "population_density": 23340.992 }, "geometry": { "type": "Point", "coordinates": [ 469917.336105463735294, 999407.780925765866414 ] } },
{ "type": "Feature", "properties": { "population_density": 24129.607 }, "geometry": { "type": "Point", "coordinates": [ 470417.336105463735294, 999407.780925765866414 ] } },
{ "type": "Feature", "properties": { "population_density": 21810.166 }, "geometry": { "type": "Point", "coordinates": [ 469417.336105463735294, 999407.780925765866414 ] } },
{ "type": "Feature", "properties": { "population_density": 22359.023 }, "geometry": { "type": "Point", "coordinates": [ 469917.336105463735294, 999907.780925765866414 ] } },
{ "type": "Feature", "properties": { "population_density": 21848.953 }, "geometry": { "type": "Point", "coordinates": [ 470417.336105463735294, 999907.780925765866414 ] } },
{ "type": "Feature", "properties": { "population_density": 19941.061 }, "geometry": { "type": "Point", "coordinates": [ 470917.336105463735294, 999907.780925765866414 ] } },
{ "type": "Feature", "properties": { "population_density": 14640.013 }, "geometry": { "type": "Point", "coordinates": [ 471917.336105463735294, 998907.780925765866414 ] } },
{ "type": "Feature", "properties": { "population_density": 22818.65 }, "geometry": { "type": "Point", "coordinates": [ 471417.336105463735294, 998907.780925765866414 ] } },
{ "type": "Feature", "properties": { "population_density": 20923.09 }, "geometry": { "type": "Point", "coordinates": [ 472417.336105463735294, 998907.780925765866414 ] } },
{ "type": "Feature", "properties": { "population_density": 23887.926 }, "geometry": { "type": "Point", "coordinates": [ 472417.336105463735294, 999407.780925765866414 ] } },
{ "type": "Feature", "properties": { "population_density": 15867.821 }, "geometry": { "type": "Point", "coordinates": [ 471917.336105463735294, 999407.780925765866414 ] } },
{ "type": "Feature", "properties": { "population_density": 22366.984 }, "geometry": { "type": "Point", "coordinates": [ 471417.336105463735294, 999407.780925765866414 ] } },
{ "type": "Feature", "properties": { "population_density": 23757.619 }, "geometry": { "type": "Point", "coordinates": [ 471917.336105463735294, 999907.780925765866414 ] } },
{ "type": "Feature", "properties": { "population_density": 22821.992 }, "geometry": { "type": "Point", "coordinates": [ 472417.336105463735294, 999907.780925765866414 ] } },
{ "type": "Feature", "properties": { "population_density": 19776.023 }, "geometry": { "type": "Point", "coordinates": [ 471417.336105463735294, 999907.780925765866414 ] } },
{ "type": "Feature", "properties": { "population_density": 22561.131 }, "geometry": { "type": "Point", "coordinates": [ 472417.336105463735294, 1000407.780925765866414 ] } },
{ "type": "Feature", "properties": { "population_density": 20359.533 }, "geometry": { "type": "Point", "coordinates": [ 472917.336105463735294, 998907.780925765866414 ] } },
{ "type": "Feature", "properties": { "population_density": 13505.445 }, "geometry": { "type": "Point", "coordinates": [ 473917.336105463735294, 998907.780925765866414 ] } },
{ "type": "Feature", "properties": { "population_density": 16470.172 }, "geometry": { "type": "Point", "coordinates": [ 473417.336105463735294, 998907.780925765866414 ] } },
{ "type": "Feature", "properties": { "population_density": 22736.271 }, "geometry": { "type": "Point", "coordinates": [ 473417.336105463735294, 999407.780925765866414 ] } },
{ "type": "Feature", "properties": { "population_density": 12973.247 }, "geometry": { "type": "Point", "coordinates": [ 473917.336105463735294, 999407.780925765866414 ] } },
{ "type": "Feature", "properties": { "population_density": 13810.626 }, "geometry": { "type": "Point", "coordinates": [ 472917.336105463735294, 999407.780925765866414 ] } },
{ "type": "Feature", "properties": { "population_density": 12425.014 }, "geometry": { "type": "Point", "coordinates": [ 473417.336105463735294, 999907.780925765866414 ] } },
{ "type": "Feature", "properties": { "population_density": 5325.5225 }, "geometry": { "type": "Point", "coordinates": [ 472917.336105463735294, 999907.780925765866414 ] } },
{ "type": "Feature", "properties": { "population_density": 7198.4067 }, "geometry": { "type": "Point", "coordinates": [ 473917.336105463735294, 999907.780925765866414 ] } },
{ "type": "Feature", "properties": { "population_density": 24775.029 }, "geometry": { "type": "Point", "coordinates": [ 473417.336105463735294, 1000407.780925765866414 ] } },
{ "type": "Feature", "properties": { "population_density": 14373.936 }, "geometry": { "type": "Point", "coordinates": [ 470417.336105463735294, 1000407.780925765866414 ] } },
{ "type": "Feature", "properties": { "population_density": 21225.881 }, "geometry": { "type": "Point", "coordinates": [ 470917.336105463735294, 1000407.780925765866414 ] } },
{ "type": "Feature", "properties": { "population_density": 22267.102 }, "geometry": { "type": "Point", "coordinates": [ 469917.336105463735294, 1000407.780925765866414 ] } },
{ "type": "Feature", "properties": { "population_density": 22163.801 }, "geometry": { "type": "Point", "coordinates": [ 469917.336105463735294, 1000907.780925765866414 ] } },
{ "type": "Feature", "properties": { "population_density": 21343.121 }, "geometry": { "type": "Point", "coordinates": [ 470417.336105463735294, 1000907.780925765866414 ] } },
{ "type": "Feature", "properties": { "population_density": 22729.994 }, "geometry": { "type": "Point", "coordinates": [ 470917.336105463735294, 1000907.780925765866414 ] } },
{ "type": "Feature", "properties": { "population_density": 23285.537 }, "geometry": { "type": "Point", "coordinates": [ 470417.336105463735294, 1001407.780925765866414 ] } },
{ "type": "Feature", "properties": { "population_density": 12361.649 }, "geometry": { "type": "Point", "coordinates": [ 470917.336105463735294, 1001407.780925765866414 ] } },
{ "type": "Feature", "properties": { "population_density": 22691.881 }, "geometry": { "type": "Point", "coordinates": [ 469917.336105463735294, 1001407.780925765866414 ] } },
{ "type": "Feature", "properties": { "population_density": 21246.766 }, "geometry": { "type": "Point", "coordinates": [ 470917.336105463735294, 1001907.780925765866414 ] } },
{ "type": "Feature", "properties": { "population_density": 19880.896 }, "geometry": { "type": "Point", "coordinates": [ 463917.336105463735294, 995907.780925765866414 ] } },
{ "type": "Feature", "properties": { "population_density": 22330.082 }, "geometry": { "type": "Point", "coordinates": [ 464417.336105463735294, 995907.780925765866414 ] } },
{ "type": "Feature", "properties": { "population_density": 3008.1829 }, "geometry": { "type": "Point", "coordinates": [ 464917.336105463735294, 996407.780925765866414 ] } },
{ "type": "Feature", "properties": { "population_density": 4854.2051 }, "geometry": { "type": "Point", "coordinates": [ 463917.336105463735294, 996407.780925765866414 ] } },
{ "type": "Feature", "properties": { "population_density": 17541.621 }, "geometry": { "type": "Point", "coordinates": [ 464417.336105463735294, 996407.780925765866414 ] } },
{ "type": "Feature", "properties": { "population_density": 13863.163 }, "geometry": { "type": "Point", "coordinates": [ 463917.336105463735294, 996907.780925765866414 ] } },
{ "type": "Feature", "properties": { "population_density": 10753.356 }, "geometry": { "type": "Point", "coordinates": [ 464417.336105463735294, 996907.780925765866414 ] } },
{ "type": "Feature", "properties": { "population_density": 3679.4683 }, "geometry": { "type": "Point", "coordinates": [ 464417.336105463735294, 997407.780925765866414 ] } },
{ "type": "Feature", "properties": { "population_density": 13993.153 }, "geometry": { "type": "Point", "coordinates": [ 463917.336105463735294, 997407.780925765866414 ] } },
{ "type": "Feature", "properties": { "population_density": 0.0 }, "geometry": { "type": "Point", "coordinates": [ 463917.336105463735294, 997907.780925765866414 ] } },
{ "type": "Feature", "properties": { "population_density": 2157.854 }, "geometry": { "type": "Point", "coordinates": [ 464917.336105463735294, 997907.780925765866414 ] } },
{ "type": "Feature", "properties": { "population_density": 10934.618 }, "geometry": { "type": "Point", "coordinates": [ 464417.336105463735294, 997907.780925765866414 ] } },
{ "type": "Feature", "properties": { "population_density": 1264.6917 }, "geometry": { "type": "Point", "coordinates": [ 464917.336105463735294, 998407.780925765866414 ] } },
{ "type": "Feature", "properties": { "population_density": 8166.1147 }, "geometry": { "type": "Point", "coordinates": [ 464417.336105463735294, 998407.780925765866414 ] } },
{ "type": "Feature", "properties": { "population_density": 0.0 }, "geometry": { "type": "Point", "coordinates": [ 464417.336105463735294, 998907.780925765866414 ] } },
{ "type": "Feature", "properties": { "population_density": 0.0 }, "geometry": { "type": "Point", "coordinates": [ 464417.336105463735294, 999407.780925765866414 ] } },
{ "type": "Feature", "properties": { "population_density": 12286.163 }, "geometry": { "type": "Point", "coordinates": [ 466417.336105463735294, 999907.780925765866414 ] } },
{ "type": "Feature", "properties": { "population_density": 8457.4736 }, "geometry": { "type": "Point", "coordinates": [ 466917.336105463735294, 1000407.780925765866414 ] } },
{ "type": "Feature", "properties": { "population_density": 4218.7554 }, "geometry": { "type": "Point", "coordinates": [ 466417.336105463735294, 1000407.780925765866414 ] } },
{ "type": "Feature", "properties": { "population_density": 21162.297 }, "geometry": { "type": "Point", "coordinates": [ 467417.336105463735294, 1000407.780925765866414 ] } },
{ "type": "Feature", "properties": { "population_density": 6515.1245 }, "geometry": { "type": "Point", "coordinates": [ 466917.336105463735294, 1000907.780925765866414 ] } },
{ "type": "Feature", "properties": { "population_density": 24024.602 }, "geometry": { "type": "Point", "coordinates": [ 467917.336105463735294, 1000907.780925765866414 ] } },
{ "type": "Feature", "properties": { "population_density": 3549.1963 }, "geometry": { "type": "Point", "coordinates": [ 467417.336105463735294, 1000907.780925765866414 ] } },
{ "type": "Feature", "properties": { "population_density": 11253.701 }, "geometry": { "type": "Point", "coordinates": [ 467417.336105463735294, 1001407.780925765866414 ] } },
{ "type": "Feature", "properties": { "population_density": 10596.733 }, "geometry": { "type": "Point", "coordinates": [ 466917.336105463735294, 1001407.780925765866414 ] } },
{ "type": "Feature", "properties": { "population_density": 19655.238 }, "geometry": { "type": "Point", "coordinates": [ 467417.336105463735294, 1001907.780925765866414 ] } },
{ "type": "Feature", "properties": { "population_density": 20998.105 }, "geometry": { "type": "Point", "coordinates": [ 466417.336105463735294, 1001407.780925765866414 ] } },
{ "type": "Feature", "properties": { "population_density": 13737.323 }, "geometry": { "type": "Point", "coordinates": [ 465917.336105463735294, 1001907.780925765866414 ] } },
{ "type": "Feature", "properties": { "population_density": 21527.873 }, "geometry": { "type": "Point", "coordinates": [ 466417.336105463735294, 1001907.780925765866414 ] } },
{ "type": "Feature", "properties": { "population_density": 0.0 }, "geometry": { "type": "Point", "coordinates": [ 465417.336105463735294, 1001907.780925765866414 ] } },
{ "type": "Feature", "properties": { "population_density": 22490.971 }, "geometry": { "type": "Point", "coordinates": [ 465917.336105463735294, 1002407.780925765866414 ] } },
{ "type": "Feature", "properties": { "population_density": 23945.492 }, "geometry": { "type": "Point", "coordinates": [ 465417.336105463735294, 1002407.780925765866414 ] } },
{ "type": "Feature", "properties": { "population_density": 23093.254 }, "geometry": { "type": "Point", "coordinates": [ 466417.336105463735294, 1002407.780925765866414 ] } },
{ "type": "Feature", "properties": { "population_density": 17003.27 }, "geometry": { "type": "Point", "coordinates": [ 465917.336105463735294, 1002907.780925765866414 ] } },
{ "type": "Feature", "properties": { "population_density": 3719.0115 }, "geometry": { "type": "Point", "coordinates": [ 466417.336105463735294, 1002907.780925765866414 ] } },
{ "type": "Feature", "properties": { "population_density": 5329.8389 }, "geometry": { "type": "Point", "coordinates": [ 468417.336105463735294, 1001907.780925765866414 ] } },
{ "type": "Feature", "properties": { "population_density": 2444.7771 }, "geometry": { "type": "Point", "coordinates": [ 467917.336105463735294, 1001907.780925765866414 ] } },
{ "type": "Feature", "properties": { "population_density": 10582.751 }, "geometry": { "type": "Point", "coordinates": [ 468917.336105463735294, 1001907.780925765866414 ] } },
{ "type": "Feature", "properties": { "population_density": 1242.5499 }, "geometry": { "type": "Point", "coordinates": [ 468417.336105463735294, 1002407.780925765866414 ] } },
{ "type": "Feature", "properties": { "population_density": 19810.477 }, "geometry": { "type": "Point", "coordinates": [ 468917.336105463735294, 1002407.780925765866414 ] } },
{ "type": "Feature", "properties": { "population_density": 0.0 }, "geometry": { "type": "Point", "coordinates": [ 468417.336105463735294, 1002907.780925765866414 ] } },
{ "type": "Feature", "properties": { "population_density": 238.08615 }, "geometry": { "type": "Point", "coordinates": [ 468917.336105463735294, 1002907.780925765866414 ] } },
{ "type": "Feature", "properties": { "population_density": 2383.0989 }, "geometry": { "type": "Point", "coordinates": [ 467917.336105463735294, 1002907.780925765866414 ] } },
{ "type": "Feature", "properties": { "population_density": 1589.3781 }, "geometry": { "type": "Point", "coordinates": [ 469417.336105463735294, 1002907.780925765866414 ] } },
{ "type": "Feature", "properties": { "population_density": 0.0 }, "geometry": { "type": "Point", "coordinates": [ 468417.336105463735294, 1003407.780925765866414 ] } },
{ "type": "Feature", "properties": { "population_density": 16618.998 }, "geometry": { "type": "Point", "coordinates": [ 466917.336105463735294, 1001907.780925765866414 ] } },
{ "type": "Feature", "properties": { "population_density": 132.84161 }, "geometry": { "type": "Point", "coordinates": [ 467417.336105463735294, 1002407.780925765866414 ] } },
{ "type": "Feature", "properties": { "population_density": 0.0 }, "geometry": { "type": "Point", "coordinates": [ 467917.336105463735294, 1002407.780925765866414 ] } },
{ "type": "Feature", "properties": { "population_density": 3200.0181 }, "geometry": { "type": "Point", "coordinates": [ 466917.336105463735294, 1002407.780925765866414 ] } },
{ "type": "Feature", "properties": { "population_density": 0.0 }, "geometry": { "type": "Point", "coordinates": [ 467417.336105463735294, 1002907.780925765866414 ] } },
{ "type": "Feature", "properties": { "population_density": 0.0 }, "geometry": { "type": "Point", "coordinates": [ 466917.336105463735294, 1002907.780925765866414 ] } },
{ "type": "Feature", "properties": { "population_density": 0.0 }, "geometry": { "type": "Point", "coordinates": [ 466417.336105463735294, 1003407.780925765866414 ] } },
{ "type": "Feature", "properties": { "population_density": 0.0 }, "geometry": { "type": "Point", "coordinates": [ 467417.336105463735294, 1003407.780925765866414 ] } },
{ "type": "Feature", "properties": { "population_density": 0.0 }, "geometry": { "type": "Point", "coordinates": [ 467917.336105463735294, 1003407.780925765866414 ] } },
{ "type": "Feature", "properties": { "population_density": 0.0 }, "geometry": { "type": "Point", "coordinates": [ 466917.336105463735294, 1003407.780925765866414 ] } },
{ "type": "Feature", "properties": { "population_density": 0.0 }, "geometry": { "type": "Point", "coordinates": [ 468917.336105463735294, 1003407.780925765866414 ] } },
{ "type": "Feature", "properties": { "population_density": 1187.6405 }, "geometry": { "type": "Point", "coordinates": [ 469417.336105463735294, 1003407.780925765866414 ] } },
{ "type": "Feature", "properties": { "population_density": 0.0 }, "geometry": { "type": "Point", "coordinates": [ 468917.336105463735294, 1003907.780925765866414 ] } },
{ "type": "Feature", "properties": { "population_density": 0.0 }, "geometry": { "type": "Point", "coordinates": [ 468417.336105463735294, 1003907.780925765866414 ] } },
{ "type": "Feature", "properties": { "population_density": 0.0 }, "geometry": { "type": "Point", "coordinates": [ 468917.336105463735294, 1004407.780925765866414 ] } },
{ "type": "Feature", "properties": { "population_density": 0.0 }, "geometry": { "type": "Point", "coordinates": [ 469417.336105463735294, 1004407.780925765866414 ] } },
{ "type": "Feature", "properties": { "population_density": 148.06561 }, "geometry": { "type": "Point", "coordinates": [ 470417.336105463735294, 1003407.780925765866414 ] } },
{ "type": "Feature", "properties": { "population_density": 0.0 }, "geometry": { "type": "Point", "coordinates": [ 470917.336105463735294, 1003407.780925765866414 ] } },
{ "type": "Feature", "properties": { "population_density": 0.0 }, "geometry": { "type": "Point", "coordinates": [ 469917.336105463735294, 1003407.780925765866414 ] } },
{ "type": "Feature", "properties": { "population_density": 334.62292 }, "geometry": { "type": "Point", "coordinates": [ 469417.336105463735294, 1003907.780925765866414 ] } },
{ "type": "Feature", "properties": { "population_density": 48.279945 }, "geometry": { "type": "Point", "coordinates": [ 469917.336105463735294, 1003907.780925765866414 ] } },
{ "type": "Feature", "properties": { "population_density": 19.312143 }, "geometry": { "type": "Point", "coordinates": [ 470417.336105463735294, 1003907.780925765866414 ] } },
{ "type": "Feature", "properties": { "population_density": 0.0 }, "geometry": { "type": "Point", "coordinates": [ 469917.336105463735294, 1004407.780925765866414 ] } },
{ "type": "Feature", "properties": { "population_density": 0.0 }, "geometry": { "type": "Point", "coordinates": [ 467917.336105463735294, 1003907.780925765866414 ] } },
{ "type": "Feature", "properties": { "population_density": 24785.09 }, "geometry": { "type": "Point", "coordinates": [ 472917.336105463735294, 1000407.780925765866414 ] } },
{ "type": "Feature", "properties": { "population_density": 9619.8203 }, "geometry": { "type": "Point", "coordinates": [ 473917.336105463735294, 1000407.780925765866414 ] } },
{ "type": "Feature", "properties": { "population_density": 24799.406 }, "geometry": { "type": "Point", "coordinates": [ 474417.336105463735294, 1000907.780925765866414 ] } },
{ "type": "Feature", "properties": { "population_density": 23717.289 }, "geometry": { "type": "Point", "coordinates": [ 473917.336105463735294, 1000907.780925765866414 ] } },
{ "type": "Feature", "properties": { "population_density": 19870.225 }, "geometry": { "type": "Point", "coordinates": [ 472917.336105463735294, 1000907.780925765866414 ] } },
{ "type": "Feature", "properties": { "population_density": 23217.547 }, "geometry": { "type": "Point", "coordinates": [ 473417.336105463735294, 1000907.780925765866414 ] } },
{ "type": "Feature", "properties": { "population_density": 21964.932 }, "geometry": { "type": "Point", "coordinates": [ 473917.336105463735294, 1001407.780925765866414 ] } },
{ "type": "Feature", "properties": { "population_density": 24557.877 }, "geometry": { "type": "Point", "coordinates": [ 473417.336105463735294, 1001407.780925765866414 ] } },
{ "type": "Feature", "properties": { "population_density": 3997.2939 }, "geometry": { "type": "Point", "coordinates": [ 472917.336105463735294, 1001407.780925765866414 ] } },
{ "type": "Feature", "properties": { "population_density": 23513.066 }, "geometry": { "type": "Point", "coordinates": [ 473417.336105463735294, 1001907.780925765866414 ] } },
{ "type": "Feature", "properties": { "population_density": 23349.525 }, "geometry": { "type": "Point", "coordinates": [ 471917.336105463735294, 1000407.780925765866414 ] } },
{ "type": "Feature", "properties": { "population_density": 22751.713 }, "geometry": { "type": "Point", "coordinates": [ 471417.336105463735294, 1000407.780925765866414 ] } },
{ "type": "Feature", "properties": { "population_density": 20894.551 }, "geometry": { "type": "Point", "coordinates": [ 471417.336105463735294, 1000907.780925765866414 ] } },
{ "type": "Feature", "properties": { "population_density": 23577.184 }, "geometry": { "type": "Point", "coordinates": [ 472417.336105463735294, 1000907.780925765866414 ] } },
{ "type": "Feature", "properties": { "population_density": 22339.332 }, "geometry": { "type": "Point", "coordinates": [ 471917.336105463735294, 1000907.780925765866414 ] } },
{ "type": "Feature", "properties": { "population_density": 22404.947 }, "geometry": { "type": "Point", "coordinates": [ 471417.336105463735294, 1001407.780925765866414 ] } },
{ "type": "Feature", "properties": { "population_density": 22394.312 }, "geometry": { "type": "Point", "coordinates": [ 472417.336105463735294, 1001407.780925765866414 ] } },
{ "type": "Feature", "properties": { "population_density": 22705.531 }, "geometry": { "type": "Point", "coordinates": [ 471917.336105463735294, 1001407.780925765866414 ] } },
{ "type": "Feature", "properties": { "population_density": 23703.893 }, "geometry": { "type": "Point", "coordinates": [ 471417.336105463735294, 1001907.780925765866414 ] } },
{ "type": "Feature", "properties": { "population_density": 21243.701 }, "geometry": { "type": "Point", "coordinates": [ 471917.336105463735294, 1001907.780925765866414 ] } },
{ "type": "Feature", "properties": { "population_density": 6029.5615 }, "geometry": { "type": "Point", "coordinates": [ 470417.336105463735294, 1001907.780925765866414 ] } },
{ "type": "Feature", "properties": { "population_density": 24150.654 }, "geometry": { "type": "Point", "coordinates": [ 469417.336105463735294, 1001907.780925765866414 ] } },
{ "type": "Feature", "properties": { "population_density": 23358.072 }, "geometry": { "type": "Point", "coordinates": [ 469917.336105463735294, 1001907.780925765866414 ] } },
{ "type": "Feature", "properties": { "population_density": 15037.077 }, "geometry": { "type": "Point", "coordinates": [ 469417.336105463735294, 1002407.780925765866414 ] } },
{ "type": "Feature", "properties": { "population_density": 17427.018 }, "geometry": { "type": "Point", "coordinates": [ 469917.336105463735294, 1002407.780925765866414 ] } },
{ "type": "Feature", "properties": { "population_density": 19158.883 }, "geometry": { "type": "Point", "coordinates": [ 470917.336105463735294, 1002407.780925765866414 ] } },
{ "type": "Feature", "properties": { "population_density": 23186.502 }, "geometry": { "type": "Point", "coordinates": [ 470417.336105463735294, 1002407.780925765866414 ] } },
{ "type": "Feature", "properties": { "population_density": 924.83728 }, "geometry": { "type": "Point", "coordinates": [ 470417.336105463735294, 1002907.780925765866414 ] } },
{ "type": "Feature", "properties": { "population_density": 5425.4014 }, "geometry": { "type": "Point", "coordinates": [ 470917.336105463735294, 1002907.780925765866414 ] } },
{ "type": "Feature", "properties": { "population_density": 84.414513 }, "geometry": { "type": "Point", "coordinates": [ 469917.336105463735294, 1002907.780925765866414 ] } },
{ "type": "Feature", "properties": { "population_density": 24018.58 }, "geometry": { "type": "Point", "coordinates": [ 473917.336105463735294, 1001907.780925765866414 ] } },
{ "type": "Feature", "properties": { "population_density": 20666.85 }, "geometry": { "type": "Point", "coordinates": [ 472917.336105463735294, 1001907.780925765866414 ] } },
{ "type": "Feature", "properties": { "population_density": 11162.162 }, "geometry": { "type": "Point", "coordinates": [ 472917.336105463735294, 1002407.780925765866414 ] } },
{ "type": "Feature", "properties": { "population_density": 22797.568 }, "geometry": { "type": "Point", "coordinates": [ 473917.336105463735294, 1002407.780925765866414 ] } },
{ "type": "Feature", "properties": { "population_density": 20116.635 }, "geometry": { "type": "Point", "coordinates": [ 473417.336105463735294, 1002407.780925765866414 ] } },
{ "type": "Feature", "properties": { "population_density": 13894.195 }, "geometry": { "type": "Point", "coordinates": [ 474417.336105463735294, 1002407.780925765866414 ] } },
{ "type": "Feature", "properties": { "population_density": 15734.071 }, "geometry": { "type": "Point", "coordinates": [ 472917.336105463735294, 1002907.780925765866414 ] } },
{ "type": "Feature", "properties": { "population_density": 20300.301 }, "geometry": { "type": "Point", "coordinates": [ 473917.336105463735294, 1002907.780925765866414 ] } },
{ "type": "Feature", "properties": { "population_density": 14521.643 }, "geometry": { "type": "Point", "coordinates": [ 473417.336105463735294, 1002907.780925765866414 ] } },
{ "type": "Feature", "properties": { "population_density": 17434.848 }, "geometry": { "type": "Point", "coordinates": [ 473417.336105463735294, 1003407.780925765866414 ] } },
{ "type": "Feature", "properties": { "population_density": 22907.615 }, "geometry": { "type": "Point", "coordinates": [ 472417.336105463735294, 1001907.780925765866414 ] } },
{ "type": "Feature", "properties": { "population_density": 17384.414 }, "geometry": { "type": "Point", "coordinates": [ 471417.336105463735294, 1002407.780925765866414 ] } },
{ "type": "Feature", "properties": { "population_density": 3402.3787 }, "geometry": { "type": "Point", "coordinates": [ 471917.336105463735294, 1002407.780925765866414 ] } },
{ "type": "Feature", "properties": { "population_density": 21833.332 }, "geometry": { "type": "Point", "coordinates": [ 472417.336105463735294, 1002407.780925765866414 ] } },
{ "type": "Feature", "properties": { "population_density": 486.98724 }, "geometry": { "type": "Point", "coordinates": [ 471917.336105463735294, 1002907.780925765866414 ] } },
{ "type": "Feature", "properties": { "population_density": 1626.3319 }, "geometry": { "type": "Point", "coordinates": [ 472417.336105463735294, 1002907.780925765866414 ] } },
{ "type": "Feature", "properties": { "population_density": 3807.0701 }, "geometry": { "type": "Point", "coordinates": [ 471417.336105463735294, 1002907.780925765866414 ] } },
{ "type": "Feature", "properties": { "population_density": 137.00159 }, "geometry": { "type": "Point", "coordinates": [ 471917.336105463735294, 1003407.780925765866414 ] } },
{ "type": "Feature", "properties": { "population_density": 0.0 }, "geometry": { "type": "Point", "coordinates": [ 471417.336105463735294, 1003407.780925765866414 ] } },
{ "type": "Feature", "properties": { "population_density": 0.0 }, "geometry": { "type": "Point", "coordinates": [ 472417.336105463735294, 1003407.780925765866414 ] } },
{ "type": "Feature", "properties": { "population_density": 612.23792 }, "geometry": { "type": "Point", "coordinates": [ 472917.336105463735294, 1003407.780925765866414 ] } },
{ "type": "Feature", "properties": { "population_density": 2850.8398 }, "geometry": { "type": "Point", "coordinates": [ 473917.336105463735294, 1003407.780925765866414 ] } },
{ "type": "Feature", "properties": { "population_density": 191.50725 }, "geometry": { "type": "Point", "coordinates": [ 473417.336105463735294, 1003907.780925765866414 ] } },
{ "type": "Feature", "properties": { "population_density": 719.01337 }, "geometry": { "type": "Point", "coordinates": [ 472917.336105463735294, 1003907.780925765866414 ] } },
{ "type": "Feature", "properties": { "population_density": 1171.1505 }, "geometry": { "type": "Point", "coordinates": [ 473917.336105463735294, 1003907.780925765866414 ] } },
{ "type": "Feature", "properties": { "population_density": 0.0 }, "geometry": { "type": "Point", "coordinates": [ 473417.336105463735294, 1004407.780925765866414 ] } },
{ "type": "Feature", "properties": { "population_density": 646.23969 }, "geometry": { "type": "Point", "coordinates": [ 472917.336105463735294, 1004407.780925765866414 ] } },
{ "type": "Feature", "properties": { "population_density": 428.10739 }, "geometry": { "type": "Point", "coordinates": [ 473917.336105463735294, 1004407.780925765866414 ] } },
{ "type": "Feature", "properties": { "population_density": 1311.3855 }, "geometry": { "type": "Point", "coordinates": [ 472917.336105463735294, 1004907.780925765866414 ] } },
{ "type": "Feature", "properties": { "population_density": 4345.0801 }, "geometry": { "type": "Point", "coordinates": [ 473917.336105463735294, 1004907.780925765866414 ] } },
{ "type": "Feature", "properties": { "population_density": 0.0 }, "geometry": { "type": "Point", "coordinates": [ 472417.336105463735294, 1003907.780925765866414 ] } },
{ "type": "Feature", "properties": { "population_density": 0.0 }, "geometry": { "type": "Point", "coordinates": [ 470917.336105463735294, 1003907.780925765866414 ] } },
{ "type": "Feature", "properties": { "population_density": 73.578575 }, "geometry": { "type": "Point", "coordinates": [ 471917.336105463735294, 1003907.780925765866414 ] } },
{ "type": "Feature", "properties": { "population_density": 923.16077 }, "geometry": { "type": "Point", "coordinates": [ 471417.336105463735294, 1003907.780925765866414 ] } },
{ "type": "Feature", "properties": { "population_density": 0.0 }, "geometry": { "type": "Point", "coordinates": [ 470917.336105463735294, 1004407.780925765866414 ] } },
{ "type": "Feature", "properties": { "population_density": 962.18451 }, "geometry": { "type": "Point", "coordinates": [ 471417.336105463735294, 1004407.780925765866414 ] } },
{ "type": "Feature", "properties": { "population_density": 47.860966 }, "geometry": { "type": "Point", "coordinates": [ 472417.336105463735294, 1004407.780925765866414 ] } },
{ "type": "Feature", "properties": { "population_density": 0.0 }, "geometry": { "type": "Point", "coordinates": [ 471917.336105463735294, 1004407.780925765866414 ] } },
{ "type": "Feature", "properties": { "population_density": 176.50389 }, "geometry": { "type": "Point", "coordinates": [ 473417.336105463735294, 1004907.780925765866414 ] } },
{ "type": "Feature", "properties": { "population_density": 2507.8672 }, "geometry": { "type": "Point", "coordinates": [ 473917.336105463735294, 1005407.780925765866414 ] } },
{ "type": "Feature", "properties": { "population_density": 0.0 }, "geometry": { "type": "Point", "coordinates": [ 478417.336105463735294, 991907.780925765866414 ] } },
{ "type": "Feature", "properties": { "population_density": 0.0 }, "geometry": { "type": "Point", "coordinates": [ 478917.336105463735294, 991907.780925765866414 ] } },
{ "type": "Feature", "properties": { "population_density": 80.884453 }, "geometry": { "type": "Point", "coordinates": [ 477917.336105463735294, 991907.780925765866414 ] } },
{ "type": "Feature", "properties": { "population_density": 74.344498 }, "geometry": { "type": "Point", "coordinates": [ 478917.336105463735294, 992407.780925765866414 ] } },
{ "type": "Feature", "properties": { "population_density": 0.0 }, "geometry": { "type": "Point", "coordinates": [ 477917.336105463735294, 992407.780925765866414 ] } },
{ "type": "Feature", "properties": { "population_density": 0.0 }, "geometry": { "type": "Point", "coordinates": [ 478417.336105463735294, 992407.780925765866414 ] } },
{ "type": "Feature", "properties": { "population_density": 2410.1208 }, "geometry": { "type": "Point", "coordinates": [ 478417.336105463735294, 992907.780925765866414 ] } },
{ "type": "Feature", "properties": { "population_density": 4341.3955 }, "geometry": { "type": "Point", "coordinates": [ 477917.336105463735294, 992907.780925765866414 ] } },
{ "type": "Feature", "properties": { "population_density": 1895.3344 }, "geometry": { "type": "Point", "coordinates": [ 478917.336105463735294, 992907.780925765866414 ] } },
{ "type": "Feature", "properties": { "population_density": 13645.196 }, "geometry": { "type": "Point", "coordinates": [ 478917.336105463735294, 993407.780925765866414 ] } },
{ "type": "Feature", "properties": { "population_density": 215.89209 }, "geometry": { "type": "Point", "coordinates": [ 477417.336105463735294, 992407.780925765866414 ] } },
{ "type": "Feature", "properties": { "population_density": 6736.7793 }, "geometry": { "type": "Point", "coordinates": [ 476417.336105463735294, 992907.780925765866414 ] } },
{ "type": "Feature", "properties": { "population_density": 4875.728 }, "geometry": { "type": "Point", "coordinates": [ 476917.336105463735294, 992907.780925765866414 ] } },
{ "type": "Feature", "properties": { "population_density": 10589.471 }, "geometry": { "type": "Point", "coordinates": [ 477417.336105463735294, 992907.780925765866414 ] } },
{ "type": "Feature", "properties": { "population_density": 8687.6836 }, "geometry": { "type": "Point", "coordinates": [ 475917.336105463735294, 992907.780925765866414 ] } },
{ "type": "Feature", "properties": { "population_density": 7931.9736 }, "geometry": { "type": "Point", "coordinates": [ 476917.336105463735294, 993407.780925765866414 ] } },
{ "type": "Feature", "properties": { "population_density": 8076.4893 }, "geometry": { "type": "Point", "coordinates": [ 477417.336105463735294, 993407.780925765866414 ] } },
{ "type": "Feature", "properties": { "population_density": 18635.811 }, "geometry": { "type": "Point", "coordinates": [ 476417.336105463735294, 993407.780925765866414 ] } },
{ "type": "Feature", "properties": { "population_density": 20716.848 }, "geometry": { "type": "Point", "coordinates": [ 475917.336105463735294, 993407.780925765866414 ] } },
{ "type": "Feature", "properties": { "population_density": 12475.823 }, "geometry": { "type": "Point", "coordinates": [ 476917.336105463735294, 993907.780925765866414 ] } },
{ "type": "Feature", "properties": { "population_density": 21272.602 }, "geometry": { "type": "Point", "coordinates": [ 477917.336105463735294, 993407.780925765866414 ] } },
{ "type": "Feature", "properties": { "population_density": 2434.408 }, "geometry": { "type": "Point", "coordinates": [ 478417.336105463735294, 993407.780925765866414 ] } },
{ "type": "Feature", "properties": { "population_density": 22666.398 }, "geometry": { "type": "Point", "coordinates": [ 478917.336105463735294, 993907.780925765866414 ] } },
{ "type": "Feature", "properties": { "population_density": 10318.37 }, "geometry": { "type": "Point", "coordinates": [ 477417.336105463735294, 993907.780925765866414 ] } },
{ "type": "Feature", "properties": { "population_density": 19092.379 }, "geometry": { "type": "Point", "coordinates": [ 478417.336105463735294, 993907.780925765866414 ] } },
{ "type": "Feature", "properties": { "population_density": 2311.8669 }, "geometry": { "type": "Point", "coordinates": [ 477917.336105463735294, 993907.780925765866414 ] } },
{ "type": "Feature", "properties": { "population_density": 1419.3962 }, "geometry": { "type": "Point", "coordinates": [ 478417.336105463735294, 994407.780925765866414 ] } },
{ "type": "Feature", "properties": { "population_density": 1621.1449 }, "geometry": { "type": "Point", "coordinates": [ 477917.336105463735294, 994407.780925765866414 ] } },
{ "type": "Feature", "properties": { "population_density": 16039.511 }, "geometry": { "type": "Point", "coordinates": [ 477417.336105463735294, 994407.780925765866414 ] } },
{ "type": "Feature", "properties": { "population_density": 14539.721 }, "geometry": { "type": "Point", "coordinates": [ 478417.336105463735294, 994907.780925765866414 ] } },
{ "type": "Feature", "properties": { "population_density": 23665.799 }, "geometry": { "type": "Point", "coordinates": [ 474917.336105463735294, 993907.780925765866414 ] } },
{ "type": "Feature", "properties": { "population_density": 23126.254 }, "geometry": { "type": "Point", "coordinates": [ 474417.336105463735294, 993907.780925765866414 ] } },
{ "type": "Feature", "properties": { "population_density": 18657.559 }, "geometry": { "type": "Point", "coordinates": [ 474417.336105463735294, 994407.780925765866414 ] } },
{ "type": "Feature", "properties": { "population_density": 19368.99 }, "geometry": { "type": "Point", "coordinates": [ 475417.336105463735294, 994407.780925765866414 ] } },
{ "type": "Feature", "properties": { "population_density": 21370.008 }, "geometry": { "type": "Point", "coordinates": [ 474917.336105463735294, 994407.780925765866414 ] } },
{ "type": "Feature", "properties": { "population_density": 21340.312 }, "geometry": { "type": "Point", "coordinates": [ 475917.336105463735294, 994407.780925765866414 ] } },
{ "type": "Feature", "properties": { "population_density": 13902.248 }, "geometry": { "type": "Point", "coordinates": [ 474417.336105463735294, 994907.780925765866414 ] } },
{ "type": "Feature", "properties": { "population_density": 6894.7534 }, "geometry": { "type": "Point", "coordinates": [ 475417.336105463735294, 994907.780925765866414 ] } },
{ "type": "Feature", "properties": { "population_density": 21793.719 }, "geometry": { "type": "Point", "coordinates": [ 474917.336105463735294, 994907.780925765866414 ] } },
{ "type": "Feature", "properties": { "population_density": 22131.742 }, "geometry": { "type": "Point", "coordinates": [ 475417.336105463735294, 995407.780925765866414 ] } },
{ "type": "Feature", "properties": { "population_density": 19966.82 }, "geometry": { "type": "Point", "coordinates": [ 476417.336105463735294, 993907.780925765866414 ] } },
{ "type": "Feature", "properties": { "population_density": 13980.444 }, "geometry": { "type": "Point", "coordinates": [ 475917.336105463735294, 993907.780925765866414 ] } },
{ "type": "Feature", "properties": { "population_density": 5859.2002 }, "geometry": { "type": "Point", "coordinates": [ 476917.336105463735294, 994407.780925765866414 ] } },
{ "type": "Feature", "properties": { "population_density": 6226.9385 }, "geometry": { "type": "Point", "coordinates": [ 476417.336105463735294, 994407.780925765866414 ] } },
{ "type": "Feature", "properties": { "population_density": 7500.396 }, "geometry": { "type": "Point", "coordinates": [ 476917.336105463735294, 994907.780925765866414 ] } },
{ "type": "Feature", "properties": { "population_density": 19829.486 }, "geometry": { "type": "Point", "coordinates": [ 475917.336105463735294, 994907.780925765866414 ] } },
{ "type": "Feature", "properties": { "population_density": 392.50073 }, "geometry": { "type": "Point", "coordinates": [ 477417.336105463735294, 994907.780925765866414 ] } },
{ "type": "Feature", "properties": { "population_density": 23696.326 }, "geometry": { "type": "Point", "coordinates": [ 476417.336105463735294, 994907.780925765866414 ] } },
{ "type": "Feature", "properties": { "population_density": 23290.898 }, "geometry": { "type": "Point", "coordinates": [ 476417.336105463735294, 995407.780925765866414 ] } },
{ "type": "Feature", "properties": { "population_density": 13418.212 }, "geometry": { "type": "Point", "coordinates": [ 476917.336105463735294, 995407.780925765866414 ] } },
{ "type": "Feature", "properties": { "population_density": 23221.844 }, "geometry": { "type": "Point", "coordinates": [ 478917.336105463735294, 994407.780925765866414 ] } },
{ "type": "Feature", "properties": { "population_density": 20049.205 }, "geometry": { "type": "Point", "coordinates": [ 479917.336105463735294, 994407.780925765866414 ] } },
{ "type": "Feature", "properties": { "population_density": 20681.312 }, "geometry": { "type": "Point", "coordinates": [ 479917.336105463735294, 994907.780925765866414 ] } },
{ "type": "Feature", "properties": { "population_density": 14224.367 }, "geometry": { "type": "Point", "coordinates": [ 478917.336105463735294, 994907.780925765866414 ] } },
{ "type": "Feature", "properties": { "population_density": 22748.33 }, "geometry": { "type": "Point", "coordinates": [ 479417.336105463735294, 994907.780925765866414 ] } },
{ "type": "Feature", "properties": { "population_density": 21093.838 }, "geometry": { "type": "Point", "coordinates": [ 479417.336105463735294, 995407.780925765866414 ] } },
{ "type": "Feature", "properties": { "population_density": 16955.322 }, "geometry": { "type": "Point", "coordinates": [ 478917.336105463735294, 995407.780925765866414 ] } },
{ "type": "Feature", "properties": { "population_density": 22013.984 }, "geometry": { "type": "Point", "coordinates": [ 479917.336105463735294, 995407.780925765866414 ] } },
{ "type": "Feature", "properties": { "population_density": 18896.105 }, "geometry": { "type": "Point", "coordinates": [ 480417.336105463735294, 995407.780925765866414 ] } },
{ "type": "Feature", "properties": { "population_density": 21070.656 }, "geometry": { "type": "Point", "coordinates": [ 478917.336105463735294, 995907.780925765866414 ] } },
{ "type": "Feature", "properties": { "population_density": 13429.406 }, "geometry": { "type": "Point", "coordinates": [ 477917.336105463735294, 994907.780925765866414 ] } },
{ "type": "Feature", "properties": { "population_density": 23234.17 }, "geometry": { "type": "Point", "coordinates": [ 477917.336105463735294, 995407.780925765866414 ] } },
{ "type": "Feature", "properties": { "population_density": 14795.254 }, "geometry": { "type": "Point", "coordinates": [ 478417.336105463735294, 995407.780925765866414 ] } },
{ "type": "Feature", "properties": { "population_density": 13835.966 }, "geometry": { "type": "Point", "coordinates": [ 477417.336105463735294, 995407.780925765866414 ] } },
{ "type": "Feature", "properties": { "population_density": 15480.376 }, "geometry": { "type": "Point", "coordinates": [ 478417.336105463735294, 995907.780925765866414 ] } },
{ "type": "Feature", "properties": { "population_density": 23434.061 }, "geometry": { "type": "Point", "coordinates": [ 477417.336105463735294, 995907.780925765866414 ] } },
{ "type": "Feature", "properties": { "population_density": 20556.73 }, "geometry": { "type": "Point", "coordinates": [ 477917.336105463735294, 995907.780925765866414 ] } },
{ "type": "Feature", "properties": { "population_density": 22918.369 }, "geometry": { "type": "Point", "coordinates": [ 477417.336105463735294, 996407.780925765866414 ] } },
{ "type": "Feature", "properties": { "population_density": 12464.93 }, "geometry": { "type": "Point", "coordinates": [ 477917.336105463735294, 996407.780925765866414 ] } },
{ "type": "Feature", "properties": { "population_density": 8504.9707 }, "geometry": { "type": "Point", "coordinates": [ 478417.336105463735294, 996407.780925765866414 ] } },
{ "type": "Feature", "properties": { "population_density": 23659.967 }, "geometry": { "type": "Point", "coordinates": [ 474917.336105463735294, 995407.780925765866414 ] } },
{ "type": "Feature", "properties": { "population_density": 20487.645 }, "geometry": { "type": "Point", "coordinates": [ 475917.336105463735294, 995407.780925765866414 ] } },
{ "type": "Feature", "properties": { "population_density": 11741.265 }, "geometry": { "type": "Point", "coordinates": [ 474417.336105463735294, 995407.780925765866414 ] } },
{ "type": "Feature", "properties": { "population_density": 24152.564 }, "geometry": { "type": "Point", "coordinates": [ 475417.336105463735294, 995907.780925765866414 ] } },
{ "type": "Feature", "properties": { "population_density": 18730.787 }, "geometry": { "type": "Point", "coordinates": [ 474417.336105463735294, 995907.780925765866414 ] } },
{ "type": "Feature", "properties": { "population_density": 18632.266 }, "geometry": { "type": "Point", "coordinates": [ 474917.336105463735294, 995907.780925765866414 ] } },
{ "type": "Feature", "properties": { "population_density": 17202.914 }, "geometry": { "type": "Point", "coordinates": [ 474917.336105463735294, 996407.780925765866414 ] } },
{ "type": "Feature", "properties": { "population_density": 9024.6924 }, "geometry": { "type": "Point", "coordinates": [ 474417.336105463735294, 996407.780925765866414 ] } },
{ "type": "Feature", "properties": { "population_density": 23327.191 }, "geometry": { "type": "Point", "coordinates": [ 475417.336105463735294, 996407.780925765866414 ] } },
{ "type": "Feature", "properties": { "population_density": 23188.176 }, "geometry": { "type": "Point", "coordinates": [ 474917.336105463735294, 996907.780925765866414 ] } },
{ "type": "Feature", "properties": { "population_density": 17322.42 }, "geometry": { "type": "Point", "coordinates": [ 476417.336105463735294, 995907.780925765866414 ] } },
{ "type": "Feature", "properties": { "population_density": 12882.737 }, "geometry": { "type": "Point", "coordinates": [ 475917.336105463735294, 995907.780925765866414 ] } },
{ "type": "Feature", "properties": { "population_density": 24135.336 }, "geometry": { "type": "Point", "coordinates": [ 476917.336105463735294, 995907.780925765866414 ] } },
{ "type": "Feature", "properties": { "population_density": 21977.787 }, "geometry": { "type": "Point", "coordinates": [ 476917.336105463735294, 996407.780925765866414 ] } },
{ "type": "Feature", "properties": { "population_density": 22491.332 }, "geometry": { "type": "Point", "coordinates": [ 476417.336105463735294, 996407.780925765866414 ] } },
{ "type": "Feature", "properties": { "population_density": 14111.47 }, "geometry": { "type": "Point", "coordinates": [ 475917.336105463735294, 996407.780925765866414 ] } },
{ "type": "Feature", "properties": { "population_density": 22173.174 }, "geometry": { "type": "Point", "coordinates": [ 476417.336105463735294, 996907.780925765866414 ] } },
{ "type": "Feature", "properties": { "population_density": 21411.771 }, "geometry": { "type": "Point", "coordinates": [ 477417.336105463735294, 996907.780925765866414 ] } },
{ "type": "Feature", "properties": { "population_density": 22908.287 }, "geometry": { "type": "Point", "coordinates": [ 475917.336105463735294, 996907.780925765866414 ] } },
{ "type": "Feature", "properties": { "population_density": 23339.578 }, "geometry": { "type": "Point", "coordinates": [ 476917.336105463735294, 996907.780925765866414 ] } },
{ "type": "Feature", "properties": { "population_density": 8677.1533 }, "geometry": { "type": "Point", "coordinates": [ 479917.336105463735294, 995907.780925765866414 ] } },
{ "type": "Feature", "properties": { "population_density": 21565.008 }, "geometry": { "type": "Point", "coordinates": [ 479417.336105463735294, 995907.780925765866414 ] } },
{ "type": "Feature", "properties": { "population_density": 19170.088 }, "geometry": { "type": "Point", "coordinates": [ 480417.336105463735294, 995907.780925765866414 ] } },
{ "type": "Feature", "properties": { "population_density": 4390.6445 }, "geometry": { "type": "Point", "coordinates": [ 479917.336105463735294, 996407.780925765866414 ] } },
{ "type": "Feature", "properties": { "population_density": 21817.545 }, "geometry": { "type": "Point", "coordinates": [ 478917.336105463735294, 996407.780925765866414 ] } },
{ "type": "Feature", "properties": { "population_density": 18397.449 }, "geometry": { "type": "Point", "coordinates": [ 479417.336105463735294, 996407.780925765866414 ] } },
{ "type": "Feature", "properties": { "population_density": 9101.0938 }, "geometry": { "type": "Point", "coordinates": [ 480417.336105463735294, 996407.780925765866414 ] } },
{ "type": "Feature", "properties": { "population_density": 9207.4561 }, "geometry": { "type": "Point", "coordinates": [ 479417.336105463735294, 996907.780925765866414 ] } },
{ "type": "Feature", "properties": { "population_density": 23029.357 }, "geometry": { "type": "Point", "coordinates": [ 480417.336105463735294, 996907.780925765866414 ] } },
{ "type": "Feature", "properties": { "population_density": 23293.748 }, "geometry": { "type": "Point", "coordinates": [ 478917.336105463735294, 996907.780925765866414 ] } },
{ "type": "Feature", "properties": { "population_density": 0.0 }, "geometry": { "type": "Point", "coordinates": [ 488917.336105463735294, 991907.780925765866414 ] } },
{ "type": "Feature", "properties": { "population_density": 0.0 }, "geometry": { "type": "Point", "coordinates": [ 489417.336105463735294, 991907.780925765866414 ] } },
{ "type": "Feature", "properties": { "population_density": 2520.6296 }, "geometry": { "type": "Point", "coordinates": [ 488417.336105463735294, 992407.780925765866414 ] } },
{ "type": "Feature", "properties": { "population_density": 0.0 }, "geometry": { "type": "Point", "coordinates": [ 489417.336105463735294, 992407.780925765866414 ] } },
{ "type": "Feature", "properties": { "population_density": 1011.7964 }, "geometry": { "type": "Point", "coordinates": [ 488917.336105463735294, 992407.780925765866414 ] } },
{ "type": "Feature", "properties": { "population_density": 107.00623 }, "geometry": { "type": "Point", "coordinates": [ 488417.336105463735294, 992907.780925765866414 ] } },
{ "type": "Feature", "properties": { "population_density": 232.25133 }, "geometry": { "type": "Point", "coordinates": [ 489417.336105463735294, 992907.780925765866414 ] } },
{ "type": "Feature", "properties": { "population_density": 1149.541 }, "geometry": { "type": "Point", "coordinates": [ 488917.336105463735294, 992907.780925765866414 ] } },
{ "type": "Feature", "properties": { "population_density": 874.74347 }, "geometry": { "type": "Point", "coordinates": [ 488417.336105463735294, 993407.780925765866414 ] } },
{ "type": "Feature", "properties": { "population_density": 659.99768 }, "geometry": { "type": "Point", "coordinates": [ 488917.336105463735294, 993407.780925765866414 ] } },
{ "type": "Feature", "properties": { "population_density": 3279.3689 }, "geometry": { "type": "Point", "coordinates": [ 487417.336105463735294, 992407.780925765866414 ] } },
{ "type": "Feature", "properties": { "population_density": 7791.6069 }, "geometry": { "type": "Point", "coordinates": [ 487917.336105463735294, 992407.780925765866414 ] } },
{ "type": "Feature", "properties": { "population_density": 4148.8198 }, "geometry": { "type": "Point", "coordinates": [ 487917.336105463735294, 992907.780925765866414 ] } },
{ "type": "Feature", "properties": { "population_density": 0.0 }, "geometry": { "type": "Point", "coordinates": [ 486917.336105463735294, 992907.780925765866414 ] } },
{ "type": "Feature", "properties": { "population_density": 4180.834 }, "geometry": { "type": "Point", "coordinates": [ 487417.336105463735294, 992907.780925765866414 ] } },
{ "type": "Feature", "properties": { "population_density": 4394.4468 }, "geometry": { "type": "Point", "coordinates": [ 487917.336105463735294, 993407.780925765866414 ] } },
{ "type": "Feature", "properties": { "population_density": 1793.0919 }, "geometry": { "type": "Point", "coordinates": [ 486917.336105463735294, 993407.780925765866414 ] } },
{ "type": "Feature", "properties": { "population_density": 1488.7692 }, "geometry": { "type": "Point", "coordinates": [ 487417.336105463735294, 993407.780925765866414 ] } },
{ "type": "Feature", "properties": { "population_density": 3479.636 }, "geometry": { "type": "Point", "coordinates": [ 487917.336105463735294, 993907.780925765866414 ] } },
{ "type": "Feature", "properties": { "population_density": 2373.9832 }, "geometry": { "type": "Point", "coordinates": [ 486917.336105463735294, 993907.780925765866414 ] } },
{ "type": "Feature", "properties": { "population_density": 1922.2037 }, "geometry": { "type": "Point", "coordinates": [ 485417.336105463735294, 992407.780925765866414 ] } },
{ "type": "Feature", "properties": { "population_density": 1356.2781 }, "geometry": { "type": "Point", "coordinates": [ 485917.336105463735294, 992407.780925765866414 ] } },
{ "type": "Feature", "properties": { "population_density": 238.70407 }, "geometry": { "type": "Point", "coordinates": [ 485417.336105463735294, 992907.780925765866414 ] } },
{ "type": "Feature", "properties": { "population_density": 1920.8755 }, "geometry": { "type": "Point", "coordinates": [ 486417.336105463735294, 992907.780925765866414 ] } },
{ "type": "Feature", "properties": { "population_density": 936.66144 }, "geometry": { "type": "Point", "coordinates": [ 485917.336105463735294, 992907.780925765866414 ] } },
{ "type": "Feature", "properties": { "population_density": 861.37036 }, "geometry": { "type": "Point", "coordinates": [ 486417.336105463735294, 993407.780925765866414 ] } },
{ "type": "Feature", "properties": { "population_density": 0.0 }, "geometry": { "type": "Point", "coordinates": [ 485917.336105463735294, 993407.780925765866414 ] } },
{ "type": "Feature", "properties": { "population_density": 97.715523 }, "geometry": { "type": "Point", "coordinates": [ 485417.336105463735294, 993407.780925765866414 ] } },
{ "type": "Feature", "properties": { "population_density": 4594.8989 }, "geometry": { "type": "Point", "coordinates": [ 486417.336105463735294, 993907.780925765866414 ] } },
{ "type": "Feature", "properties": { "population_density": 1604.932 }, "geometry": { "type": "Point", "coordinates": [ 485917.336105463735294, 993907.780925765866414 ] } },
{ "type": "Feature", "properties": { "population_density": 0.0 }, "geometry": { "type": "Point", "coordinates": [ 489417.336105463735294, 993407.780925765866414 ] } },
{ "type": "Feature", "properties": { "population_density": 0.0 }, "geometry": { "type": "Point", "coordinates": [ 489417.336105463735294, 993907.780925765866414 ] } },
{ "type": "Feature", "properties": { "population_density": 2377.6978 }, "geometry": { "type": "Point", "coordinates": [ 488417.336105463735294, 993907.780925765866414 ] } },
{ "type": "Feature", "properties": { "population_density": 2162.5586 }, "geometry": { "type": "Point", "coordinates": [ 488917.336105463735294, 993907.780925765866414 ] } },
{ "type": "Feature", "properties": { "population_density": 2581.4072 }, "geometry": { "type": "Point", "coordinates": [ 488417.336105463735294, 994407.780925765866414 ] } },
{ "type": "Feature", "properties": { "population_density": 707.21735 }, "geometry": { "type": "Point", "coordinates": [ 488917.336105463735294, 994407.780925765866414 ] } },
{ "type": "Feature", "properties": { "population_density": 0.0 }, "geometry": { "type": "Point", "coordinates": [ 489417.336105463735294, 994407.780925765866414 ] } },
{ "type": "Feature", "properties": { "population_density": 242.40678 }, "geometry": { "type": "Point", "coordinates": [ 489417.336105463735294, 994907.780925765866414 ] } },
{ "type": "Feature", "properties": { "population_density": 2225.7354 }, "geometry": { "type": "Point", "coordinates": [ 488917.336105463735294, 994907.780925765866414 ] } },
{ "type": "Feature", "properties": { "population_density": 3692.6851 }, "geometry": { "type": "Point", "coordinates": [ 488917.336105463735294, 995407.780925765866414 ] } },
{ "type": "Feature", "properties": { "population_density": 3370.0039 }, "geometry": { "type": "Point", "coordinates": [ 487417.336105463735294, 993907.780925765866414 ] } },
{ "type": "Feature", "properties": { "population_density": 7140.4897 }, "geometry": { "type": "Point", "coordinates": [ 487917.336105463735294, 994407.780925765866414 ] } },
{ "type": "Feature", "properties": { "population_density": 4187.2686 }, "geometry": { "type": "Point", "coordinates": [ 487417.336105463735294, 994407.780925765866414 ] } },
{ "type": "Feature", "properties": { "population_density": 2690.7112 }, "geometry": { "type": "Point", "coordinates": [ 486917.336105463735294, 994407.780925765866414 ] } },
{ "type": "Feature", "properties": { "population_density": 2254.1624 }, "geometry": { "type": "Point", "coordinates": [ 487417.336105463735294, 994907.780925765866414 ] } },
{ "type": "Feature", "properties": { "population_density": 89.615883 }, "geometry": { "type": "Point", "coordinates": [ 488417.336105463735294, 994907.780925765866414 ] } },
{ "type": "Feature", "properties": { "population_density": 5811.9438 }, "geometry": { "type": "Point", "coordinates": [ 486917.336105463735294, 994907.780925765866414 ] } },
{ "type": "Feature", "properties": { "population_density": 9458.6621 }, "geometry": { "type": "Point", "coordinates": [ 487917.336105463735294, 994907.780925765866414 ] } },
{ "type": "Feature", "properties": { "population_density": 5418.0562 }, "geometry": { "type": "Point", "coordinates": [ 486917.336105463735294, 995407.780925765866414 ] } },
{ "type": "Feature", "properties": { "population_density": 7267.9038 }, "geometry": { "type": "Point", "coordinates": [ 487917.336105463735294, 995407.780925765866414 ] } },
{ "type": "Feature", "properties": { "population_density": 1434.8708 }, "geometry": { "type": "Point", "coordinates": [ 485417.336105463735294, 993907.780925765866414 ] } },
{ "type": "Feature", "properties": { "population_density": 786.18042 }, "geometry": { "type": "Point", "coordinates": [ 485917.336105463735294, 994407.780925765866414 ] } },
{ "type": "Feature", "properties": { "population_density": 145.40018 }, "geometry": { "type": "Point", "coordinates": [ 486417.336105463735294, 994407.780925765866414 ] } },
{ "type": "Feature", "properties": { "population_density": 1928.317 }, "geometry": { "type": "Point", "coordinates": [ 485417.336105463735294, 994407.780925765866414 ] } },
{ "type": "Feature", "properties": { "population_density": 10117.04 }, "geometry": { "type": "Point", "coordinates": [ 485417.336105463735294, 994907.780925765866414 ] } },
{ "type": "Feature", "properties": { "population_density": 722.75232 }, "geometry": { "type": "Point", "coordinates": [ 486417.336105463735294, 994907.780925765866414 ] } },
{ "type": "Feature", "properties": { "population_density": 0.0 }, "geometry": { "type": "Point", "coordinates": [ 485917.336105463735294, 994907.780925765866414 ] } },
{ "type": "Feature", "properties": { "population_density": 13146.004 }, "geometry": { "type": "Point", "coordinates": [ 485417.336105463735294, 995407.780925765866414 ] } },
{ "type": "Feature", "properties": { "population_density": 350.20157 }, "geometry": { "type": "Point", "coordinates": [ 485917.336105463735294, 995407.780925765866414 ] } },
{ "type": "Feature", "properties": { "population_density": 2238.5066 }, "geometry": { "type": "Point", "coordinates": [ 486417.336105463735294, 995407.780925765866414 ] } },
{ "type": "Feature", "properties": { "population_density": 416.81775 }, "geometry": { "type": "Point", "coordinates": [ 484917.336105463735294, 994907.780925765866414 ] } },
{ "type": "Feature", "properties": { "population_density": 3078.9373 }, "geometry": { "type": "Point", "coordinates": [ 484917.336105463735294, 995407.780925765866414 ] } },
{ "type": "Feature", "properties": { "population_density": 2484.5295 }, "geometry": { "type": "Point", "coordinates": [ 484417.336105463735294, 995407.780925765866414 ] } },
{ "type": "Feature", "properties": { "population_density": 5407.5259 }, "geometry": { "type": "Point", "coordinates": [ 483917.336105463735294, 995407.780925765866414 ] } },
{ "type": "Feature", "properties": { "population_density": 15924.403 }, "geometry": { "type": "Point", "coordinates": [ 483917.336105463735294, 995907.780925765866414 ] } },
{ "type": "Feature", "properties": { "population_density": 19029.979 }, "geometry": { "type": "Point", "coordinates": [ 484417.336105463735294, 995907.780925765866414 ] } },
{ "type": "Feature", "properties": { "population_density": 15712.303 }, "geometry": { "type": "Point", "coordinates": [ 484917.336105463735294, 995907.780925765866414 ] } },
{ "type": "Feature", "properties": { "population_density": 17268.291 }, "geometry": { "type": "Point", "coordinates": [ 484417.336105463735294, 996407.780925765866414 ] } },
{ "type": "Feature", "properties": { "population_density": 16003.26 }, "geometry": { "type": "Point", "coordinates": [ 483917.336105463735294, 996407.780925765866414 ] } },
{ "type": "Feature", "properties": { "population_density": 17510.062 }, "geometry": { "type": "Point", "coordinates": [ 483917.336105463735294, 996907.780925765866414 ] } },
{ "type": "Feature", "properties": { "population_density": 2394.3032 }, "geometry": { "type": "Point", "coordinates": [ 487417.336105463735294, 995407.780925765866414 ] } },
{ "type": "Feature", "properties": { "population_density": 9952.2773 }, "geometry": { "type": "Point", "coordinates": [ 487917.336105463735294, 995907.780925765866414 ] } },
{ "type": "Feature", "properties": { "population_density": 6800.4824 }, "geometry": { "type": "Point", "coordinates": [ 486917.336105463735294, 995907.780925765866414 ] } },
{ "type": "Feature", "properties": { "population_density": 2522.6687 }, "geometry": { "type": "Point", "coordinates": [ 487417.336105463735294, 995907.780925765866414 ] } },
{ "type": "Feature", "properties": { "population_density": 3214.9829 }, "geometry": { "type": "Point", "coordinates": [ 487917.336105463735294, 996407.780925765866414 ] } },
{ "type": "Feature", "properties": { "population_density": 11347.097 }, "geometry": { "type": "Point", "coordinates": [ 486917.336105463735294, 996407.780925765866414 ] } },
{ "type": "Feature", "properties": { "population_density": 2899.5481 }, "geometry": { "type": "Point", "coordinates": [ 487417.336105463735294, 996407.780925765866414 ] } },
{ "type": "Feature", "properties": { "population_density": 13728.201 }, "geometry": { "type": "Point", "coordinates": [ 486917.336105463735294, 996907.780925765866414 ] } },
{ "type": "Feature", "properties": { "population_density": 7111.165 }, "geometry": { "type": "Point", "coordinates": [ 487917.336105463735294, 996907.780925765866414 ] } },
{ "type": "Feature", "properties": { "population_density": 10901.652 }, "geometry": { "type": "Point", "coordinates": [ 487417.336105463735294, 996907.780925765866414 ] } },
{ "type": "Feature", "properties": { "population_density": 815.19299 }, "geometry": { "type": "Point", "coordinates": [ 489417.336105463735294, 995407.780925765866414 ] } },
{ "type": "Feature", "properties": { "population_density": 5217.2534 }, "geometry": { "type": "Point", "coordinates": [ 488417.336105463735294, 995407.780925765866414 ] } },
{ "type": "Feature", "properties": { "population_density": 3578.4338 }, "geometry": { "type": "Point", "coordinates": [ 488917.336105463735294, 995907.780925765866414 ] } },
{ "type": "Feature", "properties": { "population_density": 5154.3062 }, "geometry": { "type": "Point", "coordinates": [ 488417.336105463735294, 995907.780925765866414 ] } },
{ "type": "Feature", "properties": { "population_density": 0.0 }, "geometry": { "type": "Point", "coordinates": [ 489417.336105463735294, 995907.780925765866414 ] } },
{ "type": "Feature", "properties": { "population_density": 1605.6456 }, "geometry": { "type": "Point", "coordinates": [ 488917.336105463735294, 996407.780925765866414 ] } },
{ "type": "Feature", "properties": { "population_density": 0.0 }, "geometry": { "type": "Point", "coordinates": [ 489417.336105463735294, 996407.780925765866414 ] } },
{ "type": "Feature", "properties": { "population_density": 5575.5303 }, "geometry": { "type": "Point", "coordinates": [ 488417.336105463735294, 996407.780925765866414 ] } },
{ "type": "Feature", "properties": { "population_density": 86.418419 }, "geometry": { "type": "Point", "coordinates": [ 488917.336105463735294, 996907.780925765866414 ] } },
{ "type": "Feature", "properties": { "population_density": 14882.973 }, "geometry": { "type": "Point", "coordinates": [ 485417.336105463735294, 995907.780925765866414 ] } },
{ "type": "Feature", "properties": { "population_density": 14814.386 }, "geometry": { "type": "Point", "coordinates": [ 485917.336105463735294, 995907.780925765866414 ] } },
{ "type": "Feature", "properties": { "population_density": 7069.2734 }, "geometry": { "type": "Point", "coordinates": [ 486417.336105463735294, 995907.780925765866414 ] } },
{ "type": "Feature", "properties": { "population_density": 6769.2905 }, "geometry": { "type": "Point", "coordinates": [ 485417.336105463735294, 996407.780925765866414 ] } },
{ "type": "Feature", "properties": { "population_density": 16842.754 }, "geometry": { "type": "Point", "coordinates": [ 484917.336105463735294, 996407.780925765866414 ] } },
{ "type": "Feature", "properties": { "population_density": 13746.063 }, "geometry": { "type": "Point", "coordinates": [ 485917.336105463735294, 996407.780925765866414 ] } },
{ "type": "Feature", "properties": { "population_density": 9170.6914 }, "geometry": { "type": "Point", "coordinates": [ 486417.336105463735294, 996407.780925765866414 ] } },
{ "type": "Feature", "properties": { "population_density": 5853.6221 }, "geometry": { "type": "Point", "coordinates": [ 485417.336105463735294, 996907.780925765866414 ] } },
{ "type": "Feature", "properties": { "population_density": 13608.644 }, "geometry": { "type": "Point", "coordinates": [ 485917.336105463735294, 996907.780925765866414 ] } },
{ "type": "Feature", "properties": { "population_density": 16445.432 }, "geometry": { "type": "Point", "coordinates": [ 486417.336105463735294, 996907.780925765866414 ] } },
{ "type": "Feature", "properties": { "population_density": 20901.059 }, "geometry": { "type": "Point", "coordinates": [ 480417.336105463735294, 994907.780925765866414 ] } },
{ "type": "Feature", "properties": { "population_density": 20979.574 }, "geometry": { "type": "Point", "coordinates": [ 480917.336105463735294, 994907.780925765866414 ] } },
{ "type": "Feature", "properties": { "population_density": 15936.246 }, "geometry": { "type": "Point", "coordinates": [ 481417.336105463735294, 994907.780925765866414 ] } },
{ "type": "Feature", "properties": { "population_density": 13869.137 }, "geometry": { "type": "Point", "coordinates": [ 481917.336105463735294, 994907.780925765866414 ] } },
{ "type": "Feature", "properties": { "population_density": 20233.928 }, "geometry": { "type": "Point", "coordinates": [ 481417.336105463735294, 995407.780925765866414 ] } },
{ "type": "Feature", "properties": { "population_density": 18612.549 }, "geometry": { "type": "Point", "coordinates": [ 480917.336105463735294, 995407.780925765866414 ] } },
{ "type": "Feature", "properties": { "population_density": 19721.893 }, "geometry": { "type": "Point", "coordinates": [ 480917.336105463735294, 995907.780925765866414 ] } },
{ "type": "Feature", "properties": { "population_density": 21127.848 }, "geometry": { "type": "Point", "coordinates": [ 481417.336105463735294, 995907.780925765866414 ] } },
{ "type": "Feature", "properties": { "population_density": 19119.996 }, "geometry": { "type": "Point", "coordinates": [ 481917.336105463735294, 995907.780925765866414 ] } },
{ "type": "Feature", "properties": { "population_density": 22337.207 }, "geometry": { "type": "Point", "coordinates": [ 480917.336105463735294, 996407.780925765866414 ] } },
{ "type": "Feature", "properties": { "population_density": 21921.662 }, "geometry": { "type": "Point", "coordinates": [ 483417.336105463735294, 995907.780925765866414 ] } },
{ "type": "Feature", "properties": { "population_density": 6024.2563 }, "geometry": { "type": "Point", "coordinates": [ 482917.336105463735294, 996407.780925765866414 ] } },
{ "type": "Feature", "properties": { "population_density": 15490.593 }, "geometry": { "type": "Point", "coordinates": [ 482417.336105463735294, 996407.780925765866414 ] } },
{ "type": "Feature", "properties": { "population_density": 11680.443 }, "geometry": { "type": "Point", "coordinates": [ 483417.336105463735294, 996407.780925765866414 ] } },
{ "type": "Feature", "properties": { "population_density": 19511.029 }, "geometry": { "type": "Point", "coordinates": [ 482917.336105463735294, 996907.780925765866414 ] } },
{ "type": "Feature", "properties": { "population_density": 23969.207 }, "geometry": { "type": "Point", "coordinates": [ 482417.336105463735294, 996907.780925765866414 ] } },
{ "type": "Feature", "properties": { "population_density": 20344.684 }, "geometry": { "type": "Point", "coordinates": [ 481917.336105463735294, 996907.780925765866414 ] } },
{ "type": "Feature", "properties": { "population_density": 19897.354 }, "geometry": { "type": "Point", "coordinates": [ 483417.336105463735294, 996907.780925765866414 ] } },
{ "type": "Feature", "properties": { "population_density": 11985.351 }, "geometry": { "type": "Point", "coordinates": [ 482417.336105463735294, 997407.780925765866414 ] } },
{ "type": "Feature", "properties": { "population_density": 11053.61 }, "geometry": { "type": "Point", "coordinates": [ 483417.336105463735294, 997407.780925765866414 ] } },
{ "type": "Feature", "properties": { "population_density": 22148.424 }, "geometry": { "type": "Point", "coordinates": [ 481917.336105463735294, 996407.780925765866414 ] } },
{ "type": "Feature", "properties": { "population_density": 21765.133 }, "geometry": { "type": "Point", "coordinates": [ 481417.336105463735294, 996407.780925765866414 ] } },
{ "type": "Feature", "properties": { "population_density": 8899.9189 }, "geometry": { "type": "Point", "coordinates": [ 481417.336105463735294, 996907.780925765866414 ] } },
{ "type": "Feature", "properties": { "population_density": 19467.32 }, "geometry": { "type": "Point", "coordinates": [ 480917.336105463735294, 996907.780925765866414 ] } },
{ "type": "Feature", "properties": { "population_density": 2472.3044 }, "geometry": { "type": "Point", "coordinates": [ 481417.336105463735294, 997407.780925765866414 ] } },
{ "type": "Feature", "properties": { "population_density": 18454.738 }, "geometry": { "type": "Point", "coordinates": [ 480917.336105463735294, 997407.780925765866414 ] } },
{ "type": "Feature", "properties": { "population_density": 18197.881 }, "geometry": { "type": "Point", "coordinates": [ 480417.336105463735294, 997407.780925765866414 ] } },
{ "type": "Feature", "properties": { "population_density": 13615.486 }, "geometry": { "type": "Point", "coordinates": [ 480417.336105463735294, 997907.780925765866414 ] } },
{ "type": "Feature", "properties": { "population_density": 6432.2603 }, "geometry": { "type": "Point", "coordinates": [ 481917.336105463735294, 997907.780925765866414 ] } },
{ "type": "Feature", "properties": { "population_density": 9794.668 }, "geometry": { "type": "Point", "coordinates": [ 481417.336105463735294, 997907.780925765866414 ] } },
{ "type": "Feature", "properties": { "population_density": 20005.213 }, "geometry": { "type": "Point", "coordinates": [ 484917.336105463735294, 996907.780925765866414 ] } },
{ "type": "Feature", "properties": { "population_density": 13884.041 }, "geometry": { "type": "Point", "coordinates": [ 484417.336105463735294, 996907.780925765866414 ] } },
{ "type": "Feature", "properties": { "population_density": 20136.32 }, "geometry": { "type": "Point", "coordinates": [ 484417.336105463735294, 997407.780925765866414 ] } },
{ "type": "Feature", "properties": { "population_density": 20210.682 }, "geometry": { "type": "Point", "coordinates": [ 484917.336105463735294, 997407.780925765866414 ] } },
{ "type": "Feature", "properties": { "population_density": 12085.806 }, "geometry": { "type": "Point", "coordinates": [ 483917.336105463735294, 997407.780925765866414 ] } },
{ "type": "Feature", "properties": { "population_density": 11885.752 }, "geometry": { "type": "Point", "coordinates": [ 484417.336105463735294, 997907.780925765866414 ] } },
{ "type": "Feature", "properties": { "population_density": 8756.9131 }, "geometry": { "type": "Point", "coordinates": [ 483917.336105463735294, 997907.780925765866414 ] } },
{ "type": "Feature", "properties": { "population_density": 15443.583 }, "geometry": { "type": "Point", "coordinates": [ 484917.336105463735294, 997907.780925765866414 ] } },
{ "type": "Feature", "properties": { "population_density": 16403.398 }, "geometry": { "type": "Point", "coordinates": [ 483417.336105463735294, 997907.780925765866414 ] } },
{ "type": "Feature", "properties": { "population_density": 4055.8606 }, "geometry": { "type": "Point", "coordinates": [ 484417.336105463735294, 998407.780925765866414 ] } },
{ "type": "Feature", "properties": { "population_density": 8068.5439 }, "geometry": { "type": "Point", "coordinates": [ 481917.336105463735294, 997407.780925765866414 ] } },
{ "type": "Feature", "properties": { "population_density": 21813.77 }, "geometry": { "type": "Point", "coordinates": [ 482917.336105463735294, 997407.780925765866414 ] } },
{ "type": "Feature", "properties": { "population_density": 16162.785 }, "geometry": { "type": "Point", "coordinates": [ 482917.336105463735294, 997907.780925765866414 ] } },
{ "type": "Feature", "properties": { "population_density": 21387.287 }, "geometry": { "type": "Point", "coordinates": [ 482417.336105463735294, 997907.780925765866414 ] } },
{ "type": "Feature", "properties": { "population_density": 21681.258 }, "geometry": { "type": "Point", "coordinates": [ 482417.336105463735294, 998407.780925765866414 ] } },
{ "type": "Feature", "properties": { "population_density": 21901.926 }, "geometry": { "type": "Point", "coordinates": [ 482917.336105463735294, 998407.780925765866414 ] } },
{ "type": "Feature", "properties": { "population_density": 20689.771 }, "geometry": { "type": "Point", "coordinates": [ 483417.336105463735294, 998407.780925765866414 ] } },
{ "type": "Feature", "properties": { "population_density": 19114.861 }, "geometry": { "type": "Point", "coordinates": [ 482917.336105463735294, 998907.780925765866414 ] } },
{ "type": "Feature", "properties": { "population_density": 21299.129 }, "geometry": { "type": "Point", "coordinates": [ 481917.336105463735294, 998907.780925765866414 ] } },
{ "type": "Feature", "properties": { "population_density": 21868.295 }, "geometry": { "type": "Point", "coordinates": [ 482417.336105463735294, 998907.780925765866414 ] } },
{ "type": "Feature", "properties": { "population_density": 11209.079 }, "geometry": { "type": "Point", "coordinates": [ 480917.336105463735294, 997907.780925765866414 ] } },
{ "type": "Feature", "properties": { "population_density": 22545.451 }, "geometry": { "type": "Point", "coordinates": [ 480417.336105463735294, 998407.780925765866414 ] } },
{ "type": "Feature", "properties": { "population_density": 13139.504 }, "geometry": { "type": "Point", "coordinates": [ 480917.336105463735294, 998407.780925765866414 ] } },
{ "type": "Feature", "properties": { "population_density": 23630.521 }, "geometry": { "type": "Point", "coordinates": [ 481917.336105463735294, 998407.780925765866414 ] } },
{ "type": "Feature", "properties": { "population_density": 21519.225 }, "geometry": { "type": "Point", "coordinates": [ 481417.336105463735294, 998407.780925765866414 ] } },
{ "type": "Feature", "properties": { "population_density": 17931.4 }, "geometry": { "type": "Point", "coordinates": [ 481417.336105463735294, 998907.780925765866414 ] } },
{ "type": "Feature", "properties": { "population_density": 23488.393 }, "geometry": { "type": "Point", "coordinates": [ 480917.336105463735294, 998907.780925765866414 ] } },
{ "type": "Feature", "properties": { "population_density": 18368.969 }, "geometry": { "type": "Point", "coordinates": [ 481917.336105463735294, 999407.780925765866414 ] } },
{ "type": "Feature", "properties": { "population_density": 21391.514 }, "geometry": { "type": "Point", "coordinates": [ 481417.336105463735294, 999407.780925765866414 ] } },
{ "type": "Feature", "properties": { "population_density": 23139.318 }, "geometry": { "type": "Point", "coordinates": [ 480917.336105463735294, 999407.780925765866414 ] } },
{ "type": "Feature", "properties": { "population_density": 8721.0918 }, "geometry": { "type": "Point", "coordinates": [ 483917.336105463735294, 998407.780925765866414 ] } },
{ "type": "Feature", "properties": { "population_density": 109.37509 }, "geometry": { "type": "Point", "coordinates": [ 484917.336105463735294, 998407.780925765866414 ] } },
{ "type": "Feature", "properties": { "population_density": 20364.977 }, "geometry": { "type": "Point", "coordinates": [ 484417.336105463735294, 998907.780925765866414 ] } },
{ "type": "Feature", "properties": { "population_density": 16331.929 }, "geometry": { "type": "Point", "coordinates": [ 483917.336105463735294, 998907.780925765866414 ] } },
{ "type": "Feature", "properties": { "population_density": 13494.789 }, "geometry": { "type": "Point", "coordinates": [ 483417.336105463735294, 998907.780925765866414 ] } },
{ "type": "Feature", "properties": { "population_density": 21416.869 }, "geometry": { "type": "Point", "coordinates": [ 484917.336105463735294, 999407.780925765866414 ] } },
{ "type": "Feature", "properties": { "population_density": 20943.686 }, "geometry": { "type": "Point", "coordinates": [ 484417.336105463735294, 999407.780925765866414 ] } },
{ "type": "Feature", "properties": { "population_density": 9480.9678 }, "geometry": { "type": "Point", "coordinates": [ 483917.336105463735294, 999407.780925765866414 ] } },
{ "type": "Feature", "properties": { "population_density": 21375.127 }, "geometry": { "type": "Point", "coordinates": [ 484417.336105463735294, 999907.780925765866414 ] } },
{ "type": "Feature", "properties": { "population_density": 20960.475 }, "geometry": { "type": "Point", "coordinates": [ 484917.336105463735294, 999907.780925765866414 ] } },
{ "type": "Feature", "properties": { "population_density": 18630.699 }, "geometry": { "type": "Point", "coordinates": [ 483417.336105463735294, 999407.780925765866414 ] } },
{ "type": "Feature", "properties": { "population_density": 12341.181 }, "geometry": { "type": "Point", "coordinates": [ 482917.336105463735294, 999407.780925765866414 ] } },
{ "type": "Feature", "properties": { "population_density": 20735.539 }, "geometry": { "type": "Point", "coordinates": [ 482417.336105463735294, 999407.780925765866414 ] } },
{ "type": "Feature", "properties": { "population_density": 6933.4834 }, "geometry": { "type": "Point", "coordinates": [ 483417.336105463735294, 999907.780925765866414 ] } },
{ "type": "Feature", "properties": { "population_density": 18966.107 }, "geometry": { "type": "Point", "coordinates": [ 482917.336105463735294, 999907.780925765866414 ] } },
{ "type": "Feature", "properties": { "population_density": 4482.4282 }, "geometry": { "type": "Point", "coordinates": [ 482417.336105463735294, 999907.780925765866414 ] } },
{ "type": "Feature", "properties": { "population_density": 10742.892 }, "geometry": { "type": "Point", "coordinates": [ 482917.336105463735294, 1000407.780925765866414 ] } },
{ "type": "Feature", "properties": { "population_density": 8059.6729 }, "geometry": { "type": "Point", "coordinates": [ 481917.336105463735294, 1000407.780925765866414 ] } },
{ "type": "Feature", "properties": { "population_density": 4508.5425 }, "geometry": { "type": "Point", "coordinates": [ 483417.336105463735294, 1000407.780925765866414 ] } },
{ "type": "Feature", "properties": { "population_density": 6555.1763 }, "geometry": { "type": "Point", "coordinates": [ 482417.336105463735294, 1000407.780925765866414 ] } },
{ "type": "Feature", "properties": { "population_density": 7223.9893 }, "geometry": { "type": "Point", "coordinates": [ 481917.336105463735294, 999907.780925765866414 ] } },
{ "type": "Feature", "properties": { "population_density": 16323.424 }, "geometry": { "type": "Point", "coordinates": [ 480917.336105463735294, 999907.780925765866414 ] } },
{ "type": "Feature", "properties": { "population_density": 19227.906 }, "geometry": { "type": "Point", "coordinates": [ 481417.336105463735294, 999907.780925765866414 ] } },
{ "type": "Feature", "properties": { "population_density": 8466.0537 }, "geometry": { "type": "Point", "coordinates": [ 480917.336105463735294, 1000407.780925765866414 ] } },
{ "type": "Feature", "properties": { "population_density": 13083.153 }, "geometry": { "type": "Point", "coordinates": [ 481417.336105463735294, 1000407.780925765866414 ] } },
{ "type": "Feature", "properties": { "population_density": 1649.0873 }, "geometry": { "type": "Point", "coordinates": [ 480417.336105463735294, 1000407.780925765866414 ] } },
{ "type": "Feature", "properties": { "population_density": 1367.1926 }, "geometry": { "type": "Point", "coordinates": [ 481417.336105463735294, 1000907.780925765866414 ] } },
{ "type": "Feature", "properties": { "population_density": 1219.5199 }, "geometry": { "type": "Point", "coordinates": [ 481917.336105463735294, 1000907.780925765866414 ] } },
{ "type": "Feature", "properties": { "population_density": 9870.7656 }, "geometry": { "type": "Point", "coordinates": [ 480917.336105463735294, 1000907.780925765866414 ] } },
{ "type": "Feature", "properties": { "population_density": 2212.5266 }, "geometry": { "type": "Point", "coordinates": [ 481917.336105463735294, 1001407.780925765866414 ] } },
{ "type": "Feature", "properties": { "population_density": 352.29813 }, "geometry": { "type": "Point", "coordinates": [ 483417.336105463735294, 1000907.780925765866414 ] } },
{ "type": "Feature", "properties": { "population_density": 0.0 }, "geometry": { "type": "Point", "coordinates": [ 482917.336105463735294, 1000907.780925765866414 ] } },
{ "type": "Feature", "properties": { "population_density": 338.888 }, "geometry": { "type": "Point", "coordinates": [ 482417.336105463735294, 1000907.780925765866414 ] } },
{ "type": "Feature", "properties": { "population_density": 163.24837 }, "geometry": { "type": "Point", "coordinates": [ 482917.336105463735294, 1001407.780925765866414 ] } },
{ "type": "Feature", "properties": { "population_density": 935.828 }, "geometry": { "type": "Point", "coordinates": [ 482417.336105463735294, 1001407.780925765866414 ] } },
{ "type": "Feature", "properties": { "population_density": 2700.4199 }, "geometry": { "type": "Point", "coordinates": [ 483417.336105463735294, 1001407.780925765866414 ] } },
{ "type": "Feature", "properties": { "population_density": 315.63959 }, "geometry": { "type": "Point", "coordinates": [ 481917.336105463735294, 1001907.780925765866414 ] } },
{ "type": "Feature", "properties": { "population_density": 747.19781 }, "geometry": { "type": "Point", "coordinates": [ 482417.336105463735294, 1001907.780925765866414 ] } },
{ "type": "Feature", "properties": { "population_density": 952.38153 }, "geometry": { "type": "Point", "coordinates": [ 482917.336105463735294, 1001907.780925765866414 ] } },
{ "type": "Feature", "properties": { "population_density": 0.0 }, "geometry": { "type": "Point", "coordinates": [ 483417.336105463735294, 1001907.780925765866414 ] } },
{ "type": "Feature", "properties": { "population_density": 13882.339 }, "geometry": { "type": "Point", "coordinates": [ 478417.336105463735294, 996907.780925765866414 ] } },
{ "type": "Feature", "properties": { "population_density": 20126.582 }, "geometry": { "type": "Point", "coordinates": [ 477917.336105463735294, 996907.780925765866414 ] } },
{ "type": "Feature", "properties": { "population_density": 13852.115 }, "geometry": { "type": "Point", "coordinates": [ 477417.336105463735294, 997407.780925765866414 ] } },
{ "type": "Feature", "properties": { "population_density": 20883.514 }, "geometry": { "type": "Point", "coordinates": [ 478417.336105463735294, 997407.780925765866414 ] } },
{ "type": "Feature", "properties": { "population_density": 20105.375 }, "geometry": { "type": "Point", "coordinates": [ 477917.336105463735294, 997407.780925765866414 ] } },
{ "type": "Feature", "properties": { "population_density": 20643.445 }, "geometry": { "type": "Point", "coordinates": [ 477917.336105463735294, 997907.780925765866414 ] } },
{ "type": "Feature", "properties": { "population_density": 11068.802 }, "geometry": { "type": "Point", "coordinates": [ 478417.336105463735294, 997907.780925765866414 ] } },
{ "type": "Feature", "properties": { "population_density": 21403.168 }, "geometry": { "type": "Point", "coordinates": [ 477417.336105463735294, 997907.780925765866414 ] } },
{ "type": "Feature", "properties": { "population_density": 933.95013 }, "geometry": { "type": "Point", "coordinates": [ 477917.336105463735294, 998407.780925765866414 ] } },
{ "type": "Feature", "properties": { "population_density": 8002.6797 }, "geometry": { "type": "Point", "coordinates": [ 478417.336105463735294, 998407.780925765866414 ] } },
{ "type": "Feature", "properties": { "population_density": 16789.211 }, "geometry": { "type": "Point", "coordinates": [ 476417.336105463735294, 997407.780925765866414 ] } },
{ "type": "Feature", "properties": { "population_density": 24757.359 }, "geometry": { "type": "Point", "coordinates": [ 476917.336105463735294, 997407.780925765866414 ] } },
{ "type": "Feature", "properties": { "population_density": 20268.82 }, "geometry": { "type": "Point", "coordinates": [ 475917.336105463735294, 997407.780925765866414 ] } },
{ "type": "Feature", "properties": { "population_density": 23761.186 }, "geometry": { "type": "Point", "coordinates": [ 476417.336105463735294, 997907.780925765866414 ] } },
{ "type": "Feature", "properties": { "population_density": 9906.252 }, "geometry": { "type": "Point", "coordinates": [ 475917.336105463735294, 997907.780925765866414 ] } },
{ "type": "Feature", "properties": { "population_density": 23345.863 }, "geometry": { "type": "Point", "coordinates": [ 476917.336105463735294, 997907.780925765866414 ] } },
{ "type": "Feature", "properties": { "population_density": 2747.28 }, "geometry": { "type": "Point", "coordinates": [ 476917.336105463735294, 998407.780925765866414 ] } },
{ "type": "Feature", "properties": { "population_density": 10392.881 }, "geometry": { "type": "Point", "coordinates": [ 476417.336105463735294, 998407.780925765866414 ] } },
{ "type": "Feature", "properties": { "population_density": 975.36792 }, "geometry": { "type": "Point", "coordinates": [ 477417.336105463735294, 998407.780925765866414 ] } },
{ "type": "Feature", "properties": { "population_density": 23708.711 }, "geometry": { "type": "Point", "coordinates": [ 475917.336105463735294, 998407.780925765866414 ] } },
{ "type": "Feature", "properties": { "population_density": 6125.4814 }, "geometry": { "type": "Point", "coordinates": [ 479917.336105463735294, 996907.780925765866414 ] } },
{ "type": "Feature", "properties": { "population_density": 22815.568 }, "geometry": { "type": "Point", "coordinates": [ 478917.336105463735294, 997407.780925765866414 ] } },
{ "type": "Feature", "properties": { "population_density": 18390.078 }, "geometry": { "type": "Point", "coordinates": [ 479917.336105463735294, 997407.780925765866414 ] } },
{ "type": "Feature", "properties": { "population_density": 21776.365 }, "geometry": { "type": "Point", "coordinates": [ 479417.336105463735294, 997407.780925765866414 ] } },
{ "type": "Feature", "properties": { "population_density": 1773.9661 }, "geometry": { "type": "Point", "coordinates": [ 479417.336105463735294, 997907.780925765866414 ] } },
{ "type": "Feature", "properties": { "population_density": 14065.27 }, "geometry": { "type": "Point", "coordinates": [ 479917.336105463735294, 997907.780925765866414 ] } },
{ "type": "Feature", "properties": { "population_density": 3600.988 }, "geometry": { "type": "Point", "coordinates": [ 478917.336105463735294, 997907.780925765866414 ] } },
{ "type": "Feature", "properties": { "population_density": 459.5751 }, "geometry": { "type": "Point", "coordinates": [ 479917.336105463735294, 998407.780925765866414 ] } },
{ "type": "Feature", "properties": { "population_density": 2965.5771 }, "geometry": { "type": "Point", "coordinates": [ 479417.336105463735294, 998407.780925765866414 ] } },
{ "type": "Feature", "properties": { "population_density": 1593.4546 }, "geometry": { "type": "Point", "coordinates": [ 479417.336105463735294, 998907.780925765866414 ] } },
{ "type": "Feature", "properties": { "population_density": 10414.503 }, "geometry": { "type": "Point", "coordinates": [ 475917.336105463735294, 998907.780925765866414 ] } },
{ "type": "Feature", "properties": { "population_density": 5206.8936 }, "geometry": { "type": "Point", "coordinates": [ 476417.336105463735294, 998907.780925765866414 ] } },
{ "type": "Feature", "properties": { "population_density": 2116.5322 }, "geometry": { "type": "Point", "coordinates": [ 477417.336105463735294, 998907.780925765866414 ] } },
{ "type": "Feature", "properties": { "population_density": 7332.2002 }, "geometry": { "type": "Point", "coordinates": [ 476917.336105463735294, 998907.780925765866414 ] } },
{ "type": "Feature", "properties": { "population_density": 1655.1893 }, "geometry": { "type": "Point", "coordinates": [ 477417.336105463735294, 999407.780925765866414 ] } },
{ "type": "Feature", "properties": { "population_density": 8726.3008 }, "geometry": { "type": "Point", "coordinates": [ 476417.336105463735294, 999407.780925765866414 ] } },
{ "type": "Feature", "properties": { "population_density": 22235.859 }, "geometry": { "type": "Point", "coordinates": [ 475917.336105463735294, 999407.780925765866414 ] } },
{ "type": "Feature", "properties": { "population_density": 1426.0759 }, "geometry": { "type": "Point", "coordinates": [ 476917.336105463735294, 999407.780925765866414 ] } },
{ "type": "Feature", "properties": { "population_density": 6948.4551 }, "geometry": { "type": "Point", "coordinates": [ 476917.336105463735294, 999907.780925765866414 ] } },
{ "type": "Feature", "properties": { "population_density": 23608.541 }, "geometry": { "type": "Point", "coordinates": [ 475917.336105463735294, 999907.780925765866414 ] } },
{ "type": "Feature", "properties": { "population_density": 17017.912 }, "geometry": { "type": "Point", "coordinates": [ 479917.336105463735294, 998907.780925765866414 ] } },
{ "type": "Feature", "properties": { "population_density": 11370.229 }, "geometry": { "type": "Point", "coordinates": [ 480417.336105463735294, 998907.780925765866414 ] } },
{ "type": "Feature", "properties": { "population_density": 1509.369 }, "geometry": { "type": "Point", "coordinates": [ 478917.336105463735294, 998907.780925765866414 ] } },
{ "type": "Feature", "properties": { "population_density": 125.52863 }, "geometry": { "type": "Point", "coordinates": [ 478917.336105463735294, 999407.780925765866414 ] } },
{ "type": "Feature", "properties": { "population_density": 21182.096 }, "geometry": { "type": "Point", "coordinates": [ 480417.336105463735294, 999407.780925765866414 ] } },
{ "type": "Feature", "properties": { "population_density": 96.767365 }, "geometry": { "type": "Point", "coordinates": [ 479417.336105463735294, 999407.780925765866414 ] } },
{ "type": "Feature", "properties": { "population_density": 8686.6816 }, "geometry": { "type": "Point", "coordinates": [ 479917.336105463735294, 999407.780925765866414 ] } },
{ "type": "Feature", "properties": { "population_density": 312.75577 }, "geometry": { "type": "Point", "coordinates": [ 478917.336105463735294, 999907.780925765866414 ] } },
{ "type": "Feature", "properties": { "population_density": 8887.8164 }, "geometry": { "type": "Point", "coordinates": [ 479417.336105463735294, 999907.780925765866414 ] } },
{ "type": "Feature", "properties": { "population_density": 14952.8 }, "geometry": { "type": "Point", "coordinates": [ 479917.336105463735294, 999907.780925765866414 ] } },
{ "type": "Feature", "properties": { "population_density": 741.85657 }, "geometry": { "type": "Point", "coordinates": [ 478917.336105463735294, 998407.780925765866414 ] } },
{ "type": "Feature", "properties": { "population_density": 2361.6562 }, "geometry": { "type": "Point", "coordinates": [ 478417.336105463735294, 998907.780925765866414 ] } },
{ "type": "Feature", "properties": { "population_density": 0.0 }, "geometry": { "type": "Point", "coordinates": [ 477917.336105463735294, 998907.780925765866414 ] } },
{ "type": "Feature", "properties": { "population_density": 1806.1722 }, "geometry": { "type": "Point", "coordinates": [ 478417.336105463735294, 999407.780925765866414 ] } },
{ "type": "Feature", "properties": { "population_density": 0.0 }, "geometry": { "type": "Point", "coordinates": [ 477917.336105463735294, 999407.780925765866414 ] } },
{ "type": "Feature", "properties": { "population_density": 0.0 }, "geometry": { "type": "Point", "coordinates": [ 477917.336105463735294, 999907.780925765866414 ] } },
{ "type": "Feature", "properties": { "population_density": 454.63144 }, "geometry": { "type": "Point", "coordinates": [ 478417.336105463735294, 999907.780925765866414 ] } },
{ "type": "Feature", "properties": { "population_density": 0.0 }, "geometry": { "type": "Point", "coordinates": [ 477917.336105463735294, 1000407.780925765866414 ] } },
{ "type": "Feature", "properties": { "population_density": 5518.248 }, "geometry": { "type": "Point", "coordinates": [ 478417.336105463735294, 1000407.780925765866414 ] } },
{ "type": "Feature", "properties": { "population_density": 0.0 }, "geometry": { "type": "Point", "coordinates": [ 477417.336105463735294, 1000907.780925765866414 ] } },
{ "type": "Feature", "properties": { "population_density": 1715.8318 }, "geometry": { "type": "Point", "coordinates": [ 480417.336105463735294, 999907.780925765866414 ] } },
{ "type": "Feature", "properties": { "population_density": 4379.7114 }, "geometry": { "type": "Point", "coordinates": [ 478917.336105463735294, 1000407.780925765866414 ] } },
{ "type": "Feature", "properties": { "population_density": 2403.3394 }, "geometry": { "type": "Point", "coordinates": [ 479917.336105463735294, 1000407.780925765866414 ] } },
{ "type": "Feature", "properties": { "population_density": 12363.121 }, "geometry": { "type": "Point", "coordinates": [ 479417.336105463735294, 1000407.780925765866414 ] } },
{ "type": "Feature", "properties": { "population_density": 6231.3413 }, "geometry": { "type": "Point", "coordinates": [ 479917.336105463735294, 1000907.780925765866414 ] } },
{ "type": "Feature", "properties": { "population_density": 859.8028 }, "geometry": { "type": "Point", "coordinates": [ 478917.336105463735294, 1000907.780925765866414 ] } },
{ "type": "Feature", "properties": { "population_density": 1703.2924 }, "geometry": { "type": "Point", "coordinates": [ 480417.336105463735294, 1000907.780925765866414 ] } },
{ "type": "Feature", "properties": { "population_density": 1239.0826 }, "geometry": { "type": "Point", "coordinates": [ 479417.336105463735294, 1000907.780925765866414 ] } },
{ "type": "Feature", "properties": { "population_density": 915.29492 }, "geometry": { "type": "Point", "coordinates": [ 480417.336105463735294, 1001407.780925765866414 ] } },
{ "type": "Feature", "properties": { "population_density": 359.21051 }, "geometry": { "type": "Point", "coordinates": [ 479917.336105463735294, 1001407.780925765866414 ] } },
{ "type": "Feature", "properties": { "population_density": 0.0 }, "geometry": { "type": "Point", "coordinates": [ 477417.336105463735294, 999907.780925765866414 ] } },
{ "type": "Feature", "properties": { "population_density": 18103.154 }, "geometry": { "type": "Point", "coordinates": [ 476417.336105463735294, 999907.780925765866414 ] } },
{ "type": "Feature", "properties": { "population_density": 1505.9464 }, "geometry": { "type": "Point", "coordinates": [ 476417.336105463735294, 1000407.780925765866414 ] } },
{ "type": "Feature", "properties": { "population_density": 22506.432 }, "geometry": { "type": "Point", "coordinates": [ 475917.336105463735294, 1000407.780925765866414 ] } },
{ "type": "Feature", "properties": { "population_density": 94.606339 }, "geometry": { "type": "Point", "coordinates": [ 477417.336105463735294, 1000407.780925765866414 ] } },
{ "type": "Feature", "properties": { "population_density": 1502.8601 }, "geometry": { "type": "Point", "coordinates": [ 476917.336105463735294, 1000407.780925765866414 ] } },
{ "type": "Feature", "properties": { "population_density": 2870.5183 }, "geometry": { "type": "Point", "coordinates": [ 476417.336105463735294, 1000907.780925765866414 ] } },
{ "type": "Feature", "properties": { "population_density": 2671.1895 }, "geometry": { "type": "Point", "coordinates": [ 476917.336105463735294, 1000907.780925765866414 ] } },
{ "type": "Feature", "properties": { "population_density": 4328.5708 }, "geometry": { "type": "Point", "coordinates": [ 476417.336105463735294, 1001407.780925765866414 ] } },
{ "type": "Feature", "properties": { "population_density": 22491.32 }, "geometry": { "type": "Point", "coordinates": [ 475917.336105463735294, 1001407.780925765866414 ] } },
{ "type": "Feature", "properties": { "population_density": 19422.908 }, "geometry": { "type": "Point", "coordinates": [ 475417.336105463735294, 1000407.780925765866414 ] } },
{ "type": "Feature", "properties": { "population_density": 20373.078 }, "geometry": { "type": "Point", "coordinates": [ 474917.336105463735294, 1000407.780925765866414 ] } },
{ "type": "Feature", "properties": { "population_density": 23099.814 }, "geometry": { "type": "Point", "coordinates": [ 474417.336105463735294, 1000407.780925765866414 ] } },
{ "type": "Feature", "properties": { "population_density": 18002.947 }, "geometry": { "type": "Point", "coordinates": [ 475417.336105463735294, 1000907.780925765866414 ] } },
{ "type": "Feature", "properties": { "population_density": 22707.01 }, "geometry": { "type": "Point", "coordinates": [ 475917.336105463735294, 1000907.780925765866414 ] } },
{ "type": "Feature", "properties": { "population_density": 2497.6414 }, "geometry": { "type": "Point", "coordinates": [ 474917.336105463735294, 1000907.780925765866414 ] } },
{ "type": "Feature", "properties": { "population_density": 5212.3374 }, "geometry": { "type": "Point", "coordinates": [ 474417.336105463735294, 1001407.780925765866414 ] } },
{ "type": "Feature", "properties": { "population_density": 23971.773 }, "geometry": { "type": "Point", "coordinates": [ 475417.336105463735294, 1001407.780925765866414 ] } },
{ "type": "Feature", "properties": { "population_density": 17840.434 }, "geometry": { "type": "Point", "coordinates": [ 474917.336105463735294, 1001407.780925765866414 ] } },
{ "type": "Feature", "properties": { "population_density": 7992.7998 }, "geometry": { "type": "Point", "coordinates": [ 474417.336105463735294, 1001907.780925765866414 ] } },
{ "type": "Feature", "properties": { "population_density": 1848.22 }, "geometry": { "type": "Point", "coordinates": [ 478417.336105463735294, 1000907.780925765866414 ] } },
{ "type": "Feature", "properties": { "population_density": 482.39539 }, "geometry": { "type": "Point", "coordinates": [ 477917.336105463735294, 1000907.780925765866414 ] } },
{ "type": "Feature", "properties": { "population_density": 2952.3743 }, "geometry": { "type": "Point", "coordinates": [ 477417.336105463735294, 1001407.780925765866414 ] } },
{ "type": "Feature", "properties": { "population_density": 13302.526 }, "geometry": { "type": "Point", "coordinates": [ 477917.336105463735294, 1001407.780925765866414 ] } },
{ "type": "Feature", "properties": { "population_density": 11070.546 }, "geometry": { "type": "Point", "coordinates": [ 478417.336105463735294, 1001407.780925765866414 ] } },
{ "type": "Feature", "properties": { "population_density": 1994.4739 }, "geometry": { "type": "Point", "coordinates": [ 478417.336105463735294, 1001907.780925765866414 ] } },
{ "type": "Feature", "properties": { "population_density": 4314.4067 }, "geometry": { "type": "Point", "coordinates": [ 478917.336105463735294, 1001907.780925765866414 ] } },
{ "type": "Feature", "properties": { "population_density": 0.0 }, "geometry": { "type": "Point", "coordinates": [ 477917.336105463735294, 1001907.780925765866414 ] } },
{ "type": "Feature", "properties": { "population_density": 400.48294 }, "geometry": { "type": "Point", "coordinates": [ 477417.336105463735294, 1001907.780925765866414 ] } },
{ "type": "Feature", "properties": { "population_density": 0.0 }, "geometry": { "type": "Point", "coordinates": [ 478417.336105463735294, 1002407.780925765866414 ] } },
{ "type": "Feature", "properties": { "population_density": 11859.188 }, "geometry": { "type": "Point", "coordinates": [ 488417.336105463735294, 996907.780925765866414 ] } },
{ "type": "Feature", "properties": { "population_density": 10819.543 }, "geometry": { "type": "Point", "coordinates": [ 487917.336105463735294, 997407.780925765866414 ] } },
{ "type": "Feature", "properties": { "population_density": 20136.451 }, "geometry": { "type": "Point", "coordinates": [ 486917.336105463735294, 997407.780925765866414 ] } },
{ "type": "Feature", "properties": { "population_density": 14366.735 }, "geometry": { "type": "Point", "coordinates": [ 487417.336105463735294, 997407.780925765866414 ] } },
{ "type": "Feature", "properties": { "population_density": 6906.2412 }, "geometry": { "type": "Point", "coordinates": [ 486917.336105463735294, 997907.780925765866414 ] } },
{ "type": "Feature", "properties": { "population_density": 2308.8372 }, "geometry": { "type": "Point", "coordinates": [ 487917.336105463735294, 997907.780925765866414 ] } },
{ "type": "Feature", "properties": { "population_density": 10901.959 }, "geometry": { "type": "Point", "coordinates": [ 487417.336105463735294, 997907.780925765866414 ] } },
{ "type": "Feature", "properties": { "population_density": 498.80893 }, "geometry": { "type": "Point", "coordinates": [ 487917.336105463735294, 998407.780925765866414 ] } },
{ "type": "Feature", "properties": { "population_density": 14903.132 }, "geometry": { "type": "Point", "coordinates": [ 486917.336105463735294, 998407.780925765866414 ] } },
{ "type": "Feature", "properties": { "population_density": 5904.0093 }, "geometry": { "type": "Point", "coordinates": [ 487417.336105463735294, 998407.780925765866414 ] } },
{ "type": "Feature", "properties": { "population_density": 9346.8398 }, "geometry": { "type": "Point", "coordinates": [ 485417.336105463735294, 997407.780925765866414 ] } },
{ "type": "Feature", "properties": { "population_density": 6896.2368 }, "geometry": { "type": "Point", "coordinates": [ 486417.336105463735294, 997407.780925765866414 ] } },
{ "type": "Feature", "properties": { "population_density": 22058.309 }, "geometry": { "type": "Point", "coordinates": [ 485917.336105463735294, 997407.780925765866414 ] } },
{ "type": "Feature", "properties": { "population_density": 2251.9229 }, "geometry": { "type": "Point", "coordinates": [ 485417.336105463735294, 997907.780925765866414 ] } },
{ "type": "Feature", "properties": { "population_density": 11347.979 }, "geometry": { "type": "Point", "coordinates": [ 485917.336105463735294, 997907.780925765866414 ] } },
{ "type": "Feature", "properties": { "population_density": 16033.239 }, "geometry": { "type": "Point", "coordinates": [ 486417.336105463735294, 997907.780925765866414 ] } },
{ "type": "Feature", "properties": { "population_density": 1332.3992 }, "geometry": { "type": "Point", "coordinates": [ 485417.336105463735294, 998407.780925765866414 ] } },
{ "type": "Feature", "properties": { "population_density": 868.61243 }, "geometry": { "type": "Point", "coordinates": [ 485917.336105463735294, 998407.780925765866414 ] } },
{ "type": "Feature", "properties": { "population_density": 14314.059 }, "geometry": { "type": "Point", "coordinates": [ 486417.336105463735294, 998407.780925765866414 ] } },
{ "type": "Feature", "properties": { "population_density": 11368.403 }, "geometry": { "type": "Point", "coordinates": [ 486417.336105463735294, 998907.780925765866414 ] } },
{ "type": "Feature", "properties": { "population_density": 0.0 }, "geometry": { "type": "Point", "coordinates": [ 488917.336105463735294, 997407.780925765866414 ] } },
{ "type": "Feature", "properties": { "population_density": 2403.8982 }, "geometry": { "type": "Point", "coordinates": [ 488417.336105463735294, 997407.780925765866414 ] } },
{ "type": "Feature", "properties": { "population_density": 0.0 }, "geometry": { "type": "Point", "coordinates": [ 488417.336105463735294, 997907.780925765866414 ] } },
{ "type": "Feature", "properties": { "population_density": 0.0 }, "geometry": { "type": "Point", "coordinates": [ 488917.336105463735294, 997907.780925765866414 ] } },
{ "type": "Feature", "properties": { "population_density": 347.02176 }, "geometry": { "type": "Point", "coordinates": [ 488417.336105463735294, 998407.780925765866414 ] } },
{ "type": "Feature", "properties": { "population_density": 9764.5391 }, "geometry": { "type": "Point", "coordinates": [ 487917.336105463735294, 998907.780925765866414 ] } },
{ "type": "Feature", "properties": { "population_density": 3937.8015 }, "geometry": { "type": "Point", "coordinates": [ 486917.336105463735294, 998907.780925765866414 ] } },
{ "type": "Feature", "properties": { "population_density": 1508.7847 }, "geometry": { "type": "Point", "coordinates": [ 487417.336105463735294, 998907.780925765866414 ] } },
{ "type": "Feature", "properties": { "population_density": 4231.6812 }, "geometry": { "type": "Point", "coordinates": [ 487417.336105463735294, 999407.780925765866414 ] } },
{ "type": "Feature", "properties": { "population_density": 0.0 }, "geometry": { "type": "Point", "coordinates": [ 487917.336105463735294, 999407.780925765866414 ] } },
{ "type": "Feature", "properties": { "population_density": 3683.0652 }, "geometry": { "type": "Point", "coordinates": [ 486917.336105463735294, 999407.780925765866414 ] } },
{ "type": "Feature", "properties": { "population_density": 2151.3928 }, "geometry": { "type": "Point", "coordinates": [ 487417.336105463735294, 999907.780925765866414 ] } },
{ "type": "Feature", "properties": { "population_density": 9182.4756 }, "geometry": { "type": "Point", "coordinates": [ 486917.336105463735294, 999907.780925765866414 ] } },
{ "type": "Feature", "properties": { "population_density": 2367.2773 }, "geometry": { "type": "Point", "coordinates": [ 485417.336105463735294, 998907.780925765866414 ] } },
{ "type": "Feature", "properties": { "population_density": 6611.1543 }, "geometry": { "type": "Point", "coordinates": [ 484917.336105463735294, 998907.780925765866414 ] } },
{ "type": "Feature", "properties": { "population_density": 12211.201 }, "geometry": { "type": "Point", "coordinates": [ 485917.336105463735294, 998907.780925765866414 ] } },
{ "type": "Feature", "properties": { "population_density": 1782.5938 }, "geometry": { "type": "Point", "coordinates": [ 485417.336105463735294, 999407.780925765866414 ] } },
{ "type": "Feature", "properties": { "population_density": 2272.4504 }, "geometry": { "type": "Point", "coordinates": [ 485917.336105463735294, 999407.780925765866414 ] } },
{ "type": "Feature", "properties": { "population_density": 3533.4363 }, "geometry": { "type": "Point", "coordinates": [ 486417.336105463735294, 999407.780925765866414 ] } },
{ "type": "Feature", "properties": { "population_density": 7439.2959 }, "geometry": { "type": "Point", "coordinates": [ 485917.336105463735294, 999907.780925765866414 ] } },
{ "type": "Feature", "properties": { "population_density": 4353.9004 }, "geometry": { "type": "Point", "coordinates": [ 486417.336105463735294, 999907.780925765866414 ] } },
{ "type": "Feature", "properties": { "population_density": 4265.2739 }, "geometry": { "type": "Point", "coordinates": [ 485417.336105463735294, 999907.780925765866414 ] } },
{ "type": "Feature", "properties": { "population_density": 7496.3774 }, "geometry": { "type": "Point", "coordinates": [ 486417.336105463735294, 1000407.780925765866414 ] } },
{ "type": "Feature", "properties": { "population_density": 0.0 }, "geometry": { "type": "Point", "coordinates": [ 488417.336105463735294, 998907.780925765866414 ] } },
{ "type": "Feature", "properties": { "population_density": 17948.213 }, "geometry": { "type": "Point", "coordinates": [ 483917.336105463735294, 999907.780925765866414 ] } },
{ "type": "Feature", "properties": { "population_density": 1764.7135 }, "geometry": { "type": "Point", "coordinates": [ 484917.336105463735294, 1000407.780925765866414 ] } },
{ "type": "Feature", "properties": { "population_density": 7639.4702 }, "geometry": { "type": "Point", "coordinates": [ 484417.336105463735294, 1000407.780925765866414 ] } },
{ "type": "Feature", "properties": { "population_density": 9608.8662 }, "geometry": { "type": "Point", "coordinates": [ 483917.336105463735294, 1000407.780925765866414 ] } },
{ "type": "Feature", "properties": { "population_density": 3599.6565 }, "geometry": { "type": "Point", "coordinates": [ 483917.336105463735294, 1000907.780925765866414 ] } },
{ "type": "Feature", "properties": { "population_density": 3134.5237 }, "geometry": { "type": "Point", "coordinates": [ 484417.336105463735294, 1000907.780925765866414 ] } },
{ "type": "Feature", "properties": { "population_density": 100.60622 }, "geometry": { "type": "Point", "coordinates": [ 484917.336105463735294, 1000907.780925765866414 ] } },
{ "type": "Feature", "properties": { "population_density": 406.70355 }, "geometry": { "type": "Point", "coordinates": [ 484417.336105463735294, 1001407.780925765866414 ] } },
{ "type": "Feature", "properties": { "population_density": 6451.5049 }, "geometry": { "type": "Point", "coordinates": [ 483917.336105463735294, 1001407.780925765866414 ] } },
{ "type": "Feature", "properties": { "population_density": 4050.7588 }, "geometry": { "type": "Point", "coordinates": [ 484917.336105463735294, 1001407.780925765866414 ] } },
{ "type": "Feature", "properties": { "population_density": 9636.5918 }, "geometry": { "type": "Point", "coordinates": [ 486917.336105463735294, 1000407.780925765866414 ] } },
{ "type": "Feature", "properties": { "population_density": 0.0 }, "geometry": { "type": "Point", "coordinates": [ 486917.336105463735294, 1000907.780925765866414 ] } },
{ "type": "Feature", "properties": { "population_density": 0.0 }, "geometry": { "type": "Point", "coordinates": [ 486917.336105463735294, 1001407.780925765866414 ] } },
{ "type": "Feature", "properties": { "population_density": 13664.628 }, "geometry": { "type": "Point", "coordinates": [ 485417.336105463735294, 1000407.780925765866414 ] } },
{ "type": "Feature", "properties": { "population_density": 4525.9751 }, "geometry": { "type": "Point", "coordinates": [ 485917.336105463735294, 1000407.780925765866414 ] } },
{ "type": "Feature", "properties": { "population_density": 13205.81 }, "geometry": { "type": "Point", "coordinates": [ 485917.336105463735294, 1000907.780925765866414 ] } },
{ "type": "Feature", "properties": { "population_density": 3146.4817 }, "geometry": { "type": "Point", "coordinates": [ 486417.336105463735294, 1000907.780925765866414 ] } },
{ "type": "Feature", "properties": { "population_density": 13507.316 }, "geometry": { "type": "Point", "coordinates": [ 485417.336105463735294, 1000907.780925765866414 ] } },
{ "type": "Feature", "properties": { "population_density": 16831.07 }, "geometry": { "type": "Point", "coordinates": [ 485917.336105463735294, 1001407.780925765866414 ] } },
{ "type": "Feature", "properties": { "population_density": 13654.707 }, "geometry": { "type": "Point", "coordinates": [ 485417.336105463735294, 1001407.780925765866414 ] } },
{ "type": "Feature", "properties": { "population_density": 9969.6387 }, "geometry": { "type": "Point", "coordinates": [ 486417.336105463735294, 1001407.780925765866414 ] } },
{ "type": "Feature", "properties": { "population_density": 5196.9033 }, "geometry": { "type": "Point", "coordinates": [ 486417.336105463735294, 1001907.780925765866414 ] } },
{ "type": "Feature", "properties": { "population_density": 3593.845 }, "geometry": { "type": "Point", "coordinates": [ 485417.336105463735294, 1001907.780925765866414 ] } },
{ "type": "Feature", "properties": { "population_density": 20019.654 }, "geometry": { "type": "Point", "coordinates": [ 476917.336105463735294, 1001407.780925765866414 ] } },
{ "type": "Feature", "properties": { "population_density": 19625.992 }, "geometry": { "type": "Point", "coordinates": [ 476917.336105463735294, 1001907.780925765866414 ] } },
{ "type": "Feature", "properties": { "population_density": 6388.4717 }, "geometry": { "type": "Point", "coordinates": [ 475917.336105463735294, 1001907.780925765866414 ] } },
{ "type": "Feature", "properties": { "population_density": 8797.3125 }, "geometry": { "type": "Point", "coordinates": [ 476417.336105463735294, 1001907.780925765866414 ] } },
{ "type": "Feature", "properties": { "population_density": 1336.0215 }, "geometry": { "type": "Point", "coordinates": [ 475917.336105463735294, 1002407.780925765866414 ] } },
{ "type": "Feature", "properties": { "population_density": 4353.666 }, "geometry": { "type": "Point", "coordinates": [ 476417.336105463735294, 1002407.780925765866414 ] } },
{ "type": "Feature", "properties": { "population_density": 2812.2524 }, "geometry": { "type": "Point", "coordinates": [ 476917.336105463735294, 1002407.780925765866414 ] } },
{ "type": "Feature", "properties": { "population_density": 1525.7075 }, "geometry": { "type": "Point", "coordinates": [ 476917.336105463735294, 1002907.780925765866414 ] } },
{ "type": "Feature", "properties": { "population_density": 1048.1826 }, "geometry": { "type": "Point", "coordinates": [ 476417.336105463735294, 1002907.780925765866414 ] } },
{ "type": "Feature", "properties": { "population_density": 4276.4844 }, "geometry": { "type": "Point", "coordinates": [ 475917.336105463735294, 1002907.780925765866414 ] } },
{ "type": "Feature", "properties": { "population_density": 18338.238 }, "geometry": { "type": "Point", "coordinates": [ 475417.336105463735294, 1001907.780925765866414 ] } },
{ "type": "Feature", "properties": { "population_density": 24119.262 }, "geometry": { "type": "Point", "coordinates": [ 474917.336105463735294, 1001907.780925765866414 ] } },
{ "type": "Feature", "properties": { "population_density": 10958.817 }, "geometry": { "type": "Point", "coordinates": [ 475417.336105463735294, 1002407.780925765866414 ] } },
{ "type": "Feature", "properties": { "population_density": 21182.33 }, "geometry": { "type": "Point", "coordinates": [ 474917.336105463735294, 1002407.780925765866414 ] } },
{ "type": "Feature", "properties": { "population_density": 10666.502 }, "geometry": { "type": "Point", "coordinates": [ 474417.336105463735294, 1002907.780925765866414 ] } },
{ "type": "Feature", "properties": { "population_density": 1441.4817 }, "geometry": { "type": "Point", "coordinates": [ 475417.336105463735294, 1002907.780925765866414 ] } },
{ "type": "Feature", "properties": { "population_density": 1699.1929 }, "geometry": { "type": "Point", "coordinates": [ 474917.336105463735294, 1002907.780925765866414 ] } },
{ "type": "Feature", "properties": { "population_density": 1205.823 }, "geometry": { "type": "Point", "coordinates": [ 475417.336105463735294, 1003407.780925765866414 ] } },
{ "type": "Feature", "properties": { "population_density": 0.0 }, "geometry": { "type": "Point", "coordinates": [ 475917.336105463735294, 1003407.780925765866414 ] } },
{ "type": "Feature", "properties": { "population_density": 9956.9072 }, "geometry": { "type": "Point", "coordinates": [ 474917.336105463735294, 1003407.780925765866414 ] } },
{ "type": "Feature", "properties": { "population_density": 91.627144 }, "geometry": { "type": "Point", "coordinates": [ 477917.336105463735294, 1002407.780925765866414 ] } },
{ "type": "Feature", "properties": { "population_density": 3969.3242 }, "geometry": { "type": "Point", "coordinates": [ 478917.336105463735294, 1002407.780925765866414 ] } },
{ "type": "Feature", "properties": { "population_density": 2022.9379 }, "geometry": { "type": "Point", "coordinates": [ 477417.336105463735294, 1002407.780925765866414 ] } },
{ "type": "Feature", "properties": { "population_density": 385.84583 }, "geometry": { "type": "Point", "coordinates": [ 477917.336105463735294, 1002907.780925765866414 ] } },
{ "type": "Feature", "properties": { "population_density": 68.575439 }, "geometry": { "type": "Point", "coordinates": [ 478917.336105463735294, 1002907.780925765866414 ] } },
{ "type": "Feature", "properties": { "population_density": 1405.1261 }, "geometry": { "type": "Point", "coordinates": [ 478417.336105463735294, 1002907.780925765866414 ] } },
{ "type": "Feature", "properties": { "population_density": 95.313492 }, "geometry": { "type": "Point", "coordinates": [ 478417.336105463735294, 1003407.780925765866414 ] } },
{ "type": "Feature", "properties": { "population_density": 630.151 }, "geometry": { "type": "Point", "coordinates": [ 478917.336105463735294, 1003407.780925765866414 ] } },
{ "type": "Feature", "properties": { "population_density": 996.47198 }, "geometry": { "type": "Point", "coordinates": [ 474417.336105463735294, 1003407.780925765866414 ] } },
{ "type": "Feature", "properties": { "population_density": 77.934158 }, "geometry": { "type": "Point", "coordinates": [ 475417.336105463735294, 1003907.780925765866414 ] } },
{ "type": "Feature", "properties": { "population_density": 0.0 }, "geometry": { "type": "Point", "coordinates": [ 474917.336105463735294, 1003907.780925765866414 ] } },
{ "type": "Feature", "properties": { "population_density": 0.0 }, "geometry": { "type": "Point", "coordinates": [ 474417.336105463735294, 1003907.780925765866414 ] } },
{ "type": "Feature", "properties": { "population_density": 0.0 }, "geometry": { "type": "Point", "coordinates": [ 475417.336105463735294, 1004407.780925765866414 ] } },
{ "type": "Feature", "properties": { "population_density": 0.0 }, "geometry": { "type": "Point", "coordinates": [ 474917.336105463735294, 1004407.780925765866414 ] } },
{ "type": "Feature", "properties": { "population_density": 167.50076 }, "geometry": { "type": "Point", "coordinates": [ 474417.336105463735294, 1004407.780925765866414 ] } },
{ "type": "Feature", "properties": { "population_density": 569.08649 }, "geometry": { "type": "Point", "coordinates": [ 475417.336105463735294, 1004907.780925765866414 ] } },
{ "type": "Feature", "properties": { "population_density": 159.28119 }, "geometry": { "type": "Point", "coordinates": [ 474917.336105463735294, 1004907.780925765866414 ] } },
{ "type": "Feature", "properties": { "population_density": 371.68848 }, "geometry": { "type": "Point", "coordinates": [ 474417.336105463735294, 1004907.780925765866414 ] } },
{ "type": "Feature", "properties": { "population_density": 0.0 }, "geometry": { "type": "Point", "coordinates": [ 476417.336105463735294, 1003407.780925765866414 ] } },
{ "type": "Feature", "properties": { "population_density": 717.98962 }, "geometry": { "type": "Point", "coordinates": [ 475917.336105463735294, 1003907.780925765866414 ] } },
{ "type": "Feature", "properties": { "population_density": 0.0 }, "geometry": { "type": "Point", "coordinates": [ 475917.336105463735294, 1004407.780925765866414 ] } },
{ "type": "Feature", "properties": { "population_density": 0.0 }, "geometry": { "type": "Point", "coordinates": [ 478917.336105463735294, 1003907.780925765866414 ] } },
{ "type": "Feature", "properties": { "population_density": 0.0 }, "geometry": { "type": "Point", "coordinates": [ 475917.336105463735294, 1004907.780925765866414 ] } },
{ "type": "Feature", "properties": { "population_density": 0.0 }, "geometry": { "type": "Point", "coordinates": [ 474417.336105463735294, 1005407.780925765866414 ] } },
{ "type": "Feature", "properties": { "population_density": 52.228401 }, "geometry": { "type": "Point", "coordinates": [ 474917.336105463735294, 1005407.780925765866414 ] } },
{ "type": "Feature", "properties": { "population_density": 0.0 }, "geometry": { "type": "Point", "coordinates": [ 475417.336105463735294, 1005407.780925765866414 ] } },
{ "type": "Feature", "properties": { "population_density": 1648.585 }, "geometry": { "type": "Point", "coordinates": [ 478917.336105463735294, 1001407.780925765866414 ] } },
{ "type": "Feature", "properties": { "population_density": 2851.6013 }, "geometry": { "type": "Point", "coordinates": [ 479417.336105463735294, 1001407.780925765866414 ] } },
{ "type": "Feature", "properties": { "population_density": 77.290047 }, "geometry": { "type": "Point", "coordinates": [ 479917.336105463735294, 1001907.780925765866414 ] } },
{ "type": "Feature", "properties": { "population_density": 3989.3191 }, "geometry": { "type": "Point", "coordinates": [ 479417.336105463735294, 1001907.780925765866414 ] } },
{ "type": "Feature", "properties": { "population_density": 0.0 }, "geometry": { "type": "Point", "coordinates": [ 480417.336105463735294, 1001907.780925765866414 ] } },
{ "type": "Feature", "properties": { "population_density": 638.12048 }, "geometry": { "type": "Point", "coordinates": [ 479917.336105463735294, 1002407.780925765866414 ] } },
{ "type": "Feature", "properties": { "population_density": 2271.8403 }, "geometry": { "type": "Point", "coordinates": [ 479417.336105463735294, 1002407.780925765866414 ] } },
{ "type": "Feature", "properties": { "population_density": 121.934 }, "geometry": { "type": "Point", "coordinates": [ 480417.336105463735294, 1002407.780925765866414 ] } },
{ "type": "Feature", "properties": { "population_density": 42.124966 }, "geometry": { "type": "Point", "coordinates": [ 480417.336105463735294, 1002907.780925765866414 ] } },
{ "type": "Feature", "properties": { "population_density": 0.0 }, "geometry": { "type": "Point", "coordinates": [ 479417.336105463735294, 1002907.780925765866414 ] } },
{ "type": "Feature", "properties": { "population_density": 2746.5056 }, "geometry": { "type": "Point", "coordinates": [ 481417.336105463735294, 1001407.780925765866414 ] } },
{ "type": "Feature", "properties": { "population_density": 819.72858 }, "geometry": { "type": "Point", "coordinates": [ 480917.336105463735294, 1001407.780925765866414 ] } },
{ "type": "Feature", "properties": { "population_density": 937.05933 }, "geometry": { "type": "Point", "coordinates": [ 480917.336105463735294, 1001907.780925765866414 ] } },
{ "type": "Feature", "properties": { "population_density": 1017.1178 }, "geometry": { "type": "Point", "coordinates": [ 481417.336105463735294, 1001907.780925765866414 ] } },
{ "type": "Feature", "properties": { "population_density": 0.0 }, "geometry": { "type": "Point", "coordinates": [ 481417.336105463735294, 1002407.780925765866414 ] } },
{ "type": "Feature", "properties": { "population_density": 0.0 }, "geometry": { "type": "Point", "coordinates": [ 481917.336105463735294, 1002407.780925765866414 ] } },
{ "type": "Feature", "properties": { "population_density": 122.2634 }, "geometry": { "type": "Point", "coordinates": [ 480917.336105463735294, 1002407.780925765866414 ] } },
{ "type": "Feature", "properties": { "population_density": 0.0 }, "geometry": { "type": "Point", "coordinates": [ 480917.336105463735294, 1002907.780925765866414 ] } },
{ "type": "Feature", "properties": { "population_density": 236.009 }, "geometry": { "type": "Point", "coordinates": [ 481417.336105463735294, 1002907.780925765866414 ] } },
{ "type": "Feature", "properties": { "population_density": 0.0 }, "geometry": { "type": "Point", "coordinates": [ 482417.336105463735294, 1002407.780925765866414 ] } },
{ "type": "Feature", "properties": { "population_density": 2650.7 }, "geometry": { "type": "Point", "coordinates": [ 483417.336105463735294, 1002407.780925765866414 ] } },
{ "type": "Feature", "properties": { "population_density": 19.124338 }, "geometry": { "type": "Point", "coordinates": [ 482917.336105463735294, 1002407.780925765866414 ] } },
{ "type": "Feature", "properties": { "population_density": 0.0 }, "geometry": { "type": "Point", "coordinates": [ 481917.336105463735294, 1002907.780925765866414 ] } },
{ "type": "Feature", "properties": { "population_density": 0.0 }, "geometry": { "type": "Point", "coordinates": [ 482917.336105463735294, 1002907.780925765866414 ] } },
{ "type": "Feature", "properties": { "population_density": 0.0 }, "geometry": { "type": "Point", "coordinates": [ 483417.336105463735294, 1002907.780925765866414 ] } },
{ "type": "Feature", "properties": { "population_density": 0.0 }, "geometry": { "type": "Point", "coordinates": [ 482417.336105463735294, 1002907.780925765866414 ] } },
{ "type": "Feature", "properties": { "population_density": 0.0 }, "geometry": { "type": "Point", "coordinates": [ 483417.336105463735294, 1003407.780925765866414 ] } },
{ "type": "Feature", "properties": { "population_density": 0.0 }, "geometry": { "type": "Point", "coordinates": [ 481917.336105463735294, 1003407.780925765866414 ] } },
{ "type": "Feature", "properties": { "population_density": 0.0 }, "geometry": { "type": "Point", "coordinates": [ 482917.336105463735294, 1003407.780925765866414 ] } },
{ "type": "Feature", "properties": { "population_density": 389.45493 }, "geometry": { "type": "Point", "coordinates": [ 479917.336105463735294, 1002907.780925765866414 ] } },
{ "type": "Feature", "properties": { "population_density": 0.0 }, "geometry": { "type": "Point", "coordinates": [ 479917.336105463735294, 1003407.780925765866414 ] } },
{ "type": "Feature", "properties": { "population_density": 0.0 }, "geometry": { "type": "Point", "coordinates": [ 479417.336105463735294, 1003407.780925765866414 ] } },
{ "type": "Feature", "properties": { "population_density": 0.0 }, "geometry": { "type": "Point", "coordinates": [ 480417.336105463735294, 1003407.780925765866414 ] } },
{ "type": "Feature", "properties": { "population_density": 0.0 }, "geometry": { "type": "Point", "coordinates": [ 482417.336105463735294, 1003407.780925765866414 ] } },
{ "type": "Feature", "properties": { "population_density": 0.0 }, "geometry": { "type": "Point", "coordinates": [ 483917.336105463735294, 1003407.780925765866414 ] } },
{ "type": "Feature", "properties": { "population_density": 0.0 }, "geometry": { "type": "Point", "coordinates": [ 484417.336105463735294, 1003907.780925765866414 ] } },
{ "type": "Feature", "properties": { "population_density": 0.0 }, "geometry": { "type": "Point", "coordinates": [ 484917.336105463735294, 1003907.780925765866414 ] } },
{ "type": "Feature", "properties": { "population_density": 11406.806 }, "geometry": { "type": "Point", "coordinates": [ 485917.336105463735294, 1001907.780925765866414 ] } },
{ "type": "Feature", "properties": { "population_density": 8659.5684 }, "geometry": { "type": "Point", "coordinates": [ 485917.336105463735294, 1002407.780925765866414 ] } },
{ "type": "Feature", "properties": { "population_density": 3562.6929 }, "geometry": { "type": "Point", "coordinates": [ 486417.336105463735294, 1002407.780925765866414 ] } },
{ "type": "Feature", "properties": { "population_density": 4116.2104 }, "geometry": { "type": "Point", "coordinates": [ 485417.336105463735294, 1002407.780925765866414 ] } },
{ "type": "Feature", "properties": { "population_density": 1724.0646 }, "geometry": { "type": "Point", "coordinates": [ 485917.336105463735294, 1002907.780925765866414 ] } },
{ "type": "Feature", "properties": { "population_density": 3957.9275 }, "geometry": { "type": "Point", "coordinates": [ 485417.336105463735294, 1002907.780925765866414 ] } },
{ "type": "Feature", "properties": { "population_density": 7941.4229 }, "geometry": { "type": "Point", "coordinates": [ 486417.336105463735294, 1002907.780925765866414 ] } },
{ "type": "Feature", "properties": { "population_density": 1566.249 }, "geometry": { "type": "Point", "coordinates": [ 485917.336105463735294, 1003407.780925765866414 ] } },
{ "type": "Feature", "properties": { "population_density": 764.0722 }, "geometry": { "type": "Point", "coordinates": [ 484917.336105463735294, 1003407.780925765866414 ] } },
{ "type": "Feature", "properties": { "population_density": 0.0 }, "geometry": { "type": "Point", "coordinates": [ 486417.336105463735294, 1003407.780925765866414 ] } },
{ "type": "Feature", "properties": { "population_density": 5193.6763 }, "geometry": { "type": "Point", "coordinates": [ 484917.336105463735294, 1001907.780925765866414 ] } },
{ "type": "Feature", "properties": { "population_density": 2805.6394 }, "geometry": { "type": "Point", "coordinates": [ 484417.336105463735294, 1001907.780925765866414 ] } },
{ "type": "Feature", "properties": { "population_density": 62.166302 }, "geometry": { "type": "Point", "coordinates": [ 483917.336105463735294, 1001907.780925765866414 ] } },
{ "type": "Feature", "properties": { "population_density": 2604.9614 }, "geometry": { "type": "Point", "coordinates": [ 484417.336105463735294, 1002407.780925765866414 ] } },
{ "type": "Feature", "properties": { "population_density": 1999.9752 }, "geometry": { "type": "Point", "coordinates": [ 483917.336105463735294, 1002407.780925765866414 ] } },
{ "type": "Feature", "properties": { "population_density": 3868.011 }, "geometry": { "type": "Point", "coordinates": [ 484917.336105463735294, 1002407.780925765866414 ] } },
{ "type": "Feature", "properties": { "population_density": 0.0 }, "geometry": { "type": "Point", "coordinates": [ 483917.336105463735294, 1002907.780925765866414 ] } },
{ "type": "Feature", "properties": { "population_density": 1845.6155 }, "geometry": { "type": "Point", "coordinates": [ 484917.336105463735294, 1002907.780925765866414 ] } },
{ "type": "Feature", "properties": { "population_density": 1635.6139 }, "geometry": { "type": "Point", "coordinates": [ 484417.336105463735294, 1002907.780925765866414 ] } },
{ "type": "Feature", "properties": { "population_density": 0.0 }, "geometry": { "type": "Point", "coordinates": [ 484417.336105463735294, 1003407.780925765866414 ] } },
{ "type": "Feature", "properties": { "population_density": 0.0 }, "geometry": { "type": "Point", "coordinates": [ 486917.336105463735294, 1001907.780925765866414 ] } },
{ "type": "Feature", "properties": { "population_density": 0.0 }, "geometry": { "type": "Point", "coordinates": [ 486917.336105463735294, 1002407.780925765866414 ] } },
{ "type": "Feature", "properties": { "population_density": 0.0 }, "geometry": { "type": "Point", "coordinates": [ 486917.336105463735294, 1002907.780925765866414 ] } },
{ "type": "Feature", "properties": { "population_density": 2670.0903 }, "geometry": { "type": "Point", "coordinates": [ 485417.336105463735294, 1003407.780925765866414 ] } },
{ "type": "Feature", "properties": { "population_density": 0.0 }, "geometry": { "type": "Point", "coordinates": [ 485917.336105463735294, 1003907.780925765866414 ] } },
{ "type": "Feature", "properties": { "population_density": 0.0 }, "geometry": { "type": "Point", "coordinates": [ 486417.336105463735294, 1003907.780925765866414 ] } },
{ "type": "Feature", "properties": { "population_density": 183.56851 }, "geometry": { "type": "Point", "coordinates": [ 485417.336105463735294, 1003907.780925765866414 ] } }
]
}
