{
"type": "FeatureCollection",
"name": "network_accessibility_results",
"crs": { "type": "name", "properties": { "name": "urn:ogc:def:crs:EPSG::32637" } },
"features": [
{ "type": "Feature", "properties": { "population_density": 0.0, "network_distance_m": 1691.3934597873986, "straight_line_distance_m": 1409.0986440743934, "network_penalty_ratio": 1.2003371565930634 }, "geometry": { "type": "Point", "coordinates": [ 480417.336105463735294, 977407.780925765866414 ] } },
{ "type": "Feature", "properties": { "population_density": 2522.5427, "network_distance_m": 1727.5361763879887, "straight_line_distance_m": 970.95462461397835, "network_penalty_ratio": 1.7792141183475014 }, "geometry": { "type": "Point", "coordinates": [ 479917.336105463735294, 977407.780925765866414 ] } },
{ "type": "Feature", "properties": { "population_density": 86.904358, "network_distance_m": 846.22943028793634, "straight_line_distance_m": 632.41345446333571, "network_penalty_ratio": 1.3380952355070375 }, "geometry": { "type": "Point", "coordinates": [ 479417.336105463735294, 977407.780925765866414 ] } },
{ "type": "Feature", "properties": { "population_density": 3960.8325, "network_distance_m": 1015.4779577382083, "straight_line_distance_m": 795.11463955076249, "network_penalty_ratio": 1.2771465990262114 }, "geometry": { "type": "Point", "coordinates": [ 479917.336105463735294, 977907.780925765866414 ] } },
{ "type": "Feature", "properties": { "population_density": 0.0, "network_distance_m": 1961.9554470907972, "straight_line_distance_m": 1294.22308575491, "network_penalty_ratio": 1.5159329706643303 }, "geometry": { "type": "Point", "coordinates": [ 480417.336105463735294, 977907.780925765866414 ] } },
{ "type": "Feature", "properties": { "population_density": 242.53783, "network_distance_m": 658.52194681850119, "straight_line_distance_m": 299.00030828565502, "network_penalty_ratio": 2.2024122670447919 }, "geometry": { "type": "Point", "coordinates": [ 479417.336105463735294, 977907.780925765866414 ] } },
{ "type": "Feature", "properties": { "population_density": 7910.0293, "network_distance_m": 556.3876049479901, "straight_line_distance_m": 528.06779046215638, "network_penalty_ratio": 1.053629126785121 }, "geometry": { "type": "Point", "coordinates": [ 479417.336105463735294, 978407.780925765866414 ] } },
{ "type": "Feature", "properties": { "population_density": 979.94391, "network_distance_m": 1887.5376071802741, "straight_line_distance_m": 906.45556813150301, "network_penalty_ratio": 2.082327775945044 }, "geometry": { "type": "Point", "coordinates": [ 479917.336105463735294, 978407.780925765866414 ] } },
{ "type": "Feature", "properties": { "population_density": 333.60059, "network_distance_m": 1910.0751086678049, "straight_line_distance_m": 1598.0995618666238, "network_penalty_ratio": 1.1952165899080687 }, "geometry": { "type": "Point", "coordinates": [ 480417.336105463735294, 978907.780925765866414 ] } },
{ "type": "Feature", "properties": { "population_density": 135.59973, "network_distance_m": 921.21985734589828, "straight_line_distance_m": 984.02743777409535, "network_penalty_ratio": 0.93617293784991396 }, "geometry": { "type": "Point", "coordinates": [ 479417.336105463735294, 978907.780925765866414 ] } },
{ "type": "Feature", "properties": { "population_density": 1162.7902, "network_distance_m": 1362.1441765332415, "straight_line_distance_m": 1229.2746251205517, "network_penalty_ratio": 1.1080877687519659 }, "geometry": { "type": "Point", "coordinates": [ 479917.336105463735294, 978907.780925765866414 ] } },
{ "type": "Feature", "properties": { "population_density": 2296.9312, "network_distance_m": 1514.042171930281, "straight_line_distance_m": 1275.2368443197727, "network_penalty_ratio": 1.1872635100485118 }, "geometry": { "type": "Point", "coordinates": [ 479417.336105463735294, 979407.780925765866414 ] } },
{ "type": "Feature", "properties": { "population_density": 281.64697, "network_distance_m": 2118.1354586304524, "straight_line_distance_m": 1934.7807670656027, "network_penalty_ratio": 1.0947676835980418 }, "geometry": { "type": "Point", "coordinates": [ 480417.336105463735294, 979407.780925765866414 ] } },
{ "type": "Feature", "properties": { "population_density": 1190.5747, "network_distance_m": 1955.957126965395, "straight_line_distance_m": 1643.3412642947721, "network_penalty_ratio": 1.1902318583868698 }, "geometry": { "type": "Point", "coordinates": [ 479917.336105463735294, 979407.780925765866414 ] } },
{ "type": "Feature", "properties": { "population_density": 88.022896, "network_distance_m": 1736.400664023794, "straight_line_distance_m": 1365.4551631853856, "network_penalty_ratio": 1.2716643584056269 }, "geometry": { "type": "Point", "coordinates": [ 480417.336105463735294, 978407.780925765866414 ] } },
{ "type": "Feature", "properties": { "population_density": 0.0, "network_distance_m": 2675.1849749012154, "straight_line_distance_m": 2024.0376269504768, "network_penalty_ratio": 1.321707135915152 }, "geometry": { "type": "Point", "coordinates": [ 480917.336105463735294, 978907.780925765866414 ] } },
{ "type": "Feature", "properties": { "population_density": 0.0, "network_distance_m": 2684.7758943534191, "straight_line_distance_m": 2299.1700072591379, "network_penalty_ratio": 1.1677152563215478 }, "geometry": { "type": "Point", "coordinates": [ 480917.336105463735294, 979407.780925765866414 ] } },
{ "type": "Feature", "properties": { "population_density": 5410.6802, "network_distance_m": 2682.2385342046059, "straight_line_distance_m": 2415.4835745981568, "network_penalty_ratio": 1.1104354268485668 }, "geometry": { "type": "Point", "coordinates": [ 480917.336105463735294, 979907.780925765866414 ] } },
{ "type": "Feature", "properties": { "population_density": 3091.9041, "network_distance_m": 2383.984828935289, "straight_line_distance_m": 1989.066644294641, "network_penalty_ratio": 1.1985444709826165 }, "geometry": { "type": "Point", "coordinates": [ 480917.336105463735294, 980407.780925765866414 ] } },
{ "type": "Feature", "properties": { "population_density": 12556.107, "network_distance_m": 1826.7850795980189, "straight_line_distance_m": 1750.3801447353349, "network_penalty_ratio": 1.0436504807784122 }, "geometry": { "type": "Point", "coordinates": [ 480417.336105463735294, 980407.780925765866414 ] } },
{ "type": "Feature", "properties": { "population_density": 18.305689, "network_distance_m": 3168.4233124390012, "straight_line_distance_m": 1606.883335341591, "network_penalty_ratio": 1.9717817981885153 }, "geometry": { "type": "Point", "coordinates": [ 477917.336105463735294, 976907.780925765866414 ] } },
{ "type": "Feature", "properties": { "population_density": 450.8912, "network_distance_m": 2484.718030759856, "straight_line_distance_m": 2009.7930111644566, "network_penalty_ratio": 1.2363054388970294 }, "geometry": { "type": "Point", "coordinates": [ 477417.336105463735294, 976907.780925765866414 ] } },
{ "type": "Feature", "properties": { "population_density": 167.15358, "network_distance_m": 1816.1130838636016, "straight_line_distance_m": 1274.7078720520785, "network_penalty_ratio": 1.4247288525330484 }, "geometry": { "type": "Point", "coordinates": [ 478417.336105463735294, 976907.780925765866414 ] } },
{ "type": "Feature", "properties": { "population_density": 206.12811, "network_distance_m": 2420.147973440548, "straight_line_distance_m": 1720.8466308164545, "network_penalty_ratio": 1.4063705214056819 }, "geometry": { "type": "Point", "coordinates": [ 477417.336105463735294, 977407.780925765866414 ] } },
{ "type": "Feature", "properties": { "population_density": 1137.8693, "network_distance_m": 2046.9789452722505, "straight_line_distance_m": 1330.9877761899932, "network_penalty_ratio": 1.5379397030465685 }, "geometry": { "type": "Point", "coordinates": [ 477917.336105463735294, 977407.780925765866414 ] } },
{ "type": "Feature", "properties": { "population_density": 279.80481, "network_distance_m": 1219.7048372508166, "straight_line_distance_m": 597.61247620278766, "network_penalty_ratio": 2.0409628075383996 }, "geometry": { "type": "Point", "coordinates": [ 478917.336105463735294, 977407.780925765866414 ] } },
{ "type": "Feature", "properties": { "population_density": 692.63989, "network_distance_m": 1386.608129136335, "straight_line_distance_m": 902.40487922007901, "network_penalty_ratio": 1.5365698491510131 }, "geometry": { "type": "Point", "coordinates": [ 478417.336105463735294, 977407.780925765866414 ] } },
{ "type": "Feature", "properties": { "population_density": 0.0, "network_distance_m": 3299.205522825042, "straight_line_distance_m": 2028.1459511581065, "network_penalty_ratio": 1.6267101097636185 }, "geometry": { "type": "Point", "coordinates": [ 476417.336105463735294, 976907.780925765866414 ] } },
{ "type": "Feature", "properties": { "population_density": 305.65549, "network_distance_m": 3141.1654155740248, "straight_line_distance_m": 2042.5199020660411, "network_penalty_ratio": 1.5378872991135539 }, "geometry": { "type": "Point", "coordinates": [ 476917.336105463735294, 976907.780925765866414 ] } },
{ "type": "Feature", "properties": { "population_density": 99.495247, "network_distance_m": 2913.8582156505781, "straight_line_distance_m": 1531.1074503504462, "network_penalty_ratio": 1.9031049812889631 }, "geometry": { "type": "Point", "coordinates": [ 476417.336105463735294, 977407.780925765866414 ] } },
{ "type": "Feature", "properties": { "population_density": 0.0, "network_distance_m": 2921.3325344164336, "straight_line_distance_m": 1669.0651495318555, "network_penalty_ratio": 1.7502807096750046 }, "geometry": { "type": "Point", "coordinates": [ 475917.336105463735294, 977407.780925765866414 ] } },
{ "type": "Feature", "properties": { "population_density": 1520.425, "network_distance_m": 3097.9325898592065, "straight_line_distance_m": 1550.0972794168415, "network_penalty_ratio": 1.9985407567611966 }, "geometry": { "type": "Point", "coordinates": [ 476917.336105463735294, 977407.780925765866414 ] } },
{ "type": "Feature", "properties": { "population_density": 0.0, "network_distance_m": 2203.781002165832, "straight_line_distance_m": 1231.5407011956277, "network_penalty_ratio": 1.7894504014575527 }, "geometry": { "type": "Point", "coordinates": [ 475917.336105463735294, 977907.780925765866414 ] } },
{ "type": "Feature", "properties": { "population_density": 4755.3545, "network_distance_m": 2381.86505282087, "straight_line_distance_m": 1036.9204645672048, "network_penalty_ratio": 2.2970566540173598 }, "geometry": { "type": "Point", "coordinates": [ 476417.336105463735294, 977907.780925765866414 ] } },
{ "type": "Feature", "properties": { "population_density": 0.0, "network_distance_m": 2623.2913479359217, "straight_line_distance_m": 1064.760818670145, "network_penalty_ratio": 2.4637376788641938 }, "geometry": { "type": "Point", "coordinates": [ 476917.336105463735294, 977907.780925765866414 ] } },
{ "type": "Feature", "properties": { "population_density": 1164.8727, "network_distance_m": 2070.2090976898817, "straight_line_distance_m": 1208.7112423303799, "network_penalty_ratio": 1.7127408310512151 }, "geometry": { "type": "Point", "coordinates": [ 477917.336105463735294, 977907.780925765866414 ] } },
{ "type": "Feature", "properties": { "population_density": 1744.4006, "network_distance_m": 720.46619368801555, "straight_line_distance_m": 215.85893236531737, "network_penalty_ratio": 3.3376714402937293 }, "geometry": { "type": "Point", "coordinates": [ 478917.336105463735294, 977907.780925765866414 ] } },
{ "type": "Feature", "properties": { "population_density": 2126.1628, "network_distance_m": 1171.2587950231159, "straight_line_distance_m": 709.7809331116697, "network_penalty_ratio": 1.6501694260626778 }, "geometry": { "type": "Point", "coordinates": [ 478417.336105463735294, 977907.780925765866414 ] } },
{ "type": "Feature", "properties": { "population_density": 861.49554, "network_distance_m": 2549.7133376643455, "straight_line_distance_m": 1300.8563149371903, "network_penalty_ratio": 1.960026874903132 }, "geometry": { "type": "Point", "coordinates": [ 477417.336105463735294, 977907.780925765866414 ] } },
{ "type": "Feature", "properties": { "population_density": 4312.353, "network_distance_m": 446.49791614834982, "straight_line_distance_m": 485.84924168980837, "network_penalty_ratio": 0.91900506954669181 }, "geometry": { "type": "Point", "coordinates": [ 478917.336105463735294, 978407.780925765866414 ] } },
{ "type": "Feature", "properties": { "population_density": 1163.2324, "network_distance_m": 2069.9002979304632, "straight_line_distance_m": 832.61238279138013, "network_penalty_ratio": 2.4860311241000348 }, "geometry": { "type": "Point", "coordinates": [ 478417.336105463735294, 978407.780925765866414 ] } },
{ "type": "Feature", "properties": { "population_density": 620.27588, "network_distance_m": 2289.2336736680954, "straight_line_distance_m": 1284.6934553832357, "network_penalty_ratio": 1.781929894696316 }, "geometry": { "type": "Point", "coordinates": [ 477917.336105463735294, 978407.780925765866414 ] } },
{ "type": "Feature", "properties": { "population_density": 1979.3436, "network_distance_m": 1557.8229936712623, "straight_line_distance_m": 1175.8817061874067, "network_penalty_ratio": 1.3248126792636601 }, "geometry": { "type": "Point", "coordinates": [ 478417.336105463735294, 978907.780925765866414 ] } },
{ "type": "Feature", "properties": { "population_density": 5594.2998, "network_distance_m": 1445.0883173367292, "straight_line_distance_m": 1085.8683145993925, "network_penalty_ratio": 1.3308135967388117 }, "geometry": { "type": "Point", "coordinates": [ 477917.336105463735294, 978907.780925765866414 ] } },
{ "type": "Feature", "properties": { "population_density": 8690.1182, "network_distance_m": 1097.7170540326651, "straight_line_distance_m": 962.03112871633687, "network_penalty_ratio": 1.141041096557216 }, "geometry": { "type": "Point", "coordinates": [ 478917.336105463735294, 978907.780925765866414 ] } },
{ "type": "Feature", "properties": { "population_density": 802.91504, "network_distance_m": 1579.5616399232158, "straight_line_distance_m": 553.27938255269521, "network_penalty_ratio": 2.854907827281592 }, "geometry": { "type": "Point", "coordinates": [ 476417.336105463735294, 978407.780925765866414 ] } },
{ "type": "Feature", "properties": { "population_density": 530.56146, "network_distance_m": 1827.2552247663446, "straight_line_distance_m": 960.80236127498688, "network_penalty_ratio": 1.9018013468884203 }, "geometry": { "type": "Point", "coordinates": [ 477417.336105463735294, 978407.780925765866414 ] } },
{ "type": "Feature", "properties": { "population_density": 2804.8914, "network_distance_m": 1384.3094898238223, "straight_line_distance_m": 603.8456974217346, "network_penalty_ratio": 2.2924887860168033 }, "geometry": { "type": "Point", "coordinates": [ 476917.336105463735294, 978407.780925765866414 ] } },
{ "type": "Feature", "properties": { "population_density": 2689.6743, "network_distance_m": 1270.9520042488598, "straight_line_distance_m": 691.75179749724248, "network_penalty_ratio": 1.8372948344292899 }, "geometry": { "type": "Point", "coordinates": [ 475917.336105463735294, 978907.780925765866414 ] } },
{ "type": "Feature", "properties": { "population_density": 4327.2485, "network_distance_m": 787.46715307549402, "straight_line_distance_m": 309.10136139196288, "network_penalty_ratio": 2.547601697803358 }, "geometry": { "type": "Point", "coordinates": [ 476917.336105463735294, 978907.780925765866414 ] } },
{ "type": "Feature", "properties": { "population_density": 3237.5618, "network_distance_m": 1441.9751076254315, "straight_line_distance_m": 808.73679448335622, "network_penalty_ratio": 1.7829967888954599 }, "geometry": { "type": "Point", "coordinates": [ 477417.336105463735294, 978907.780925765866414 ] } },
{ "type": "Feature", "properties": { "population_density": 9260.3154, "network_distance_m": 546.86843049606966, "straight_line_distance_m": 192.43726374461727, "network_penalty_ratio": 2.8418011140597832 }, "geometry": { "type": "Point", "coordinates": [ 476417.336105463735294, 978907.780925765866414 ] } },
{ "type": "Feature", "properties": { "population_density": 2427.3154, "network_distance_m": 1424.8848740541425, "straight_line_distance_m": 517.63512805560163, "network_penalty_ratio": 2.7526819507139186 }, "geometry": { "type": "Point", "coordinates": [ 476417.336105463735294, 979407.780925765866414 ] } },
{ "type": "Feature", "properties": { "population_density": 16304.415, "network_distance_m": 639.97268928135213, "straight_line_distance_m": 571.36474946743829, "network_penalty_ratio": 1.1200773059203641 }, "geometry": { "type": "Point", "coordinates": [ 476917.336105463735294, 979407.780925765866414 ] } },
{ "type": "Feature", "properties": { "population_density": 2357.0671, "network_distance_m": 1478.8696886053333, "straight_line_distance_m": 842.27939228042953, "network_penalty_ratio": 1.75579469491871 }, "geometry": { "type": "Point", "coordinates": [ 475917.336105463735294, 979407.780925765866414 ] } },
{ "type": "Feature", "properties": { "population_density": 18513.529, "network_distance_m": 1218.0892687166809, "straight_line_distance_m": 922.51321060944895, "network_penalty_ratio": 1.3204030627506815 }, "geometry": { "type": "Point", "coordinates": [ 478417.336105463735294, 979407.780925765866414 ] } },
{ "type": "Feature", "properties": { "population_density": 9230.1377, "network_distance_m": 1379.8162511328976, "straight_line_distance_m": 994.29865555063623, "network_penalty_ratio": 1.3877281674174287 }, "geometry": { "type": "Point", "coordinates": [ 478917.336105463735294, 979407.780925765866414 ] } },
{ "type": "Feature", "properties": { "population_density": 19022.568, "network_distance_m": 608.54185147969508, "straight_line_distance_m": 477.85366533620339, "network_penalty_ratio": 1.273489973235935 }, "geometry": { "type": "Point", "coordinates": [ 477417.336105463735294, 979407.780925765866414 ] } },
{ "type": "Feature", "properties": { "population_density": 17987.949, "network_distance_m": 1150.5552630213135, "straight_line_distance_m": 672.29751433724141, "network_penalty_ratio": 1.7113781301951474 }, "geometry": { "type": "Point", "coordinates": [ 477917.336105463735294, 979407.780925765866414 ] } },
{ "type": "Feature", "properties": { "population_density": 14142.325, "network_distance_m": 233.18761149494946, "straight_line_distance_m": 34.900954261338178, "network_penalty_ratio": 6.681410764555082 }, "geometry": { "type": "Point", "coordinates": [ 477417.336105463735294, 979907.780925765866414 ] } },
{ "type": "Feature", "properties": { "population_density": 19143.717, "network_distance_m": 569.70444438954269, "straight_line_distance_m": 430.57006871144006, "network_penalty_ratio": 1.3231399156343771 }, "geometry": { "type": "Point", "coordinates": [ 478417.336105463735294, 979907.780925765866414 ] } },
{ "type": "Feature", "properties": { "population_density": 8372.6328, "network_distance_m": 755.76247770916075, "straight_line_distance_m": 474.19183767452284, "network_penalty_ratio": 1.5937905667366277 }, "geometry": { "type": "Point", "coordinates": [ 477917.336105463735294, 979907.780925765866414 ] } },
{ "type": "Feature", "properties": { "population_density": 20130.406, "network_distance_m": 722.77986770528958, "straight_line_distance_m": 523.53799073368089, "network_penalty_ratio": 1.3805681354516282 }, "geometry": { "type": "Point", "coordinates": [ 477417.336105463735294, 980407.780925765866414 ] } },
{ "type": "Feature", "properties": { "population_density": 14284.271, "network_distance_m": 147.87194773706071, "straight_line_distance_m": 140.53663006986744, "network_penalty_ratio": 1.0521950587796685 }, "geometry": { "type": "Point", "coordinates": [ 478417.336105463735294, 980407.780925765866414 ] } },
{ "type": "Feature", "properties": { "population_density": 20669.457, "network_distance_m": 838.41537738471789, "straight_line_distance_m": 618.18391414735595, "network_penalty_ratio": 1.356255570870234 }, "geometry": { "type": "Point", "coordinates": [ 477917.336105463735294, 980407.780925765866414 ] } },
{ "type": "Feature", "properties": { "population_density": 8803.4697, "network_distance_m": 1052.0290357822905, "straight_line_distance_m": 568.32189536478654, "network_penalty_ratio": 1.8511147368464993 }, "geometry": { "type": "Point", "coordinates": [ 478917.336105463735294, 979907.780925765866414 ] } },
{ "type": "Feature", "properties": { "population_density": 11808.851, "network_distance_m": 1121.2431157308547, "straight_line_distance_m": 980.09640823332916, "network_penalty_ratio": 1.1440130851534791 }, "geometry": { "type": "Point", "coordinates": [ 479417.336105463735294, 979907.780925765866414 ] } },
{ "type": "Feature", "properties": { "population_density": 2209.0195, "network_distance_m": 1807.591562830306, "straight_line_distance_m": 1448.5123962578718, "network_penalty_ratio": 1.2478951284780782 }, "geometry": { "type": "Point", "coordinates": [ 479917.336105463735294, 979907.780925765866414 ] } },
{ "type": "Feature", "properties": { "population_density": 2664.3748, "network_distance_m": 2571.7435127663534, "straight_line_distance_m": 1932.8185002202279, "network_penalty_ratio": 1.3305664823020504 }, "geometry": { "type": "Point", "coordinates": [ 480417.336105463735294, 979907.780925765866414 ] } },
{ "type": "Feature", "properties": { "population_density": 3664.7478, "network_distance_m": 454.91614489121326, "straight_line_distance_m": 396.67333799014523, "network_penalty_ratio": 1.1468281362094344 }, "geometry": { "type": "Point", "coordinates": [ 478917.336105463735294, 980407.780925765866414 ] } },
{ "type": "Feature", "properties": { "population_density": 8772.1719, "network_distance_m": 1056.0346665973104, "straight_line_distance_m": 891.59908577403394, "network_penalty_ratio": 1.1844277135844337 }, "geometry": { "type": "Point", "coordinates": [ 479417.336105463735294, 980407.780925765866414 ] } },
{ "type": "Feature", "properties": { "population_density": 10682.478, "network_distance_m": 1535.3996244911755, "straight_line_distance_m": 1390.1611857744922, "network_penalty_ratio": 1.1044759702708629 }, "geometry": { "type": "Point", "coordinates": [ 479917.336105463735294, 980407.780925765866414 ] } },
{ "type": "Feature", "properties": { "population_density": 7730.1743, "network_distance_m": 1330.5082465214816, "straight_line_distance_m": 1298.3281046699042, "network_penalty_ratio": 1.0247858316675347 }, "geometry": { "type": "Point", "coordinates": [ 480417.336105463735294, 980907.780925765866414 ] } },
{ "type": "Feature", "properties": { "population_density": 10515.155, "network_distance_m": 1211.6413289800648, "straight_line_distance_m": 1062.6894607900813, "network_penalty_ratio": 1.1401649999231589 }, "geometry": { "type": "Point", "coordinates": [ 479417.336105463735294, 980907.780925765866414 ] } },
{ "type": "Feature", "properties": { "population_density": 4634.6152, "network_distance_m": 1449.6900592629713, "straight_line_distance_m": 1137.1457263754253, "network_penalty_ratio": 1.274849850496963 }, "geometry": { "type": "Point", "coordinates": [ 479917.336105463735294, 980907.780925765866414 ] } },
{ "type": "Feature", "properties": { "population_density": 1599.5815, "network_distance_m": 1224.6592920678247, "straight_line_distance_m": 1142.4678928420237, "network_penalty_ratio": 1.0719419773113625 }, "geometry": { "type": "Point", "coordinates": [ 475917.336105463735294, 979907.780925765866414 ] } },
{ "type": "Feature", "properties": { "population_density": 18042.754, "network_distance_m": 1140.8263221843808, "straight_line_distance_m": 805.52426551334281, "network_penalty_ratio": 1.4162532043120482 }, "geometry": { "type": "Point", "coordinates": [ 476417.336105463735294, 979907.780925765866414 ] } },
{ "type": "Feature", "properties": { "population_density": 19195.873, "network_distance_m": 839.22511263549598, "straight_line_distance_m": 526.85695810111781, "network_penalty_ratio": 1.5928898721584814 }, "geometry": { "type": "Point", "coordinates": [ 476917.336105463735294, 979907.780925765866414 ] } },
{ "type": "Feature", "properties": { "population_density": 20464.285, "network_distance_m": 331.74517257987435, "straight_line_distance_m": 216.77875580137817, "network_penalty_ratio": 1.5303398681918503 }, "geometry": { "type": "Point", "coordinates": [ 476917.336105463735294, 980407.780925765866414 ] } },
{ "type": "Feature", "properties": { "population_density": 6823.0679, "network_distance_m": 1054.0364794244949, "straight_line_distance_m": 927.21093428354277, "network_penalty_ratio": 1.1367817617885949 }, "geometry": { "type": "Point", "coordinates": [ 475917.336105463735294, 980407.780925765866414 ] } },
{ "type": "Feature", "properties": { "population_density": 10603.37, "network_distance_m": 573.90619712522982, "straight_line_distance_m": 450.95074322022896, "network_penalty_ratio": 1.272658279764612 }, "geometry": { "type": "Point", "coordinates": [ 476417.336105463735294, 980407.780925765866414 ] } },
{ "type": "Feature", "properties": { "population_density": 2721.2019, "network_distance_m": 676.32480558599332, "straight_line_distance_m": 507.7832247041481, "network_penalty_ratio": 1.3319164018859491 }, "geometry": { "type": "Point", "coordinates": [ 476417.336105463735294, 980907.780925765866414 ] } },
{ "type": "Feature", "properties": { "population_density": 10872.711, "network_distance_m": 574.96445036796786, "straight_line_distance_m": 318.55966387297065, "network_penalty_ratio": 1.8048877983411031 }, "geometry": { "type": "Point", "coordinates": [ 476917.336105463735294, 980907.780925765866414 ] } },
{ "type": "Feature", "properties": { "population_density": 1271.2797, "network_distance_m": 1320.4476903447037, "straight_line_distance_m": 820.44058503132658, "network_penalty_ratio": 1.6094373126291472 }, "geometry": { "type": "Point", "coordinates": [ 475917.336105463735294, 980907.780925765866414 ] } },
{ "type": "Feature", "properties": { "population_density": 8833.4434, "network_distance_m": 1169.2417828871064, "straight_line_distance_m": 550.1213200692705, "network_penalty_ratio": 2.125425320254589 }, "geometry": { "type": "Point", "coordinates": [ 477417.336105463735294, 981407.780925765866414 ] } },
{ "type": "Feature", "properties": { "population_density": 18217.037, "network_distance_m": 1087.5105408851723, "straight_line_distance_m": 667.17067951370336, "network_penalty_ratio": 1.6300334746093039 }, "geometry": { "type": "Point", "coordinates": [ 477417.336105463735294, 980907.780925765866414 ] } },
{ "type": "Feature", "properties": { "population_density": 9569.9863, "network_distance_m": 564.23694994642119, "straight_line_distance_m": 595.07184836170438, "network_penalty_ratio": 0.94818289841777104 }, "geometry": { "type": "Point", "coordinates": [ 478417.336105463735294, 980907.780925765866414 ] } },
{ "type": "Feature", "properties": { "population_density": 18719.518, "network_distance_m": 1037.4591354492259, "straight_line_distance_m": 846.46991206525831, "network_penalty_ratio": 1.225630256506085 }, "geometry": { "type": "Point", "coordinates": [ 477917.336105463735294, 980907.780925765866414 ] } },
{ "type": "Feature", "properties": { "population_density": 4817.1978, "network_distance_m": 1162.2891033357303, "straight_line_distance_m": 954.07338360674817, "network_penalty_ratio": 1.2182386840536836 }, "geometry": { "type": "Point", "coordinates": [ 478417.336105463735294, 981407.780925765866414 ] } },
{ "type": "Feature", "properties": { "population_density": 754.0462, "network_distance_m": 1301.63429897591, "straight_line_distance_m": 1049.4084798442143, "network_penalty_ratio": 1.2403504678837156 }, "geometry": { "type": "Point", "coordinates": [ 477917.336105463735294, 981407.780925765866414 ] } },
{ "type": "Feature", "properties": { "population_density": 70.407417, "network_distance_m": 2508.6326627270628, "straight_line_distance_m": 1179.7497829998088, "network_penalty_ratio": 2.1264107854703198 }, "geometry": { "type": "Point", "coordinates": [ 477917.336105463735294, 981907.780925765866414 ] } },
{ "type": "Feature", "properties": { "population_density": 1458.7368, "network_distance_m": 2664.5168007014208, "straight_line_distance_m": 706.27118426758796, "network_penalty_ratio": 3.7726539890829018 }, "geometry": { "type": "Point", "coordinates": [ 478417.336105463735294, 981907.780925765866414 ] } },
{ "type": "Feature", "properties": { "population_density": 1459.021, "network_distance_m": 1481.2023067192531, "straight_line_distance_m": 770.18495162779425, "network_penalty_ratio": 1.9231774180847288 }, "geometry": { "type": "Point", "coordinates": [ 477417.336105463735294, 981907.780925765866414 ] } },
{ "type": "Feature", "properties": { "population_density": 417.04385, "network_distance_m": 2697.6443082757123, "straight_line_distance_m": 674.87034765192823, "network_penalty_ratio": 3.9972778736858237 }, "geometry": { "type": "Point", "coordinates": [ 478417.336105463735294, 982407.780925765866414 ] } },
{ "type": "Feature", "properties": { "population_density": 1662.0887, "network_distance_m": 1514.3134502748603, "straight_line_distance_m": 1176.3231922533275, "network_penalty_ratio": 1.2873277176267257 }, "geometry": { "type": "Point", "coordinates": [ 477417.336105463735294, 982407.780925765866414 ] } },
{ "type": "Feature", "properties": { "population_density": 0.0, "network_distance_m": 5837.2580095771691, "straight_line_distance_m": 5677.414528399906, "network_penalty_ratio": 1.028154273459809 }, "geometry": { "type": "Point", "coordinates": [ 485417.336105463735294, 981407.780925765866414 ] } },
{ "type": "Feature", "properties": { "population_density": 0.0, "network_distance_m": 5837.2580095771691, "straight_line_distance_m": 5644.0110686973658, "network_penalty_ratio": 1.0342392916186121 }, "geometry": { "type": "Point", "coordinates": [ 485417.336105463735294, 981907.780925765866414 ] } },
{ "type": "Feature", "properties": { "population_density": 0.0, "network_distance_m": 5837.2580095771691, "straight_line_distance_m": 6143.8926103847416, "network_penalty_ratio": 0.95009115226244645 }, "geometry": { "type": "Point", "coordinates": [ 485917.336105463735294, 981907.780925765866414 ] } },
{ "type": "Feature", "properties": { "population_density": 0.0, "network_distance_m": 5837.2580095771691, "straight_line_distance_m": 5654.7932022197265, "network_penalty_ratio": 1.0322672820795318 }, "geometry": { "type": "Point", "coordinates": [ 485417.336105463735294, 982407.780925765866414 ] } },
{ "type": "Feature", "properties": { "population_density": 0.0, "network_distance_m": 8207.980479393922, "straight_line_distance_m": 6153.7989587109751, "network_penalty_ratio": 1.3338070571472216 }, "geometry": { "type": "Point", "coordinates": [ 485917.336105463735294, 982407.780925765866414 ] } },
{ "type": "Feature", "properties": { "population_density": 327.45166, "network_distance_m": 5341.1229759716143, "straight_line_distance_m": 4144.5379176082852, "network_penalty_ratio": 1.2887137437637077 }, "geometry": { "type": "Point", "coordinates": [ 483917.336105463735294, 981907.780925765866414 ] } },
{ "type": "Feature", "properties": { "population_density": 0.0, "network_distance_m": 5241.7258893265507, "straight_line_distance_m": 4159.2090313886456, "network_penalty_ratio": 1.2602698853960899 }, "geometry": { "type": "Point", "coordinates": [ 483917.336105463735294, 982407.780925765866414 ] } },
{ "type": "Feature", "properties": { "population_density": 0.0, "network_distance_m": 5837.2580095771691, "straight_line_distance_m": 4657.4215217378305, "network_penalty_ratio": 1.2533239652740524 }, "geometry": { "type": "Point", "coordinates": [ 484417.336105463735294, 982407.780925765866414 ] } },
{ "type": "Feature", "properties": { "population_density": 0.0, "network_distance_m": 2120.853006002666, "straight_line_distance_m": 1605.6809557747138, "network_penalty_ratio": 1.3208433458559583 }, "geometry": { "type": "Point", "coordinates": [ 480917.336105463735294, 980907.780925765866414 ] } },
{ "type": "Feature", "properties": { "population_density": 773.31653, "network_distance_m": 1336.8878980821974, "straight_line_distance_m": 898.59951239014151, "network_penalty_ratio": 1.4877460755863017 }, "geometry": { "type": "Point", "coordinates": [ 480417.336105463735294, 981407.780925765866414 ] } },
{ "type": "Feature", "properties": { "population_density": 1821.9037, "network_distance_m": 1676.0921861945021, "straight_line_distance_m": 655.21469760671164, "network_penalty_ratio": 2.5580808738215541 }, "geometry": { "type": "Point", "coordinates": [ 480417.336105463735294, 981907.780925765866414 ] } },
{ "type": "Feature", "properties": { "population_density": 4468.9526, "network_distance_m": 1769.7065006922899, "straight_line_distance_m": 1149.7224727392725, "network_penalty_ratio": 1.5392466813977062 }, "geometry": { "type": "Point", "coordinates": [ 480917.336105463735294, 981907.780925765866414 ] } },
{ "type": "Feature", "properties": { "population_density": 2080.7773, "network_distance_m": 2237.9466282356116, "straight_line_distance_m": 1647.5488547182933, "network_penalty_ratio": 1.3583491753986667 }, "geometry": { "type": "Point", "coordinates": [ 481417.336105463735294, 981907.780925765866414 ] } },
{ "type": "Feature", "properties": { "population_density": 3765.5601, "network_distance_m": 2113.0262645033258, "straight_line_distance_m": 1201.5352598295906, "network_penalty_ratio": 1.7586052903707619 }, "geometry": { "type": "Point", "coordinates": [ 480917.336105463735294, 982407.780925765866414 ] } },
{ "type": "Feature", "properties": { "population_density": 2589.5405, "network_distance_m": 4827.1403156925344, "straight_line_distance_m": 3644.8098834000889, "network_penalty_ratio": 1.3243874084289684 }, "geometry": { "type": "Point", "coordinates": [ 483417.336105463735294, 981907.780925765866414 ] } },
{ "type": "Feature", "properties": { "population_density": 96.560364, "network_distance_m": 5592.6989501319576, "straight_line_distance_m": 2645.6621396934388, "network_penalty_ratio": 2.1139127578776939 }, "geometry": { "type": "Point", "coordinates": [ 482417.336105463735294, 981907.780925765866414 ] } },
{ "type": "Feature", "properties": { "population_density": 81.881073, "network_distance_m": 4609.0140794920244, "straight_line_distance_m": 3145.1682978449844, "network_penalty_ratio": 1.4654268525630383 }, "geometry": { "type": "Point", "coordinates": [ 482917.336105463735294, 981907.780925765866414 ] } },
{ "type": "Feature", "properties": { "population_density": 1010.7031, "network_distance_m": 4885.0312184266359, "straight_line_distance_m": 3661.4838935086173, "network_penalty_ratio": 1.334167064639346 }, "geometry": { "type": "Point", "coordinates": [ 483417.336105463735294, 982407.780925765866414 ] } },
{ "type": "Feature", "properties": { "population_density": 5552.9307, "network_distance_m": 2897.6592256426975, "straight_line_distance_m": 2174.5799385944556, "network_penalty_ratio": 1.3325144659964101 }, "geometry": { "type": "Point", "coordinates": [ 481917.336105463735294, 982407.780925765866414 ] } },
{ "type": "Feature", "properties": { "population_density": 2709.5574, "network_distance_m": 3870.8974082591394, "straight_line_distance_m": 2668.5863998940185, "network_penalty_ratio": 1.4505422827654635 }, "geometry": { "type": "Point", "coordinates": [ 482417.336105463735294, 982407.780925765866414 ] } },
{ "type": "Feature", "properties": { "population_density": 2491.2908, "network_distance_m": 4123.9432990597106, "straight_line_distance_m": 3164.4760763926106, "network_penalty_ratio": 1.3031993920967979 }, "geometry": { "type": "Point", "coordinates": [ 482917.336105463735294, 982407.780925765866414 ] } },
{ "type": "Feature", "properties": { "population_density": 0.0, "network_distance_m": 5837.2580095771691, "straight_line_distance_m": 5155.9800906819437, "network_penalty_ratio": 1.1321335433638413 }, "geometry": { "type": "Point", "coordinates": [ 484917.336105463735294, 982407.780925765866414 ] } },
{ "type": "Feature", "properties": { "population_density": 0.0, "network_distance_m": 5711.8838867158502, "straight_line_distance_m": 5215.932889886587, "network_penalty_ratio": 1.0950838531283418 }, "geometry": { "type": "Point", "coordinates": [ 484917.336105463735294, 982907.780925765866414 ] } },
{ "type": "Feature", "properties": { "population_density": 797.59991, "network_distance_m": 5065.6145385933514, "straight_line_distance_m": 3745.4358249361421, "network_penalty_ratio": 1.3524766610250805 }, "geometry": { "type": "Point", "coordinates": [ 483417.336105463735294, 982907.780925765866414 ] } },
{ "type": "Feature", "properties": { "population_density": 0.0, "network_distance_m": 5711.8838867158502, "straight_line_distance_m": 4723.7062194254613, "network_penalty_ratio": 1.2091954116931893 }, "geometry": { "type": "Point", "coordinates": [ 484417.336105463735294, 982907.780925765866414 ] } },
{ "type": "Feature", "properties": { "population_density": 395.18762, "network_distance_m": 5556.4705465623701, "straight_line_distance_m": 4233.3019007716575, "network_penalty_ratio": 1.3125618434039683 }, "geometry": { "type": "Point", "coordinates": [ 483917.336105463735294, 982907.780925765866414 ] } },
{ "type": "Feature", "properties": { "population_density": 0.0, "network_distance_m": 5580.1196632055962, "straight_line_distance_m": 4363.7908060961154, "network_penalty_ratio": 1.2787321645690022 }, "geometry": { "type": "Point", "coordinates": [ 483917.336105463735294, 983407.780925765866414 ] } },
{ "type": "Feature", "properties": { "population_density": 0.0, "network_distance_m": 5713.9172521071896, "straight_line_distance_m": 4840.9942846207568, "network_penalty_ratio": 1.1803189419701654 }, "geometry": { "type": "Point", "coordinates": [ 484417.336105463735294, 983407.780925765866414 ] } },
{ "type": "Feature", "properties": { "population_density": 0.0, "network_distance_m": 8207.980479393922, "straight_line_distance_m": 5322.3849098024366, "network_penalty_ratio": 1.5421621356766166 }, "geometry": { "type": "Point", "coordinates": [ 484917.336105463735294, 983407.780925765866414 ] } },
{ "type": "Feature", "properties": { "population_density": 0.0, "network_distance_m": 6591.3447858775489, "straight_line_distance_m": 5005.7018369078769, "network_penalty_ratio": 1.3167673586306043 }, "geometry": { "type": "Point", "coordinates": [ 484417.336105463735294, 983907.780925765866414 ] } },
{ "type": "Feature", "properties": { "population_density": 96.618896, "network_distance_m": 5080.1401114358641, "straight_line_distance_m": 4095.3559004437193, "network_penalty_ratio": 1.2404636458788469 }, "geometry": { "type": "Point", "coordinates": [ 483417.336105463735294, 983907.780925765866414 ] } },
{ "type": "Feature", "properties": { "population_density": 2122.4397, "network_distance_m": 2366.8989791034514, "straight_line_distance_m": 1684.1147362859854, "network_penalty_ratio": 1.4054262029220319 }, "geometry": { "type": "Point", "coordinates": [ 481417.336105463735294, 982407.780925765866414 ] } },
{ "type": "Feature", "properties": { "population_density": 1402.1349, "network_distance_m": 2580.7220824487931, "straight_line_distance_m": 1437.1889913667637, "network_penalty_ratio": 1.795673427747684 }, "geometry": { "type": "Point", "coordinates": [ 480917.336105463735294, 982907.780925765866414 ] } },
{ "type": "Feature", "properties": { "population_density": 3022.811, "network_distance_m": 3238.8828446756006, "straight_line_distance_m": 2313.1413976731992, "network_penalty_ratio": 1.4002096231270642 }, "geometry": { "type": "Point", "coordinates": [ 481917.336105463735294, 982907.780925765866414 ] } },
{ "type": "Feature", "properties": { "population_density": 6189.7207, "network_distance_m": 3047.9748194826375, "straight_line_distance_m": 1859.5880353636578, "network_penalty_ratio": 1.6390591687618494 }, "geometry": { "type": "Point", "coordinates": [ 481417.336105463735294, 982907.780925765866414 ] } },
{ "type": "Feature", "properties": { "population_density": 2144.0779, "network_distance_m": 2787.0887282044373, "straight_line_distance_m": 1083.0312703444733, "network_penalty_ratio": 2.5734148260723484 }, "geometry": { "type": "Point", "coordinates": [ 480417.336105463735294, 982907.780925765866414 ] } },
{ "type": "Feature", "properties": { "population_density": 1582.4244, "network_distance_m": 3808.0661682856489, "straight_line_distance_m": 2544.1006941395963, "network_penalty_ratio": 1.4968221096977925 }, "geometry": { "type": "Point", "coordinates": [ 481917.336105463735294, 983407.780925765866414 ] } },
{ "type": "Feature", "properties": { "population_density": 360.95813, "network_distance_m": 2844.03799521787, "straight_line_distance_m": 1514.853771436708, "network_penalty_ratio": 1.877434013000836 }, "geometry": { "type": "Point", "coordinates": [ 480417.336105463735294, 983407.780925765866414 ] } },
{ "type": "Feature", "properties": { "population_density": 10199.014, "network_distance_m": 3130.0014962953451, "straight_line_distance_m": 1785.3115731428702, "network_penalty_ratio": 1.7531962170531818 }, "geometry": { "type": "Point", "coordinates": [ 480917.336105463735294, 983407.780925765866414 ] } },
{ "type": "Feature", "properties": { "population_density": 858.06598, "network_distance_m": 3423.0058552301348, "straight_line_distance_m": 2140.0684282423595, "network_penalty_ratio": 1.5994843015564009 }, "geometry": { "type": "Point", "coordinates": [ 481417.336105463735294, 983407.780925765866414 ] } },
{ "type": "Feature", "properties": { "population_density": 4364.0894, "network_distance_m": 4273.5121732077832, "straight_line_distance_m": 2845.0436830062258, "network_penalty_ratio": 1.5020901783455785 }, "geometry": { "type": "Point", "coordinates": [ 481917.336105463735294, 983907.780925765866414 ] } },
{ "type": "Feature", "properties": { "population_density": 4016.1624, "network_distance_m": 4000.5644834569039, "straight_line_distance_m": 2782.6567503002184, "network_penalty_ratio": 1.4376780330614929 }, "geometry": { "type": "Point", "coordinates": [ 482417.336105463735294, 982907.780925765866414 ] } },
{ "type": "Feature", "properties": { "population_density": 1395.326, "network_distance_m": 4468.8001985803539, "straight_line_distance_m": 3261.2473157295549, "network_penalty_ratio": 1.3702733236533655 }, "geometry": { "type": "Point", "coordinates": [ 482917.336105463735294, 982907.780925765866414 ] } },
{ "type": "Feature", "properties": { "population_density": 2342.1174, "network_distance_m": 4087.9597297295709, "straight_line_distance_m": 2977.4156253844421, "network_penalty_ratio": 1.3729892779755046 }, "geometry": { "type": "Point", "coordinates": [ 482417.336105463735294, 983407.780925765866414 ] } },
{ "type": "Feature", "properties": { "population_density": 583.87689, "network_distance_m": 4916.8414115387686, "straight_line_distance_m": 3892.3148298932774, "network_penalty_ratio": 1.2632178090469579 }, "geometry": { "type": "Point", "coordinates": [ 483417.336105463735294, 983407.780925765866414 ] } },
{ "type": "Feature", "properties": { "population_density": 695.6897, "network_distance_m": 4344.0963545539062, "straight_line_distance_m": 3428.9297558633771, "network_penalty_ratio": 1.2668956974477588 }, "geometry": { "type": "Point", "coordinates": [ 482917.336105463735294, 983407.780925765866414 ] } },
{ "type": "Feature", "properties": { "population_density": 66.854485, "network_distance_m": 4643.4656101599112, "straight_line_distance_m": 3657.7840951780263, "network_penalty_ratio": 1.2694750398967742 }, "geometry": { "type": "Point", "coordinates": [ 482917.336105463735294, 983907.780925765866414 ] } },
{ "type": "Feature", "properties": { "population_density": 0.0, "network_distance_m": 4225.6482461774249, "straight_line_distance_m": 3238.3373855383697, "network_penalty_ratio": 1.3048820252788194 }, "geometry": { "type": "Point", "coordinates": [ 482417.336105463735294, 983907.780925765866414 ] } },
{ "type": "Feature", "properties": { "population_density": 455.8602, "network_distance_m": 5497.5830496538829, "straight_line_distance_m": 4346.6958908567831, "network_penalty_ratio": 1.2647728729350438 }, "geometry": { "type": "Point", "coordinates": [ 483417.336105463735294, 984407.780925765866414 ] } },
{ "type": "Feature", "properties": { "population_density": 0.0, "network_distance_m": 4883.225543926611, "straight_line_distance_m": 3937.1575664722118, "network_penalty_ratio": 1.2402921299139418 }, "geometry": { "type": "Point", "coordinates": [ 482917.336105463735294, 984407.780925765866414 ] } },
{ "type": "Feature", "properties": { "population_density": 462.56888, "network_distance_m": 4685.6389040354907, "straight_line_distance_m": 3550.8666884110894, "network_penalty_ratio": 1.3195761247044111 }, "geometry": { "type": "Point", "coordinates": [ 482417.336105463735294, 984407.780925765866414 ] } },
{ "type": "Feature", "properties": { "population_density": 9046.9795, "network_distance_m": 2989.6081534920381, "straight_line_distance_m": 2192.9803075928257, "network_penalty_ratio": 1.3632626536321473 }, "geometry": { "type": "Point", "coordinates": [ 480917.336105463735294, 983907.780925765866414 ] } },
{ "type": "Feature", "properties": { "population_density": 1997.7235, "network_distance_m": 2291.0423755391007, "straight_line_distance_m": 1797.24049997661, "network_penalty_ratio": 1.2747555909011161 }, "geometry": { "type": "Point", "coordinates": [ 480417.336105463735294, 983907.780925765866414 ] } },
{ "type": "Feature", "properties": { "population_density": 5818.3237, "network_distance_m": 3743.6023852400494, "straight_line_distance_m": 2490.3248972477018, "network_penalty_ratio": 1.5032586267669192 }, "geometry": { "type": "Point", "coordinates": [ 481417.336105463735294, 983907.780925765866414 ] } },
{ "type": "Feature", "properties": { "population_density": 1698.5002, "network_distance_m": 3193.3937591393783, "straight_line_distance_m": 2357.9449779773527, "network_penalty_ratio": 1.3543122460298773 }, "geometry": { "type": "Point", "coordinates": [ 480917.336105463735294, 984407.780925765866414 ] } },
{ "type": "Feature", "properties": { "population_density": 2160.1023, "network_distance_m": 3670.9968826075328, "straight_line_distance_m": 2847.2520114073536, "network_penalty_ratio": 1.2893122448943375 }, "geometry": { "type": "Point", "coordinates": [ 481417.336105463735294, 984407.780925765866414 ] } },
{ "type": "Feature", "properties": { "population_density": 1377.9299, "network_distance_m": 4196.8685557066119, "straight_line_distance_m": 3196.2632517528473, "network_penalty_ratio": 1.3130547220742934 }, "geometry": { "type": "Point", "coordinates": [ 481917.336105463735294, 984407.780925765866414 ] } },
{ "type": "Feature", "properties": { "population_density": 1864.8541, "network_distance_m": 3790.4280154172134, "straight_line_distance_m": 2981.5659683429881, "network_penalty_ratio": 1.2712876574465841 }, "geometry": { "type": "Point", "coordinates": [ 481417.336105463735294, 984907.780925765866414 ] } },
{ "type": "Feature", "properties": { "population_density": 354.1037, "network_distance_m": 5452.861975652766, "straight_line_distance_m": 3454.949365891729, "network_penalty_ratio": 1.578275510919209 }, "geometry": { "type": "Point", "coordinates": [ 481917.336105463735294, 984907.780925765866414 ] } },
{ "type": "Feature", "properties": { "population_density": 2331.8787, "network_distance_m": 3647.1863633832759, "straight_line_distance_m": 2518.4908430023042, "network_penalty_ratio": 1.448163440227342 }, "geometry": { "type": "Point", "coordinates": [ 480917.336105463735294, 984907.780925765866414 ] } },
{ "type": "Feature", "properties": { "population_density": 5027.2495, "network_distance_m": 3666.5273167425621, "straight_line_distance_m": 2361.9373903873261, "network_penalty_ratio": 1.552338911126387 }, "geometry": { "type": "Point", "coordinates": [ 480417.336105463735294, 985407.780925765866414 ] } },
{ "type": "Feature", "properties": { "population_density": 1547.2767, "network_distance_m": 5203.1431415045354, "straight_line_distance_m": 3902.6246879708519, "network_penalty_ratio": 1.3332419992991642 }, "geometry": { "type": "Point", "coordinates": [ 482417.336105463735294, 984907.780925765866414 ] } },
{ "type": "Feature", "properties": { "population_density": 0.0, "network_distance_m": 5910.8445221855836, "straight_line_distance_m": 4638.4900974221446, "network_penalty_ratio": 1.2743035768192228 }, "geometry": { "type": "Point", "coordinates": [ 483417.336105463735294, 984907.780925765866414 ] } },
{ "type": "Feature", "properties": { "population_density": 460.53998, "network_distance_m": 5576.1843736298379, "straight_line_distance_m": 4257.1157982278855, "network_penalty_ratio": 1.3098502925269364 }, "geometry": { "type": "Point", "coordinates": [ 482917.336105463735294, 984907.780925765866414 ] } },
{ "type": "Feature", "properties": { "population_density": 0.0, "network_distance_m": 6574.2275444035949, "straight_line_distance_m": 4963.6091304790862, "network_penalty_ratio": 1.3244853435445776 }, "geometry": { "type": "Point", "coordinates": [ 483417.336105463735294, 985407.780925765866414 ] } },
{ "type": "Feature", "properties": { "population_density": 619.45612, "network_distance_m": 5692.1356284330695, "straight_line_distance_m": 4562.1755471027973, "network_penalty_ratio": 1.2476800968449913 }, "geometry": { "type": "Point", "coordinates": [ 482917.336105463735294, 985407.780925765866414 ] } },
{ "type": "Feature", "properties": { "population_density": 282.83841, "network_distance_m": 5192.2139157259153, "straight_line_distance_m": 4094.6924457507312, "network_penalty_ratio": 1.2680351417147673 }, "geometry": { "type": "Point", "coordinates": [ 482417.336105463735294, 985407.780925765866414 ] } },
{ "type": "Feature", "properties": { "population_density": 0.0, "network_distance_m": 5792.6901311017782, "straight_line_distance_m": 4753.5604897487674, "network_penalty_ratio": 1.2186002773276858 }, "geometry": { "type": "Point", "coordinates": [ 482917.336105463735294, 985907.780925765866414 ] } },
{ "type": "Feature", "properties": { "population_density": 0.0, "network_distance_m": 6414.2640109022095, "straight_line_distance_m": 5209.921000072376, "network_penalty_ratio": 1.2311633920769822 }, "geometry": { "type": "Point", "coordinates": [ 483417.336105463735294, 985907.780925765866414 ] } },
{ "type": "Feature", "properties": { "population_density": 1525.6217, "network_distance_m": 5113.4137475557209, "straight_line_distance_m": 3873.3007029033183, "network_penalty_ratio": 1.3201695762280601 }, "geometry": { "type": "Point", "coordinates": [ 481917.336105463735294, 985907.780925765866414 ] } },
{ "type": "Feature", "properties": { "population_density": 0.0, "network_distance_m": 5518.0452264972591, "straight_line_distance_m": 4306.9011867473746, "network_penalty_ratio": 1.2812100828959476 }, "geometry": { "type": "Point", "coordinates": [ 482417.336105463735294, 985907.780925765866414 ] } },
{ "type": "Feature", "properties": { "population_density": 0.0, "network_distance_m": 8115.8377889099684, "straight_line_distance_m": 6149.3968804477818, "network_penalty_ratio": 1.3197778492252716 }, "geometry": { "type": "Point", "coordinates": [ 484917.336105463735294, 985407.780925765866414 ] } },
{ "type": "Feature", "properties": { "population_density": 0.0, "network_distance_m": 8115.8377889099684, "straight_line_distance_m": 6437.150550480621, "network_penalty_ratio": 1.2607811057493459 }, "geometry": { "type": "Point", "coordinates": [ 484917.336105463735294, 985907.780925765866414 ] } },
{ "type": "Feature", "properties": { "population_density": 0.0, "network_distance_m": 7436.6751778012222, "straight_line_distance_m": 6045.1924489788671, "network_penalty_ratio": 1.2301800547404242 }, "geometry": { "type": "Point", "coordinates": [ 484417.336105463735294, 985907.780925765866414 ] } },
{ "type": "Feature", "properties": { "population_density": 109.24025, "network_distance_m": 6819.0922810429238, "straight_line_distance_m": 5670.2553982011477, "network_penalty_ratio": 1.2026076079758661 }, "geometry": { "type": "Point", "coordinates": [ 483917.336105463735294, 985907.780925765866414 ] } },
{ "type": "Feature", "properties": { "population_density": 0.0, "network_distance_m": 7059.7371315776609, "straight_line_distance_m": 5871.3804110624269, "network_penalty_ratio": 1.2023981819124203 }, "geometry": { "type": "Point", "coordinates": [ 483917.336105463735294, 986407.780925765866414 ] } },
{ "type": "Feature", "properties": { "population_density": 0.0, "network_distance_m": 8115.8377889099684, "straight_line_distance_m": 6749.7209146634359, "network_penalty_ratio": 1.2023960533358811 }, "geometry": { "type": "Point", "coordinates": [ 484917.336105463735294, 986407.780925765866414 ] } },
{ "type": "Feature", "properties": { "population_density": 0.0, "network_distance_m": 7535.3676878907281, "straight_line_distance_m": 6326.1400102038679, "network_penalty_ratio": 1.1911477892895848 }, "geometry": { "type": "Point", "coordinates": [ 484417.336105463735294, 986407.780925765866414 ] } },
{ "type": "Feature", "properties": { "population_density": 1090.6281, "network_distance_m": 6986.4978426821654, "straight_line_distance_m": 5675.3026387348564, "network_penalty_ratio": 1.2310352922852414 }, "geometry": { "type": "Point", "coordinates": [ 483417.336105463735294, 986907.780925765866414 ] } },
{ "type": "Feature", "properties": { "population_density": 146.87466, "network_distance_m": 7910.267402637407, "straight_line_distance_m": 6351.7946667719398, "network_penalty_ratio": 1.2453594326684212 }, "geometry": { "type": "Point", "coordinates": [ 484417.336105463735294, 986907.780925765866414 ] } },
{ "type": "Feature", "properties": { "population_density": 0.0, "network_distance_m": 8008.0595300399791, "straight_line_distance_m": 6346.2325483780605, "network_penalty_ratio": 1.2618603981170908 }, "geometry": { "type": "Point", "coordinates": [ 484917.336105463735294, 986907.780925765866414 ] } },
{ "type": "Feature", "properties": { "population_density": 8482.9062, "network_distance_m": 970.97157227959474, "straight_line_distance_m": 701.22014902130741, "network_penalty_ratio": 1.384688636849325 }, "geometry": { "type": "Point", "coordinates": [ 478917.336105463735294, 980907.780925765866414 ] } },
{ "type": "Feature", "properties": { "population_density": 5456.2476, "network_distance_m": 1519.6700403855175, "straight_line_distance_m": 628.88089479649193, "network_penalty_ratio": 2.4164671767891566 }, "geometry": { "type": "Point", "coordinates": [ 479417.336105463735294, 981407.780925765866414 ] } },
{ "type": "Feature", "properties": { "population_density": 5482.8784, "network_distance_m": 1563.5109170756414, "straight_line_distance_m": 634.72324722939902, "network_penalty_ratio": 2.4632954975265995 }, "geometry": { "type": "Point", "coordinates": [ 478917.336105463735294, 981407.780925765866414 ] } },
{ "type": "Feature", "properties": { "population_density": 442.98648, "network_distance_m": 1273.2767697226018, "straight_line_distance_m": 644.14720313446026, "network_penalty_ratio": 1.9766860176164052 }, "geometry": { "type": "Point", "coordinates": [ 479917.336105463735294, 981407.780925765866414 ] } },
{ "type": "Feature", "properties": { "population_density": 277.82852, "network_distance_m": 51.7972839376854, "straight_line_distance_m": 191.70507452334704, "network_penalty_ratio": 0.27019255523868357 }, "geometry": { "type": "Point", "coordinates": [ 479917.336105463735294, 981907.780925765866414 ] } },
{ "type": "Feature", "properties": { "population_density": 4084.0576, "network_distance_m": 318.74507327880241, "straight_line_distance_m": 269.58704879200013, "network_penalty_ratio": 1.1823456457091532 }, "geometry": { "type": "Point", "coordinates": [ 478917.336105463735294, 981907.780925765866414 ] } },
{ "type": "Feature", "properties": { "population_density": 1964.3208, "network_distance_m": 311.99288402129383, "straight_line_distance_m": 255.52838617849062, "network_penalty_ratio": 1.2209715276147906 }, "geometry": { "type": "Point", "coordinates": [ 479417.336105463735294, 981907.780925765866414 ] } },
{ "type": "Feature", "properties": { "population_density": 1619.4309, "network_distance_m": 267.08905026298453, "straight_line_distance_m": 236.09273277555852, "network_penalty_ratio": 1.1312887403310827 }, "geometry": { "type": "Point", "coordinates": [ 478917.336105463735294, 982407.780925765866414 ] } },
{ "type": "Feature", "properties": { "population_density": 1523.0985, "network_distance_m": 2473.696251354731, "straight_line_distance_m": 742.38232485149388, "network_penalty_ratio": 3.3321055318087875 }, "geometry": { "type": "Point", "coordinates": [ 480417.336105463735294, 982407.780925765866414 ] } },
{ "type": "Feature", "properties": { "population_density": 1299.8478, "network_distance_m": 866.78651551300413, "straight_line_distance_m": 398.21608693027008, "network_penalty_ratio": 2.1766737807977692 }, "geometry": { "type": "Point", "coordinates": [ 479917.336105463735294, 982407.780925765866414 ] } },
{ "type": "Feature", "properties": { "population_density": 4986.0962, "network_distance_m": 469.45974331411645, "straight_line_distance_m": 63.314895724219383, "network_penalty_ratio": 7.414680825803484 }, "geometry": { "type": "Point", "coordinates": [ 476917.336105463735294, 981407.780925765866414 ] } },
{ "type": "Feature", "properties": { "population_density": 1650.6888, "network_distance_m": 91.7363954556442, "straight_line_distance_m": 200.84927583613805, "network_penalty_ratio": 0.45674247553915459 }, "geometry": { "type": "Point", "coordinates": [ 476417.336105463735294, 981407.780925765866414 ] } },
{ "type": "Feature", "properties": { "population_density": 6369.6353, "network_distance_m": 592.49623522254103, "straight_line_distance_m": 480.81501419647253, "network_penalty_ratio": 1.232274820312564 }, "geometry": { "type": "Point", "coordinates": [ 475917.336105463735294, 981407.780925765866414 ] } },
{ "type": "Feature", "properties": { "population_density": 344.11731, "network_distance_m": 820.04537812810838, "straight_line_distance_m": 542.73397621645165, "network_penalty_ratio": 1.5109527209718305 }, "geometry": { "type": "Point", "coordinates": [ 476917.336105463735294, 981907.780925765866414 ] } },
{ "type": "Feature", "properties": { "population_density": 21569.693, "network_distance_m": 661.01957088139318, "straight_line_distance_m": 518.28887286713086, "network_penalty_ratio": 1.2753883123608036 }, "geometry": { "type": "Point", "coordinates": [ 475917.336105463735294, 981907.780925765866414 ] } },
{ "type": "Feature", "properties": { "population_density": 14933.795, "network_distance_m": 249.04942155006017, "straight_line_distance_m": 243.9258140060993, "network_penalty_ratio": 1.0210047778864142 }, "geometry": { "type": "Point", "coordinates": [ 476417.336105463735294, 981907.780925765866414 ] } },
{ "type": "Feature", "properties": { "population_density": 13466.565, "network_distance_m": 706.67495172281463, "straight_line_distance_m": 404.43570746618008, "network_penalty_ratio": 1.747310978425189 }, "geometry": { "type": "Point", "coordinates": [ 476417.336105463735294, 982407.780925765866414 ] } },
{ "type": "Feature", "properties": { "population_density": 18411.166, "network_distance_m": 507.60998549915189, "straight_line_distance_m": 144.80177934357056, "network_penalty_ratio": 3.5055507453036738 }, "geometry": { "type": "Point", "coordinates": [ 475917.336105463735294, 982407.780925765866414 ] } },
{ "type": "Feature", "properties": { "population_density": 626.28674, "network_distance_m": 1487.8811818654729, "straight_line_distance_m": 862.435689795455, "network_penalty_ratio": 1.7252082670863906 }, "geometry": { "type": "Point", "coordinates": [ 476917.336105463735294, 982407.780925765866414 ] } },
{ "type": "Feature", "properties": { "population_density": 16416.625, "network_distance_m": 652.05803424616784, "straight_line_distance_m": 373.28878608752882, "network_penalty_ratio": 1.746792452782852 }, "geometry": { "type": "Point", "coordinates": [ 476417.336105463735294, 982907.780925765866414 ] } },
{ "type": "Feature", "properties": { "population_density": 3181.1863, "network_distance_m": 646.7109529915615, "straight_line_distance_m": 395.00578577918083, "network_penalty_ratio": 1.6372189377324484 }, "geometry": { "type": "Point", "coordinates": [ 479417.336105463735294, 982407.780925765866414 ] } },
{ "type": "Feature", "properties": { "population_density": 1776.6255, "network_distance_m": 347.04687369225633, "straight_line_distance_m": 350.97570485312247, "network_penalty_ratio": 0.98880597401318626 }, "geometry": { "type": "Point", "coordinates": [ 478917.336105463735294, 982907.780925765866414 ] } },
{ "type": "Feature", "properties": { "population_density": 297.43652, "network_distance_m": 995.28829074375506, "straight_line_distance_m": 472.73008972006733, "network_penalty_ratio": 2.1054049919545563 }, "geometry": { "type": "Point", "coordinates": [ 479417.336105463735294, 982907.780925765866414 ] } },
{ "type": "Feature", "properties": { "population_density": 412.2099, "network_distance_m": 1290.3690623965431, "straight_line_distance_m": 883.40323079673578, "network_penalty_ratio": 1.4606795825647676 }, "geometry": { "type": "Point", "coordinates": [ 479917.336105463735294, 982907.780925765866414 ] } },
{ "type": "Feature", "properties": { "population_density": 36.14772, "network_distance_m": 1385.5192840442546, "straight_line_distance_m": 889.33565353833524, "network_penalty_ratio": 1.5579261649207357 }, "geometry": { "type": "Point", "coordinates": [ 479417.336105463735294, 983407.780925765866414 ] } },
{ "type": "Feature", "properties": { "population_density": 218.46297, "network_distance_m": 1837.1282900158878, "straight_line_distance_m": 1179.4946786586427, "network_penalty_ratio": 1.5575553864347453 }, "geometry": { "type": "Point", "coordinates": [ 479917.336105463735294, 983407.780925765866414 ] } },
{ "type": "Feature", "properties": { "population_density": 3253.4214, "network_distance_m": 881.44860914620256, "straight_line_distance_m": 553.50096274037924, "network_penalty_ratio": 1.5924969755827649 }, "geometry": { "type": "Point", "coordinates": [ 478917.336105463735294, 983407.780925765866414 ] } },
{ "type": "Feature", "properties": { "population_density": 160.14417, "network_distance_m": 2001.6301481905934, "straight_line_distance_m": 1297.3565113189095, "network_penalty_ratio": 1.5428528170377087 }, "geometry": { "type": "Point", "coordinates": [ 479917.336105463735294, 983907.780925765866414 ] } },
{ "type": "Feature", "properties": { "population_density": 6774.4702, "network_distance_m": 406.58004419525457, "straight_line_distance_m": 298.75562400123249, "network_penalty_ratio": 1.3609117671156452 }, "geometry": { "type": "Point", "coordinates": [ 478917.336105463735294, 983907.780925765866414 ] } },
{ "type": "Feature", "properties": { "population_density": 16195.35, "network_distance_m": 1264.697449145501, "straight_line_distance_m": 797.61796630151753, "network_penalty_ratio": 1.5855929813238647 }, "geometry": { "type": "Point", "coordinates": [ 479417.336105463735294, 983907.780925765866414 ] } },
{ "type": "Feature", "properties": { "population_density": 1510.0653, "network_distance_m": 1839.8642336628775, "straight_line_distance_m": 1164.1134797820346, "network_penalty_ratio": 1.5804852925570183 }, "geometry": { "type": "Point", "coordinates": [ 477917.336105463735294, 982407.780925765866414 ] } },
{ "type": "Feature", "properties": { "population_density": 137.23264, "network_distance_m": 1764.9025274415244, "straight_line_distance_m": 1327.128122452094, "network_penalty_ratio": 1.3298659696703345 }, "geometry": { "type": "Point", "coordinates": [ 477417.336105463735294, 982907.780925765866414 ] } },
{ "type": "Feature", "properties": { "population_density": 3097.7195, "network_distance_m": 1197.8317712858184, "straight_line_distance_m": 723.11420471980034, "network_penalty_ratio": 1.656490445724222 }, "geometry": { "type": "Point", "coordinates": [ 478417.336105463735294, 982907.780925765866414 ] } },
{ "type": "Feature", "properties": { "population_density": 9470.4434, "network_distance_m": 1797.1273121414729, "straight_line_distance_m": 1192.7297936825223, "network_penalty_ratio": 1.5067346532804291 }, "geometry": { "type": "Point", "coordinates": [ 477917.336105463735294, 982907.780925765866414 ] } },
{ "type": "Feature", "properties": { "population_density": 11211.223, "network_distance_m": 933.10885867218258, "straight_line_distance_m": 509.33664551053437, "network_penalty_ratio": 1.8320080969962007 }, "geometry": { "type": "Point", "coordinates": [ 478417.336105463735294, 983407.780925765866414 ] } },
{ "type": "Feature", "properties": { "population_density": 762.54553, "network_distance_m": 2042.3095359198542, "straight_line_distance_m": 1290.5598877505522, "network_penalty_ratio": 1.5824988482166471 }, "geometry": { "type": "Point", "coordinates": [ 477417.336105463735294, 983407.780925765866414 ] } },
{ "type": "Feature", "properties": { "population_density": 13620.101, "network_distance_m": 1220.2072719908783, "straight_line_distance_m": 844.08786341548637, "network_penalty_ratio": 1.4455927218920979 }, "geometry": { "type": "Point", "coordinates": [ 477917.336105463735294, 983407.780925765866414 ] } },
{ "type": "Feature", "properties": { "population_density": 1022.6818, "network_distance_m": 1807.9601174780983, "straight_line_distance_m": 1203.5100460688132, "network_penalty_ratio": 1.5022393235384131 }, "geometry": { "type": "Point", "coordinates": [ 477417.336105463735294, 983907.780925765866414 ] } },
{ "type": "Feature", "properties": { "population_density": 1382.4825, "network_distance_m": 694.148319923857, "straight_line_distance_m": 703.82947386647561, "network_penalty_ratio": 0.98624502908433864 }, "geometry": { "type": "Point", "coordinates": [ 477917.336105463735294, 983907.780925765866414 ] } },
{ "type": "Feature", "properties": { "population_density": 19199.156, "network_distance_m": 282.79484748282931, "straight_line_distance_m": 205.70713545660703, "network_penalty_ratio": 1.3747449589199281 }, "geometry": { "type": "Point", "coordinates": [ 478417.336105463735294, 983907.780925765866414 ] } },
{ "type": "Feature", "properties": { "population_density": 2891.0503, "network_distance_m": 1300.4477580993268, "straight_line_distance_m": 836.84334592022697, "network_penalty_ratio": 1.5539918724803883 }, "geometry": { "type": "Point", "coordinates": [ 476917.336105463735294, 982907.780925765866414 ] } },
{ "type": "Feature", "properties": { "population_density": 5386.3408, "network_distance_m": 1056.2887812315946, "straight_line_distance_m": 279.96830182440482, "network_penalty_ratio": 3.7728870530996592 }, "geometry": { "type": "Point", "coordinates": [ 475917.336105463735294, 982907.780925765866414 ] } },
{ "type": "Feature", "properties": { "population_density": 7481.3975, "network_distance_m": 1640.404183587329, "straight_line_distance_m": 601.52578015144604, "network_penalty_ratio": 2.7270721184623623 }, "geometry": { "type": "Point", "coordinates": [ 475917.336105463735294, 983407.780925765866414 ] } },
{ "type": "Feature", "properties": { "population_density": 14604.969, "network_distance_m": 1161.4519964438625, "straight_line_distance_m": 771.91708388705797, "network_penalty_ratio": 1.5046331020363826 }, "geometry": { "type": "Point", "coordinates": [ 476417.336105463735294, 983407.780925765866414 ] } },
{ "type": "Feature", "properties": { "population_density": 1529.9733, "network_distance_m": 1926.7096767440767, "straight_line_distance_m": 1075.5548578240716, "network_penalty_ratio": 1.7913634648463725 }, "geometry": { "type": "Point", "coordinates": [ 476917.336105463735294, 983407.780925765866414 ] } },
{ "type": "Feature", "properties": { "population_density": 18.912357, "network_distance_m": 1664.9937064264846, "straight_line_distance_m": 1453.7295892864524, "network_penalty_ratio": 1.1453255947302612 }, "geometry": { "type": "Point", "coordinates": [ 476917.336105463735294, 983907.780925765866414 ] } },
{ "type": "Feature", "properties": { "population_density": 1357.7212, "network_distance_m": 1344.4410616122186, "straight_line_distance_m": 1181.2244295591011, "network_penalty_ratio": 1.1381758012861614 }, "geometry": { "type": "Point", "coordinates": [ 476417.336105463735294, 983907.780925765866414 ] } },
{ "type": "Feature", "properties": { "population_density": 6089.5107, "network_distance_m": 888.82715642446487, "straight_line_distance_m": 739.75886243696027, "network_penalty_ratio": 1.2015093046623793 }, "geometry": { "type": "Point", "coordinates": [ 475917.336105463735294, 983907.780925765866414 ] } },
{ "type": "Feature", "properties": { "population_density": 0.0, "network_distance_m": 1456.087342316838, "straight_line_distance_m": 1110.2491093989877, "network_penalty_ratio": 1.3114960687561941 }, "geometry": { "type": "Point", "coordinates": [ 475917.336105463735294, 984407.780925765866414 ] } },
{ "type": "Feature", "properties": { "population_density": 5209.7837, "network_distance_m": 1811.2016998585934, "straight_line_distance_m": 1442.4635396967381, "network_penalty_ratio": 1.2556308357293928 }, "geometry": { "type": "Point", "coordinates": [ 476417.336105463735294, 984407.780925765866414 ] } },
{ "type": "Feature", "properties": { "population_density": 5778.5591, "network_distance_m": 2631.8346279736234, "straight_line_distance_m": 1874.2905382768206, "network_penalty_ratio": 1.404176446621382 }, "geometry": { "type": "Point", "coordinates": [ 480417.336105463735294, 984407.780925765866414 ] } },
{ "type": "Feature", "properties": { "population_density": 386.15378, "network_distance_m": 2358.3424737515206, "straight_line_distance_m": 958.68974506083441, "network_penalty_ratio": 2.4599642229425016 }, "geometry": { "type": "Point", "coordinates": [ 479417.336105463735294, 984407.780925765866414 ] } },
{ "type": "Feature", "properties": { "population_density": 3619.7344, "network_distance_m": 4357.8284342781053, "straight_line_distance_m": 610.03813814400564, "network_penalty_ratio": 7.14353441497357 }, "geometry": { "type": "Point", "coordinates": [ 478917.336105463735294, 984407.780925765866414 ] } },
{ "type": "Feature", "properties": { "population_density": 1095.6525, "network_distance_m": 2316.3052119377403, "straight_line_distance_m": 1402.1503216771769, "network_penalty_ratio": 1.6519663948492345 }, "geometry": { "type": "Point", "coordinates": [ 479917.336105463735294, 984407.780925765866414 ] } },
{ "type": "Feature", "properties": { "population_density": 826.5766, "network_distance_m": 2624.9594672843496, "straight_line_distance_m": 1657.9858659521949, "network_penalty_ratio": 1.5832218604450008 }, "geometry": { "type": "Point", "coordinates": [ 479917.336105463735294, 984907.780925765866414 ] } },
{ "type": "Feature", "properties": { "population_density": 66.324959, "network_distance_m": 3331.6387810307965, "straight_line_distance_m": 1304.5986487815503, "network_penalty_ratio": 2.5537653163618028 }, "geometry": { "type": "Point", "coordinates": [ 479417.336105463735294, 984907.780925765866414 ] } },
{ "type": "Feature", "properties": { "population_density": 6319.8755, "network_distance_m": 3541.4857174147887, "straight_line_distance_m": 2072.6448390864875, "network_penalty_ratio": 1.7086794855676715 }, "geometry": { "type": "Point", "coordinates": [ 480417.336105463735294, 984907.780925765866414 ] } },
{ "type": "Feature", "properties": { "population_density": 461.58163, "network_distance_m": 3014.4508986411679, "straight_line_distance_m": 1074.7270058522042, "network_penalty_ratio": 2.8048526576764119 }, "geometry": { "type": "Point", "coordinates": [ 478917.336105463735294, 984907.780925765866414 ] } },
{ "type": "Feature", "properties": { "population_density": 1402.8688, "network_distance_m": 3744.572792941512, "straight_line_distance_m": 1561.3871218329821, "network_penalty_ratio": 2.398234711034116 }, "geometry": { "type": "Point", "coordinates": [ 478917.336105463735294, 985407.780925765866414 ] } },
{ "type": "Feature", "properties": { "population_density": 1315.4816, "network_distance_m": 3362.1202203172561, "straight_line_distance_m": 2007.9364379419706, "network_penalty_ratio": 1.6744156621627191 }, "geometry": { "type": "Point", "coordinates": [ 479917.336105463735294, 985407.780925765866414 ] } },
{ "type": "Feature", "properties": { "population_density": 123.09817, "network_distance_m": 849.06397622010957, "straight_line_distance_m": 882.19472646406075, "network_penalty_ratio": 0.96244508241763915 }, "geometry": { "type": "Point", "coordinates": [ 477917.336105463735294, 984407.780925765866414 ] } },
{ "type": "Feature", "properties": { "population_density": 0.0, "network_distance_m": 1520.5290211274569, "straight_line_distance_m": 1315.7993912851593, "network_penalty_ratio": 1.1555933459144827 }, "geometry": { "type": "Point", "coordinates": [ 477417.336105463735294, 984407.780925765866414 ] } },
{ "type": "Feature", "properties": { "population_density": 1933.9038, "network_distance_m": 3784.7682964963233, "straight_line_distance_m": 570.26926332707251, "network_penalty_ratio": 6.6368092055587526 }, "geometry": { "type": "Point", "coordinates": [ 478417.336105463735294, 984407.780925765866414 ] } },
{ "type": "Feature", "properties": { "population_density": 0.0, "network_distance_m": 4798.9982464355544, "straight_line_distance_m": 1585.6291007749053, "network_penalty_ratio": 3.0265578779364346 }, "geometry": { "type": "Point", "coordinates": [ 477417.336105463735294, 984907.780925765866414 ] } },
{ "type": "Feature", "properties": { "population_density": 0.0, "network_distance_m": 4346.702834496472, "straight_line_distance_m": 1249.4635418926148, "network_penalty_ratio": 3.4788552756908291 }, "geometry": { "type": "Point", "coordinates": [ 477917.336105463735294, 984907.780925765866414 ] } },
{ "type": "Feature", "properties": { "population_density": 84.871765, "network_distance_m": 3796.9266019009228, "straight_line_distance_m": 1052.6626429267076, "network_penalty_ratio": 3.6069738271934542 }, "geometry": { "type": "Point", "coordinates": [ 478417.336105463735294, 984907.780925765866414 ] } },
{ "type": "Feature", "properties": { "population_density": 0.0, "network_distance_m": 4547.546735474878, "straight_line_distance_m": 1686.4313652315286, "network_penalty_ratio": 2.6965501408653827 }, "geometry": { "type": "Point", "coordinates": [ 477917.336105463735294, 985407.780925765866414 ] } },
{ "type": "Feature", "properties": { "population_density": 561.78723, "network_distance_m": 4190.9637353488515, "straight_line_distance_m": 1546.2827189525467, "network_penalty_ratio": 2.7103476511642155 }, "geometry": { "type": "Point", "coordinates": [ 478417.336105463735294, 985407.780925765866414 ] } },
{ "type": "Feature", "properties": { "population_density": 92.766182, "network_distance_m": 5299.174440351243, "straight_line_distance_m": 1948.6177799512336, "network_penalty_ratio": 2.7194529860462739 }, "geometry": { "type": "Point", "coordinates": [ 477417.336105463735294, 985407.780925765866414 ] } },
{ "type": "Feature", "properties": { "population_density": 273.66925, "network_distance_m": 5222.7627948584613, "straight_line_distance_m": 2362.2029674564196, "network_penalty_ratio": 2.210971227625814 }, "geometry": { "type": "Point", "coordinates": [ 477417.336105463735294, 985907.780925765866414 ] } },
{ "type": "Feature", "properties": { "population_density": 2116.4819, "network_distance_m": 2654.3593794974449, "straight_line_distance_m": 1784.4855115163568, "network_penalty_ratio": 1.4874647972019215 }, "geometry": { "type": "Point", "coordinates": [ 476917.336105463735294, 984407.780925765866414 ] } },
{ "type": "Feature", "properties": { "population_density": 4077.7124, "network_distance_m": 2735.2449068352635, "straight_line_distance_m": 1991.8032402648691, "network_penalty_ratio": 1.3732505558488457 }, "geometry": { "type": "Point", "coordinates": [ 476917.336105463735294, 984907.780925765866414 ] } },
{ "type": "Feature", "properties": { "population_density": 283.23438, "network_distance_m": 2719.7473211582583, "straight_line_distance_m": 1475.2167602725126, "network_penalty_ratio": 1.8436255568678919 }, "geometry": { "type": "Point", "coordinates": [ 475917.336105463735294, 984907.780925765866414 ] } },
{ "type": "Feature", "properties": { "population_density": 558.98663, "network_distance_m": 2474.1354012464594, "straight_line_distance_m": 1807.238493868937, "network_penalty_ratio": 1.3690143329947722 }, "geometry": { "type": "Point", "coordinates": [ 476417.336105463735294, 984907.780925765866414 ] } },
{ "type": "Feature", "properties": { "population_density": 4253.5786, "network_distance_m": 2986.1821394536414, "straight_line_distance_m": 2122.5953474543785, "network_penalty_ratio": 1.4068541811490163 }, "geometry": { "type": "Point", "coordinates": [ 476417.336105463735294, 985407.780925765866414 ] } },
{ "type": "Feature", "properties": { "population_density": 5728.2974, "network_distance_m": 2432.8595574855399, "straight_line_distance_m": 1684.9785136589078, "network_penalty_ratio": 1.4438519766062883 }, "geometry": { "type": "Point", "coordinates": [ 475917.336105463735294, 985407.780925765866414 ] } },
{ "type": "Feature", "properties": { "population_density": 619.28015, "network_distance_m": 3016.4148135566438, "straight_line_distance_m": 2291.3253271954795, "network_penalty_ratio": 1.3164498195673742 }, "geometry": { "type": "Point", "coordinates": [ 476917.336105463735294, 985407.780925765866414 ] } },
{ "type": "Feature", "properties": { "population_density": 3322.7485, "network_distance_m": 2904.8827886611562, "straight_line_distance_m": 2000.5101082462534, "network_penalty_ratio": 1.4520710376253589 }, "geometry": { "type": "Point", "coordinates": [ 475917.336105463735294, 985907.780925765866414 ] } },
{ "type": "Feature", "properties": { "population_density": 1491.4888, "network_distance_m": 3409.6531353913833, "straight_line_distance_m": 2380.8189999952174, "network_penalty_ratio": 1.4321345450444711 }, "geometry": { "type": "Point", "coordinates": [ 476417.336105463735294, 985907.780925765866414 ] } },
{ "type": "Feature", "properties": { "population_density": 2431.7046, "network_distance_m": 3783.6053006136067, "straight_line_distance_m": 2651.9923382553939, "network_penalty_ratio": 1.4267029531098274 }, "geometry": { "type": "Point", "coordinates": [ 476917.336105463735294, 985907.780925765866414 ] } },
{ "type": "Feature", "properties": { "population_density": 246.71638, "network_distance_m": 3097.2302011379652, "straight_line_distance_m": 1727.6774124588439, "network_penalty_ratio": 1.7927132570020483 }, "geometry": { "type": "Point", "coordinates": [ 479417.336105463735294, 985407.780925765866414 ] } },
{ "type": "Feature", "properties": { "population_density": 2512.2903, "network_distance_m": 3982.0039343881231, "straight_line_distance_m": 2054.4637624800598, "network_penalty_ratio": 1.9382205746871972 }, "geometry": { "type": "Point", "coordinates": [ 478917.336105463735294, 985907.780925765866414 ] } },
{ "type": "Feature", "properties": { "population_density": 572.60541, "network_distance_m": 3873.3822119994088, "straight_line_distance_m": 2411.3689775587909, "network_penalty_ratio": 1.6063000926223756 }, "geometry": { "type": "Point", "coordinates": [ 479917.336105463735294, 985907.780925765866414 ] } },
{ "type": "Feature", "properties": { "population_density": 350.3324, "network_distance_m": 3888.6928095844187, "straight_line_distance_m": 2183.5202881215291, "network_penalty_ratio": 1.7809281785651923 }, "geometry": { "type": "Point", "coordinates": [ 479417.336105463735294, 985907.780925765866414 ] } },
{ "type": "Feature", "properties": { "population_density": 204.67851, "network_distance_m": 4306.1302469416933, "straight_line_distance_m": 2655.3064711547263, "network_penalty_ratio": 1.6217074351756711 }, "geometry": { "type": "Point", "coordinates": [ 479417.336105463735294, 986407.780925765866414 ] } },
{ "type": "Feature", "properties": { "population_density": 5356.5659, "network_distance_m": 4567.73001954337, "straight_line_distance_m": 2550.2378239022264, "network_penalty_ratio": 1.791099628721722 }, "geometry": { "type": "Point", "coordinates": [ 478917.336105463735294, 986407.780925765866414 ] } },
{ "type": "Feature", "properties": { "population_density": 347.69315, "network_distance_m": 4397.871209830505, "straight_line_distance_m": 2845.6268119784731, "network_penalty_ratio": 1.5454841763923379 }, "geometry": { "type": "Point", "coordinates": [ 479917.336105463735294, 986407.780925765866414 ] } },
{ "type": "Feature", "properties": { "population_density": 1392.0563, "network_distance_m": 4470.9120691389062, "straight_line_distance_m": 3105.5645944570806, "network_penalty_ratio": 1.4396454921976973 }, "geometry": { "type": "Point", "coordinates": [ 480417.336105463735294, 986407.780925765866414 ] } },
{ "type": "Feature", "properties": { "population_density": 1227.1682, "network_distance_m": 5113.9070299995865, "straight_line_distance_m": 3135.848220637281, "network_penalty_ratio": 1.6307890784842627 }, "geometry": { "type": "Point", "coordinates": [ 479417.336105463735294, 986907.780925765866414 ] } },
{ "type": "Feature", "properties": { "population_density": 1081.2485, "network_distance_m": 4755.593781720474, "straight_line_distance_m": 3047.3930769724143, "network_penalty_ratio": 1.560544918755659 }, "geometry": { "type": "Point", "coordinates": [ 478917.336105463735294, 986907.780925765866414 ] } },
{ "type": "Feature", "properties": { "population_density": 6186.8105, "network_distance_m": 2203.4192588804135, "straight_line_distance_m": 1683.9781102059035, "network_penalty_ratio": 1.3084607487035547 }, "geometry": { "type": "Point", "coordinates": [ 475417.336105463735294, 985907.780925765866414 ] } },
{ "type": "Feature", "properties": { "population_density": 2355.3838, "network_distance_m": 3010.786499858451, "straight_line_distance_m": 2121.0069253436914, "network_penalty_ratio": 1.4195080948972283 }, "geometry": { "type": "Point", "coordinates": [ 475417.336105463735294, 986407.780925765866414 ] } },
{ "type": "Feature", "properties": { "population_density": 6892.5425, "network_distance_m": 3909.4639033364469, "straight_line_distance_m": 2380.1110887726841, "network_penalty_ratio": 1.6425552243245845 }, "geometry": { "type": "Point", "coordinates": [ 475917.336105463735294, 986407.780925765866414 ] } },
{ "type": "Feature", "properties": { "population_density": 5889.3657, "network_distance_m": 2670.1234322940418, "straight_line_distance_m": 1957.6547090365832, "network_penalty_ratio": 1.3639399328025954 }, "geometry": { "type": "Point", "coordinates": [ 474917.336105463735294, 986407.780925765866414 ] } },
{ "type": "Feature", "properties": { "population_density": 12000.119, "network_distance_m": 2744.931726388214, "straight_line_distance_m": 1914.7202255865784, "network_penalty_ratio": 1.4335941563197823 }, "geometry": { "type": "Point", "coordinates": [ 474417.336105463735294, 986407.780925765866414 ] } },
{ "type": "Feature", "properties": { "population_density": 10081.48, "network_distance_m": 3730.9245598287443, "straight_line_distance_m": 2448.5301839095969, "network_penalty_ratio": 1.5237404808592285 }, "geometry": { "type": "Point", "coordinates": [ 474917.336105463735294, 986907.780925765866414 ] } },
{ "type": "Feature", "properties": { "population_density": 10946.144, "network_distance_m": 3321.352564341707, "straight_line_distance_m": 2580.9995116348155, "network_penalty_ratio": 1.2868474206870146 }, "geometry": { "type": "Point", "coordinates": [ 475417.336105463735294, 986907.780925765866414 ] } },
{ "type": "Feature", "properties": { "population_density": 10435.936, "network_distance_m": 2983.394003351988, "straight_line_distance_m": 2372.2745460020428, "network_penalty_ratio": 1.2576090774905693 }, "geometry": { "type": "Point", "coordinates": [ 474417.336105463735294, 986907.780925765866414 ] } },
{ "type": "Feature", "properties": { "population_density": 253.52911, "network_distance_m": 3049.5671608017556, "straight_line_distance_m": 2327.5584757298452, "network_penalty_ratio": 1.3102000197204551 }, "geometry": { "type": "Point", "coordinates": [ 475917.336105463735294, 987407.780925765866414 ] } },
{ "type": "Feature", "properties": { "population_density": 8437.1084, "network_distance_m": 2822.6137068860376, "straight_line_distance_m": 2003.5156834010172, "network_penalty_ratio": 1.4088303527001003 }, "geometry": { "type": "Point", "coordinates": [ 474417.336105463735294, 987407.780925765866414 ] } },
{ "type": "Feature", "properties": { "population_density": 0.0, "network_distance_m": 8207.980479393922, "straight_line_distance_m": 5709.5106074130808, "network_penalty_ratio": 1.4375979035290507 }, "geometry": { "type": "Point", "coordinates": [ 485417.336105463735294, 982907.780925765866414 ] } },
{ "type": "Feature", "properties": { "population_density": 950.35712, "network_distance_m": 8207.980479393922, "straight_line_distance_m": 6204.1169267289233, "network_penalty_ratio": 1.3229893273016571 }, "geometry": { "type": "Point", "coordinates": [ 485917.336105463735294, 982907.780925765866414 ] } },
{ "type": "Feature", "properties": { "population_density": 0.0, "network_distance_m": 8207.980479393922, "straight_line_distance_m": 6699.5240356973263, "network_penalty_ratio": 1.2251587479437391 }, "geometry": { "type": "Point", "coordinates": [ 486417.336105463735294, 982907.780925765866414 ] } },
{ "type": "Feature", "properties": { "population_density": 0.0, "network_distance_m": 8207.980479393922, "straight_line_distance_m": 5806.9214384607048, "network_penalty_ratio": 1.4134822670460803 }, "geometry": { "type": "Point", "coordinates": [ 485417.336105463735294, 983407.780925765866414 ] } },
{ "type": "Feature", "properties": { "population_density": 0.0, "network_distance_m": 8207.980479393922, "straight_line_distance_m": 6782.7315678256236, "network_penalty_ratio": 1.2101290456973219 }, "geometry": { "type": "Point", "coordinates": [ 486417.336105463735294, 983407.780925765866414 ] } },
{ "type": "Feature", "properties": { "population_density": 0.0, "network_distance_m": 8207.980479393922, "straight_line_distance_m": 6293.8773468201925, "network_penalty_ratio": 1.3041214544069208 }, "geometry": { "type": "Point", "coordinates": [ 485917.336105463735294, 983407.780925765866414 ] } },
{ "type": "Feature", "properties": { "population_density": 0.0, "network_distance_m": 8207.980479393922, "straight_line_distance_m": 6421.4264204387209, "network_penalty_ratio": 1.2782176329652846 }, "geometry": { "type": "Point", "coordinates": [ 485917.336105463735294, 983907.780925765866414 ] } },
{ "type": "Feature", "properties": { "population_density": 0.0, "network_distance_m": 8207.980479393922, "straight_line_distance_m": 5944.9274014698112, "network_penalty_ratio": 1.3806695902400083 }, "geometry": { "type": "Point", "coordinates": [ 485417.336105463735294, 983907.780925765866414 ] } },
{ "type": "Feature", "properties": { "population_density": 372.33771, "network_distance_m": 7483.4871049739686, "straight_line_distance_m": 6120.7832035646097, "network_penalty_ratio": 1.2226355445191639 }, "geometry": { "type": "Point", "coordinates": [ 485417.336105463735294, 984407.780925765866414 ] } },
{ "type": "Feature", "properties": { "population_density": 214.92329, "network_distance_m": 6591.3447858775489, "straight_line_distance_m": 5472.6233512260596, "network_penalty_ratio": 1.2044214196470979 }, "geometry": { "type": "Point", "coordinates": [ 484917.336105463735294, 983907.780925765866414 ] } },
{ "type": "Feature", "properties": { "population_density": 0.0, "network_distance_m": 5713.9172521071896, "straight_line_distance_m": 4545.8217536173852, "network_penalty_ratio": 1.2569602509293902 }, "geometry": { "type": "Point", "coordinates": [ 483917.336105463735294, 983907.780925765866414 ] } },
{ "type": "Feature", "properties": { "population_density": 302.99655, "network_distance_m": 6591.3447858775489, "straight_line_distance_m": 5213.3363689977787, "network_penalty_ratio": 1.2643237112177133 }, "geometry": { "type": "Point", "coordinates": [ 484417.336105463735294, 984407.780925765866414 ] } },
{ "type": "Feature", "properties": { "population_density": 839.60132, "network_distance_m": 7213.5208816782069, "straight_line_distance_m": 5663.1644476102583, "network_penalty_ratio": 1.2737615070885269 }, "geometry": { "type": "Point", "coordinates": [ 484917.336105463735294, 984407.780925765866414 ] } },
{ "type": "Feature", "properties": { "population_density": 0.0, "network_distance_m": 5572.2789260446061, "straight_line_distance_m": 4773.5019254162962, "network_penalty_ratio": 1.1673356401880259 }, "geometry": { "type": "Point", "coordinates": [ 483917.336105463735294, 984407.780925765866414 ] } },
{ "type": "Feature", "properties": { "population_density": 0.0, "network_distance_m": 7054.6875465718758, "straight_line_distance_m": 5040.6493478762386, "network_penalty_ratio": 1.399559274946234 }, "geometry": { "type": "Point", "coordinates": [ 483917.336105463735294, 984907.780925765866414 ] } },
{ "type": "Feature", "properties": { "population_density": 0.0, "network_distance_m": 7225.944037727545, "straight_line_distance_m": 5459.001860469275, "network_penalty_ratio": 1.3236749542170658 }, "geometry": { "type": "Point", "coordinates": [ 484417.336105463735294, 984907.780925765866414 ] } },
{ "type": "Feature", "properties": { "population_density": 0.0, "network_distance_m": 6751.1211164295601, "straight_line_distance_m": 5890.0981975658824, "network_penalty_ratio": 1.1461814200685994 }, "geometry": { "type": "Point", "coordinates": [ 484917.336105463735294, 984907.780925765866414 ] } },
{ "type": "Feature", "properties": { "population_density": 0.0, "network_distance_m": 7225.944037727545, "straight_line_distance_m": 5737.8154840408606, "network_penalty_ratio": 1.259354550146438 }, "geometry": { "type": "Point", "coordinates": [ 484417.336105463735294, 985407.780925765866414 ] } },
{ "type": "Feature", "properties": { "population_density": 0.0, "network_distance_m": 7054.6875465718758, "straight_line_distance_m": 5341.3454357995979, "network_penalty_ratio": 1.3207697632302247 }, "geometry": { "type": "Point", "coordinates": [ 483917.336105463735294, 985407.780925765866414 ] } },
{ "type": "Feature", "properties": { "population_density": 0.0, "network_distance_m": 7483.4871049739686, "straight_line_distance_m": 6584.5685120135622, "network_penalty_ratio": 1.1365189824238791 }, "geometry": { "type": "Point", "coordinates": [ 485917.336105463735294, 984407.780925765866414 ] } },
{ "type": "Feature", "properties": { "population_density": 0.0, "network_distance_m": 7901.8224723351877, "straight_line_distance_m": 6780.7350416966265, "network_penalty_ratio": 1.1653342039977499 }, "geometry": { "type": "Point", "coordinates": [ 485917.336105463735294, 984907.780925765866414 ] } },
{ "type": "Feature", "properties": { "population_density": 0.0, "network_distance_m": 7901.8224723351877, "straight_line_distance_m": 6331.3357391099316, "network_penalty_ratio": 1.2480498267567843 }, "geometry": { "type": "Point", "coordinates": [ 485417.336105463735294, 984907.780925765866414 ] } },
{ "type": "Feature", "properties": { "population_density": 0.0, "network_distance_m": 8766.2523681815637, "straight_line_distance_m": 7236.775744076529, "network_penalty_ratio": 1.2113477988255954 }, "geometry": { "type": "Point", "coordinates": [ 486417.336105463735294, 984907.780925765866414 ] } },
{ "type": "Feature", "properties": { "population_density": 32.87822, "network_distance_m": 8766.2523681815637, "straight_line_distance_m": 7365.1754772690692, "network_penalty_ratio": 1.1902299402419667 }, "geometry": { "type": "Point", "coordinates": [ 486417.336105463735294, 985407.780925765866414 ] } },
{ "type": "Feature", "properties": { "population_density": 0.0, "network_distance_m": 7901.8224723351877, "straight_line_distance_m": 6573.2516654714173, "network_penalty_ratio": 1.2021177454444061 }, "geometry": { "type": "Point", "coordinates": [ 485417.336105463735294, 985407.780925765866414 ] } },
{ "type": "Feature", "properties": { "population_density": 0.0, "network_distance_m": 7901.8224723351877, "straight_line_distance_m": 7007.1529826302931, "network_penalty_ratio": 1.127679457252132 }, "geometry": { "type": "Point", "coordinates": [ 485917.336105463735294, 985407.780925765866414 ] } },
{ "type": "Feature", "properties": { "population_density": 0.0, "network_distance_m": 8766.2523681815637, "straight_line_distance_m": 6976.5427737379096, "network_penalty_ratio": 1.2565324477305195 }, "geometry": { "type": "Point", "coordinates": [ 485917.336105463735294, 985907.780925765866414 ] } },
{ "type": "Feature", "properties": { "population_density": 32.848953, "network_distance_m": 8766.2523681815637, "straight_line_distance_m": 6872.2684294991623, "network_penalty_ratio": 1.2755980733454022 }, "geometry": { "type": "Point", "coordinates": [ 486417.336105463735294, 985907.780925765866414 ] } },
{ "type": "Feature", "properties": { "population_density": 0.0, "network_distance_m": 8115.8377889099684, "straight_line_distance_m": 6843.2055846594885, "network_penalty_ratio": 1.1859701843684716 }, "geometry": { "type": "Point", "coordinates": [ 485417.336105463735294, 985907.780925765866414 ] } },
{ "type": "Feature", "properties": { "population_density": 0.0, "network_distance_m": 8115.8377889099684, "straight_line_distance_m": 6640.6692687276354, "network_penalty_ratio": 1.2221415433425098 }, "geometry": { "type": "Point", "coordinates": [ 485417.336105463735294, 986407.780925765866414 ] } },
{ "type": "Feature", "properties": { "population_density": 0.0, "network_distance_m": 8766.2523681815637, "straight_line_distance_m": 6492.6429618391821, "network_penalty_ratio": 1.3501824171921402 }, "geometry": { "type": "Point", "coordinates": [ 485917.336105463735294, 986407.780925765866414 ] } },
{ "type": "Feature", "properties": { "population_density": 0.0, "network_distance_m": 8008.0595300399791, "straight_line_distance_m": 6170.9603703758185, "network_penalty_ratio": 1.2977006899093535 }, "geometry": { "type": "Point", "coordinates": [ 485417.336105463735294, 986907.780925765866414 ] } },
{ "type": "Feature", "properties": { "population_density": 845.30383, "network_distance_m": 4546.0586960702431, "straight_line_distance_m": 3189.4556323452593, "network_penalty_ratio": 1.4253400015874969 }, "geometry": { "type": "Point", "coordinates": [ 481417.336105463735294, 985407.780925765866414 ] } },
{ "type": "Feature", "properties": { "population_density": 4464.0757, "network_distance_m": 4108.6304556840505, "straight_line_distance_m": 2761.4647804026572, "network_penalty_ratio": 1.4878445978532304 }, "geometry": { "type": "Point", "coordinates": [ 480917.336105463735294, 985407.780925765866414 ] } },
{ "type": "Feature", "properties": { "population_density": 20.365522, "network_distance_m": 5625.8026058300438, "straight_line_distance_m": 3635.8722100747023, "network_penalty_ratio": 1.5473048228266681 }, "geometry": { "type": "Point", "coordinates": [ 481917.336105463735294, 985407.780925765866414 ] } },
{ "type": "Feature", "properties": { "population_density": 0.0, "network_distance_m": 4500.6223150553951, "straight_line_distance_m": 3457.6753517091129, "network_penalty_ratio": 1.3016324140526259 }, "geometry": { "type": "Point", "coordinates": [ 481417.336105463735294, 985907.780925765866414 ] } },
{ "type": "Feature", "properties": { "population_density": 4106.0454, "network_distance_m": 4005.444706403046, "straight_line_distance_m": 2713.2342035341385, "network_penalty_ratio": 1.476262056989305 }, "geometry": { "type": "Point", "coordinates": [ 480417.336105463735294, 985907.780925765866414 ] } },
{ "type": "Feature", "properties": { "population_density": 2808.7981, "network_distance_m": 4538.2451650634803, "straight_line_distance_m": 3067.3407604180752, "network_penalty_ratio": 1.4795373320194534 }, "geometry": { "type": "Point", "coordinates": [ 480917.336105463735294, 985907.780925765866414 ] } },
{ "type": "Feature", "properties": { "population_density": 1240.2828, "network_distance_m": 5330.9996075683475, "straight_line_distance_m": 3773.3818313198276, "network_penalty_ratio": 1.4127909249257469 }, "geometry": { "type": "Point", "coordinates": [ 481417.336105463735294, 986407.780925765866414 ] } },
{ "type": "Feature", "properties": { "population_density": 0.0, "network_distance_m": 4757.3295246979615, "straight_line_distance_m": 3419.2793023735239, "network_penalty_ratio": 1.3913252191465078 }, "geometry": { "type": "Point", "coordinates": [ 480917.336105463735294, 986407.780925765866414 ] } },
{ "type": "Feature", "properties": { "population_density": 179.25879, "network_distance_m": 5653.9232601176755, "straight_line_distance_m": 4157.5653864045453, "network_penalty_ratio": 1.3599120481920255 }, "geometry": { "type": "Point", "coordinates": [ 481917.336105463735294, 986407.780925765866414 ] } },
{ "type": "Feature", "properties": { "population_density": 0.0, "network_distance_m": 5958.7223696168139, "straight_line_distance_m": 4125.6880701347764, "network_penalty_ratio": 1.444297840341128 }, "geometry": { "type": "Point", "coordinates": [ 481417.336105463735294, 986907.780925765866414 ] } },
{ "type": "Feature", "properties": { "population_density": 2575.9163, "network_distance_m": 6452.7812505840184, "straight_line_distance_m": 5424.5892410497763, "network_penalty_ratio": 1.1895428324330166 }, "geometry": { "type": "Point", "coordinates": [ 483417.336105463735294, 986407.780925765866414 ] } },
{ "type": "Feature", "properties": { "population_density": 166.63365, "network_distance_m": 6105.2919500255075, "straight_line_distance_m": 4987.9082726949164, "network_penalty_ratio": 1.224018489563538 }, "geometry": { "type": "Point", "coordinates": [ 482917.336105463735294, 986407.780925765866414 ] } },
{ "type": "Feature", "properties": { "population_density": 0.0, "network_distance_m": 5667.2103294707285, "straight_line_distance_m": 4564.2402916064557, "network_penalty_ratio": 1.2416546823559251 }, "geometry": { "type": "Point", "coordinates": [ 482417.336105463735294, 986407.780925765866414 ] } },
{ "type": "Feature", "properties": { "population_density": 57.643879, "network_distance_m": 7000.4160493956279, "straight_line_distance_m": 5259.4791133662866, "network_penalty_ratio": 1.3310093829643652 }, "geometry": { "type": "Point", "coordinates": [ 482917.336105463735294, 986907.780925765866414 ] } },
{ "type": "Feature", "properties": { "population_density": 821.56293, "network_distance_m": 6508.2058993589426, "straight_line_distance_m": 4859.5453539031423, "network_penalty_ratio": 1.3392623024151038 }, "geometry": { "type": "Point", "coordinates": [ 482417.336105463735294, 986907.780925765866414 ] } },
{ "type": "Feature", "properties": { "population_density": 0.0, "network_distance_m": 6019.6474195998089, "straight_line_distance_m": 4479.7590950124777, "network_penalty_ratio": 1.3437435567242355 }, "geometry": { "type": "Point", "coordinates": [ 481917.336105463735294, 986907.780925765866414 ] } },
{ "type": "Feature", "properties": { "population_density": 497.29956, "network_distance_m": 6438.291597992471, "straight_line_distance_m": 4832.3010208869291, "network_penalty_ratio": 1.3323448953539685 }, "geometry": { "type": "Point", "coordinates": [ 481917.336105463735294, 987407.780925765866414 ] } },
{ "type": "Feature", "properties": { "population_density": 0.0, "network_distance_m": 6618.9928964886913, "straight_line_distance_m": 5186.3351852497399, "network_penalty_ratio": 1.2762370074563478 }, "geometry": { "type": "Point", "coordinates": [ 482417.336105463735294, 987407.780925765866414 ] } },
{ "type": "Feature", "properties": { "population_density": 763.25073, "network_distance_m": 7489.7233081582071, "straight_line_distance_m": 5899.9109248957884, "network_penalty_ratio": 1.2694637941996556 }, "geometry": { "type": "Point", "coordinates": [ 483417.336105463735294, 987407.780925765866414 ] } },
{ "type": "Feature", "properties": { "population_density": 0.0, "network_distance_m": 7264.6915108595276, "straight_line_distance_m": 5562.8241164946121, "network_penalty_ratio": 1.3059358625627984 }, "geometry": { "type": "Point", "coordinates": [ 482917.336105463735294, 987407.780925765866414 ] } },
{ "type": "Feature", "properties": { "population_density": 0.0, "network_distance_m": 5394.7750692649097, "straight_line_distance_m": 3804.5187021169722, "network_penalty_ratio": 1.4179914705802501 }, "geometry": { "type": "Point", "coordinates": [ 480917.336105463735294, 986907.780925765866414 ] } },
{ "type": "Feature", "properties": { "population_density": 1396.0742, "network_distance_m": 6462.2716494217757, "straight_line_distance_m": 4506.0174943258107, "network_penalty_ratio": 1.4341426009906468 }, "geometry": { "type": "Point", "coordinates": [ 481417.336105463735294, 987407.780925765866414 ] } },
{ "type": "Feature", "properties": { "population_density": 0.0, "network_distance_m": 5712.7684861140988, "straight_line_distance_m": 4213.9357092717555, "network_penalty_ratio": 1.3556847755281414 }, "geometry": { "type": "Point", "coordinates": [ 480917.336105463735294, 987407.780925765866414 ] } },
{ "type": "Feature", "properties": { "population_density": 73.763184, "network_distance_m": 7516.9024952195441, "straight_line_distance_m": 5209.0329969758013, "network_penalty_ratio": 1.4430514261636695 }, "geometry": { "type": "Point", "coordinates": [ 481917.336105463735294, 987907.780925765866414 ] } },
{ "type": "Feature", "properties": { "population_density": 1423.9308, "network_distance_m": 6795.7855585248672, "straight_line_distance_m": 4907.8595401955108, "network_penalty_ratio": 1.3846740117289804 }, "geometry": { "type": "Point", "coordinates": [ 481417.336105463735294, 987907.780925765866414 ] } },
{ "type": "Feature", "properties": { "population_density": 522.07635, "network_distance_m": 6346.0148728415634, "straight_line_distance_m": 4641.1362583955115, "network_penalty_ratio": 1.3673407802587219 }, "geometry": { "type": "Point", "coordinates": [ 480917.336105463735294, 987907.780925765866414 ] } },
{ "type": "Feature", "properties": { "population_density": 1353.4836, "network_distance_m": 5811.1427134954565, "straight_line_distance_m": 4415.1111278991484, "network_penalty_ratio": 1.3161939858715594 }, "geometry": { "type": "Point", "coordinates": [ 480417.336105463735294, 987907.780925765866414 ] } },
{ "type": "Feature", "properties": { "population_density": 944.60687, "network_distance_m": 6755.8156119166351, "straight_line_distance_m": 5136.4035647079327, "network_penalty_ratio": 1.3152813105137673 }, "geometry": { "type": "Point", "coordinates": [ 481917.336105463735294, 988407.780925765866414 ] } },
{ "type": "Feature", "properties": { "population_density": 452.6055, "network_distance_m": 6602.609744770104, "straight_line_distance_m": 4979.1361088201593, "network_penalty_ratio": 1.3260552835810384 }, "geometry": { "type": "Point", "coordinates": [ 480917.336105463735294, 988407.780925765866414 ] } },
{ "type": "Feature", "properties": { "population_density": 1184.524, "network_distance_m": 6569.5455064223561, "straight_line_distance_m": 5307.8920255138491, "network_penalty_ratio": 1.2376938857919531 }, "geometry": { "type": "Point", "coordinates": [ 481417.336105463735294, 988407.780925765866414 ] } },
{ "type": "Feature", "properties": { "population_density": 5042.3442, "network_distance_m": 5265.9558453212821, "straight_line_distance_m": 3525.2550343859107, "network_penalty_ratio": 1.4937801078095891 }, "geometry": { "type": "Point", "coordinates": [ 480417.336105463735294, 986907.780925765866414 ] } },
{ "type": "Feature", "properties": { "population_density": 1917.2654, "network_distance_m": 5068.2839190516452, "straight_line_distance_m": 3298.5578000345249, "network_penalty_ratio": 1.5365151154842875 }, "geometry": { "type": "Point", "coordinates": [ 479917.336105463735294, 986907.780925765866414 ] } },
{ "type": "Feature", "properties": { "population_density": 0.0, "network_distance_m": 5274.5829026417623, "straight_line_distance_m": 3963.6239307710625, "network_penalty_ratio": 1.3307475670669071 }, "geometry": { "type": "Point", "coordinates": [ 480417.336105463735294, 987407.780925765866414 ] } },
{ "type": "Feature", "properties": { "population_density": 0.0, "network_distance_m": 4877.0006457834197, "straight_line_distance_m": 3621.662003830816, "network_penalty_ratio": 1.3466194914447478 }, "geometry": { "type": "Point", "coordinates": [ 479417.336105463735294, 987407.780925765866414 ] } },
{ "type": "Feature", "properties": { "population_density": 338.73383, "network_distance_m": 5053.5490899238785, "straight_line_distance_m": 3763.425988017626, "network_penalty_ratio": 1.3428054931899487 }, "geometry": { "type": "Point", "coordinates": [ 479917.336105463735294, 987407.780925765866414 ] } },
{ "type": "Feature", "properties": { "population_density": 0.0, "network_distance_m": 4309.0629169871763, "straight_line_distance_m": 3832.5448910082109, "network_penalty_ratio": 1.1243346234761544 }, "geometry": { "type": "Point", "coordinates": [ 479417.336105463735294, 987907.780925765866414 ] } },
{ "type": "Feature", "properties": { "population_density": 106.00772, "network_distance_m": 5745.6857288879464, "straight_line_distance_m": 4236.3034327588348, "network_penalty_ratio": 1.3562970217046391 }, "geometry": { "type": "Point", "coordinates": [ 479917.336105463735294, 987907.780925765866414 ] } },
{ "type": "Feature", "properties": { "population_density": 3817.9214, "network_distance_m": 7071.1095149257771, "straight_line_distance_m": 4563.7572608424425, "network_penalty_ratio": 1.5494052621064451 }, "geometry": { "type": "Point", "coordinates": [ 480417.336105463735294, 988407.780925765866414 ] } },
{ "type": "Feature", "properties": { "population_density": 50.687313, "network_distance_m": 6130.8825303661051, "straight_line_distance_m": 4090.8590029206634, "network_penalty_ratio": 1.4986785235054469 }, "geometry": { "type": "Point", "coordinates": [ 479917.336105463735294, 988407.780925765866414 ] } },
{ "type": "Feature", "properties": { "population_density": 897.15308, "network_distance_m": 5270.1341767034064, "straight_line_distance_m": 3621.3860018689638, "network_penalty_ratio": 1.4552809819178456 }, "geometry": { "type": "Point", "coordinates": [ 479417.336105463735294, 988407.780925765866414 ] } },
{ "type": "Feature", "properties": { "population_density": 0.0, "network_distance_m": 7187.2877959345651, "straight_line_distance_m": 6103.7692894248084, "network_penalty_ratio": 1.1775162944620181 }, "geometry": { "type": "Point", "coordinates": [ 483917.336105463735294, 986907.780925765866414 ] } },
{ "type": "Feature", "properties": { "population_density": 0.0, "network_distance_m": 7948.4389480412774, "straight_line_distance_m": 5901.0360356608207, "network_penalty_ratio": 1.3469565174670519 }, "geometry": { "type": "Point", "coordinates": [ 483917.336105463735294, 987407.780925765866414 ] } },
{ "type": "Feature", "properties": { "population_density": 0.0, "network_distance_m": 8970.2230536167735, "straight_line_distance_m": 5852.4865111701192, "network_penalty_ratio": 1.5327199877344626 }, "geometry": { "type": "Point", "coordinates": [ 484417.336105463735294, 987407.780925765866414 ] } },
{ "type": "Feature", "properties": { "population_density": 0.0, "network_distance_m": 7286.0028587294846, "straight_line_distance_m": 5406.3415697459695, "network_penalty_ratio": 1.3476771241207084 }, "geometry": { "type": "Point", "coordinates": [ 483917.336105463735294, 987907.780925765866414 ] } },
{ "type": "Feature", "properties": { "population_density": 0.0, "network_distance_m": 7028.7163583477704, "straight_line_distance_m": 4912.7214498034646, "network_penalty_ratio": 1.4307174608136917 }, "geometry": { "type": "Point", "coordinates": [ 483917.336105463735294, 988407.780925765866414 ] } },
{ "type": "Feature", "properties": { "population_density": 0.0, "network_distance_m": 5971.8531754293926, "straight_line_distance_m": 4854.2974890935238, "network_penalty_ratio": 1.2302198595876657 }, "geometry": { "type": "Point", "coordinates": [ 484417.336105463735294, 988407.780925765866414 ] } },
{ "type": "Feature", "properties": { "population_density": 0.0, "network_distance_m": 8667.2828971127619, "straight_line_distance_m": 4420.5355917529723, "network_penalty_ratio": 1.9606861470095602 }, "geometry": { "type": "Point", "coordinates": [ 483917.336105463735294, 988907.780925765866414 ] } },
{ "type": "Feature", "properties": { "population_density": 2425.1836, "network_distance_m": 7764.2119492688407, "straight_line_distance_m": 5399.9241650388758, "network_penalty_ratio": 1.4378372199256513 }, "geometry": { "type": "Point", "coordinates": [ 483417.336105463735294, 987907.780925765866414 ] } },
{ "type": "Feature", "properties": { "population_density": 175.55714, "network_distance_m": 7015.7310210218311, "straight_line_distance_m": 5499.2120652061685, "network_penalty_ratio": 1.2757702263221973 }, "geometry": { "type": "Point", "coordinates": [ 482417.336105463735294, 987907.780925765866414 ] } },
{ "type": "Feature", "properties": { "population_density": 3470.3948, "network_distance_m": 7563.9758501251999, "straight_line_distance_m": 5426.8091143083284, "network_penalty_ratio": 1.3938164565586095 }, "geometry": { "type": "Point", "coordinates": [ 482917.336105463735294, 987907.780925765866414 ] } },
{ "type": "Feature", "properties": { "population_density": 0.0, "network_distance_m": 8042.2500699766297, "straight_line_distance_m": 4929.5526399061882, "network_penalty_ratio": 1.6314360870948479 }, "geometry": { "type": "Point", "coordinates": [ 482917.336105463735294, 988407.780925765866414 ] } },
{ "type": "Feature", "properties": { "population_density": 0.0, "network_distance_m": 8550.7497017542937, "straight_line_distance_m": 4899.9401072499786, "network_penalty_ratio": 1.7450722895781026 }, "geometry": { "type": "Point", "coordinates": [ 483417.336105463735294, 988407.780925765866414 ] } },
{ "type": "Feature", "properties": { "population_density": 0.0, "network_distance_m": 6658.501283188587, "straight_line_distance_m": 5009.1481715532445, "network_penalty_ratio": 1.3292681819639423 }, "geometry": { "type": "Point", "coordinates": [ 482417.336105463735294, 988407.780925765866414 ] } },
{ "type": "Feature", "properties": { "population_density": 0.0, "network_distance_m": 8496.6232300804204, "straight_line_distance_m": 4432.9134094940537, "network_penalty_ratio": 1.9167131060767042 }, "geometry": { "type": "Point", "coordinates": [ 482917.336105463735294, 988907.780925765866414 ] } },
{ "type": "Feature", "properties": { "population_density": 0.0, "network_distance_m": 7890.3157696903945, "straight_line_distance_m": 4399.9596726678137, "network_penalty_ratio": 1.7932700198832241 }, "geometry": { "type": "Point", "coordinates": [ 483417.336105463735294, 988907.780925765866414 ] } },
{ "type": "Feature", "properties": { "population_density": 933.15228, "network_distance_m": 6172.7316509568955, "straight_line_distance_m": 4521.2606064062866, "network_penalty_ratio": 1.36526782866942 }, "geometry": { "type": "Point", "coordinates": [ 482417.336105463735294, 988907.780925765866414 ] } },
{ "type": "Feature", "properties": { "population_density": 490.81201, "network_distance_m": 8260.1723280607566, "straight_line_distance_m": 3899.9842547847775, "network_penalty_ratio": 2.1180014554998756 }, "geometry": { "type": "Point", "coordinates": [ 483417.336105463735294, 989407.780925765866414 ] } },
{ "type": "Feature", "properties": { "population_density": 0.0, "network_distance_m": 5964.8806832182099, "straight_line_distance_m": 4731.753799297564, "network_penalty_ratio": 1.2606067298141559 }, "geometry": { "type": "Point", "coordinates": [ 480917.336105463735294, 988907.780925765866414 ] } },
{ "type": "Feature", "properties": { "population_density": 3480.323, "network_distance_m": 5992.2740117950061, "straight_line_distance_m": 4661.8530270709398, "network_penalty_ratio": 1.2853845835547448 }, "geometry": { "type": "Point", "coordinates": [ 481917.336105463735294, 988907.780925765866414 ] } },
{ "type": "Feature", "properties": { "population_density": 888.60828, "network_distance_m": 6029.7414794400038, "straight_line_distance_m": 4850.1494637773412, "network_penalty_ratio": 1.2432073536026631 }, "geometry": { "type": "Point", "coordinates": [ 481417.336105463735294, 988907.780925765866414 ] } },
{ "type": "Feature", "properties": { "population_density": 1763.8754, "network_distance_m": 4939.3644189368433, "straight_line_distance_m": 4292.5025291666734, "network_penalty_ratio": 1.1506957504101341 }, "geometry": { "type": "Point", "coordinates": [ 480417.336105463735294, 988907.780925765866414 ] } },
{ "type": "Feature", "properties": { "population_density": 0.0, "network_distance_m": 4877.0023490810845, "straight_line_distance_m": 4064.8832197140009, "network_penalty_ratio": 1.1997890432444509 }, "geometry": { "type": "Point", "coordinates": [ 480417.336105463735294, 989407.780925765866414 ] } },
{ "type": "Feature", "properties": { "population_density": 0.0, "network_distance_m": 5372.0451725187067, "straight_line_distance_m": 4526.277901783882, "network_penalty_ratio": 1.1868571239078125 }, "geometry": { "type": "Point", "coordinates": [ 480917.336105463735294, 989407.780925765866414 ] } },
{ "type": "Feature", "properties": { "population_density": 1116.623, "network_distance_m": 5664.152708513182, "straight_line_distance_m": 4193.2214003647132, "network_penalty_ratio": 1.3507878949631735 }, "geometry": { "type": "Point", "coordinates": [ 481917.336105463735294, 989407.780925765866414 ] } },
{ "type": "Feature", "properties": { "population_density": 1892.0839, "network_distance_m": 5386.4644044744118, "straight_line_distance_m": 4401.6112830923357, "network_penalty_ratio": 1.2237483180682351 }, "geometry": { "type": "Point", "coordinates": [ 481417.336105463735294, 989407.780925765866414 ] } },
{ "type": "Feature", "properties": { "population_density": 0.0, "network_distance_m": 4872.1436429930809, "straight_line_distance_m": 3888.5695592238844, "network_penalty_ratio": 1.2529398198461201 }, "geometry": { "type": "Point", "coordinates": [ 480417.336105463735294, 989907.780925765866414 ] } },
{ "type": "Feature", "properties": { "population_density": 2940.6348, "network_distance_m": 5153.2719372039555, "straight_line_distance_m": 3965.4021175552775, "network_penalty_ratio": 1.2995584771566662 }, "geometry": { "type": "Point", "coordinates": [ 481417.336105463735294, 989907.780925765866414 ] } },
{ "type": "Feature", "properties": { "population_density": 0.0, "network_distance_m": 5806.1019568658194, "straight_line_distance_m": 4347.3991140078288, "network_penalty_ratio": 1.3355346046232284 }, "geometry": { "type": "Point", "coordinates": [ 484917.336105463735294, 988907.780925765866414 ] } },
{ "type": "Feature", "properties": { "population_density": 0.0, "network_distance_m": 6057.6420835437293, "straight_line_distance_m": 4355.5145490763116, "network_penalty_ratio": 1.3907982662641762 }, "geometry": { "type": "Point", "coordinates": [ 484417.336105463735294, 988907.780925765866414 ] } },
{ "type": "Feature", "properties": { "population_density": 429.71829, "network_distance_m": 5055.8545744578405, "straight_line_distance_m": 3857.0467798318405, "network_penalty_ratio": 1.3108097627683597 }, "geometry": { "type": "Point", "coordinates": [ 484417.336105463735294, 989407.780925765866414 ] } },
{ "type": "Feature", "properties": { "population_density": 327.83807, "network_distance_m": 5213.347422367583, "straight_line_distance_m": 3847.8801866835456, "network_penalty_ratio": 1.3548622018974352 }, "geometry": { "type": "Point", "coordinates": [ 484917.336105463735294, 989407.780925765866414 ] } },
{ "type": "Feature", "properties": { "population_density": 710.94452, "network_distance_m": 4885.5241252284986, "straight_line_distance_m": 3926.6781142079917, "network_penalty_ratio": 1.2441875761476582 }, "geometry": { "type": "Point", "coordinates": [ 483917.336105463735294, 989407.780925765866414 ] } },
{ "type": "Feature", "properties": { "population_density": 0.0, "network_distance_m": 3932.0196362961933, "straight_line_distance_m": 3348.5048612279988, "network_penalty_ratio": 1.1742612895160025 }, "geometry": { "type": "Point", "coordinates": [ 484917.336105463735294, 989907.780925765866414 ] } },
{ "type": "Feature", "properties": { "population_density": 1060.6552, "network_distance_m": 4176.6683910165448, "straight_line_distance_m": 3430.6024367545351, "network_penalty_ratio": 1.2174737434652478 }, "geometry": { "type": "Point", "coordinates": [ 483917.336105463735294, 989907.780925765866414 ] } },
{ "type": "Feature", "properties": { "population_density": 38.668365, "network_distance_m": 4821.7045726380156, "straight_line_distance_m": 3359.0344946735677, "network_penalty_ratio": 1.4354436015122229 }, "geometry": { "type": "Point", "coordinates": [ 484417.336105463735294, 989907.780925765866414 ] } },
{ "type": "Feature", "properties": { "population_density": 504.793, "network_distance_m": 3225.0531889815916, "straight_line_distance_m": 2849.348641402677, "network_penalty_ratio": 1.131856292388973 }, "geometry": { "type": "Point", "coordinates": [ 484917.336105463735294, 990407.780925765866414 ] } },
{ "type": "Feature", "properties": { "population_density": 1933.1031, "network_distance_m": 3747.3754884752634, "straight_line_distance_m": 2935.858502300865, "network_penalty_ratio": 1.276415564829982 }, "geometry": { "type": "Point", "coordinates": [ 483917.336105463735294, 990407.780925765866414 ] } },
{ "type": "Feature", "properties": { "population_density": 1331.3589, "network_distance_m": 5869.4168531839396, "straight_line_distance_m": 4036.338630182986, "network_penalty_ratio": 1.4541438147170154 }, "geometry": { "type": "Point", "coordinates": [ 482417.336105463735294, 989407.780925765866414 ] } },
{ "type": "Feature", "properties": { "population_density": 1279.7224, "network_distance_m": 5396.4395162050696, "straight_line_distance_m": 3937.1250123076252, "network_penalty_ratio": 1.3706548558492715 }, "geometry": { "type": "Point", "coordinates": [ 482917.336105463735294, 989407.780925765866414 ] } },
{ "type": "Feature", "properties": { "population_density": 760.13501, "network_distance_m": 4847.6879601514956, "straight_line_distance_m": 3442.5550727627356, "network_penalty_ratio": 1.4081656960279523 }, "geometry": { "type": "Point", "coordinates": [ 482917.336105463735294, 989907.780925765866414 ] } },
{ "type": "Feature", "properties": { "population_density": 439.45523, "network_distance_m": 4710.0393893666333, "straight_line_distance_m": 3400.0160667319351, "network_penalty_ratio": 1.3852991565107164 }, "geometry": { "type": "Point", "coordinates": [ 483417.336105463735294, 989907.780925765866414 ] } },
{ "type": "Feature", "properties": { "population_density": 210.83385, "network_distance_m": 4727.3236305133332, "straight_line_distance_m": 3555.5958156086285, "network_penalty_ratio": 1.3295447164610117 }, "geometry": { "type": "Point", "coordinates": [ 482417.336105463735294, 989907.780925765866414 ] } },
{ "type": "Feature", "properties": { "population_density": 131.01498, "network_distance_m": 4258.42732702388, "straight_line_distance_m": 3283.8346251613916, "network_penalty_ratio": 1.2967849520785748 }, "geometry": { "type": "Point", "coordinates": [ 481917.336105463735294, 990407.780925765866414 ] } },
{ "type": "Feature", "properties": { "population_density": 0.0, "network_distance_m": 4478.0452708840921, "straight_line_distance_m": 2900.058847765235, "network_penalty_ratio": 1.5441222078423831 }, "geometry": { "type": "Point", "coordinates": [ 483417.336105463735294, 990407.780925765866414 ] } },
{ "type": "Feature", "properties": { "population_density": 4924.9521, "network_distance_m": 4701.4619179677447, "straight_line_distance_m": 3080.9890734047908, "network_penalty_ratio": 1.5259586470302455 }, "geometry": { "type": "Point", "coordinates": [ 482417.336105463735294, 990407.780925765866414 ] } },
{ "type": "Feature", "properties": { "population_density": 2761.4399, "network_distance_m": 4328.9399627268385, "straight_line_distance_m": 2949.816518950046, "network_penalty_ratio": 1.4675285513241603 }, "geometry": { "type": "Point", "coordinates": [ 482917.336105463735294, 990407.780925765866414 ] } },
{ "type": "Feature", "properties": { "population_density": 0.0, "network_distance_m": 3199.5719464424192, "straight_line_distance_m": 2400.1194526455442, "network_penalty_ratio": 1.3330886272829772 }, "geometry": { "type": "Point", "coordinates": [ 483417.336105463735294, 990907.780925765866414 ] } },
{ "type": "Feature", "properties": { "population_density": 1634.495, "network_distance_m": 4872.1436429930809, "straight_line_distance_m": 4117.4893707354049, "network_penalty_ratio": 1.1832801992450295 }, "geometry": { "type": "Point", "coordinates": [ 480917.336105463735294, 989907.780925765866414 ] } },
{ "type": "Feature", "properties": { "population_density": 1227.7595, "network_distance_m": 4760.7935655926094, "straight_line_distance_m": 3732.7386432675316, "network_penalty_ratio": 1.2754157257110152 }, "geometry": { "type": "Point", "coordinates": [ 481917.336105463735294, 989907.780925765866414 ] } },
{ "type": "Feature", "properties": { "population_density": 624.46991, "network_distance_m": 4146.7678638972511, "straight_line_distance_m": 3546.0747341783422, "network_penalty_ratio": 1.1693966356459475 }, "geometry": { "type": "Point", "coordinates": [ 481417.336105463735294, 990407.780925765866414 ] } },
{ "type": "Feature", "properties": { "population_density": 906.33173, "network_distance_m": 5017.0401461145048, "straight_line_distance_m": 3618.8818922240944, "network_penalty_ratio": 1.3863508938754365 }, "geometry": { "type": "Point", "coordinates": [ 480917.336105463735294, 990407.780925765866414 ] } },
{ "type": "Feature", "properties": { "population_density": 15.712053, "network_distance_m": 4358.3821536557616, "straight_line_distance_m": 3692.4512528129726, "network_penalty_ratio": 1.1803492734901975 }, "geometry": { "type": "Point", "coordinates": [ 480417.336105463735294, 990407.780925765866414 ] } },
{ "type": "Feature", "properties": { "population_density": 264.20981, "network_distance_m": 3708.1766643846431, "straight_line_distance_m": 3120.7200421722932, "network_penalty_ratio": 1.188243935461583 }, "geometry": { "type": "Point", "coordinates": [ 480917.336105463735294, 990907.780925765866414 ] } },
{ "type": "Feature", "properties": { "population_density": 2083.9099, "network_distance_m": 3650.0639105585651, "straight_line_distance_m": 2851.9821023062154, "network_penalty_ratio": 1.2798340871799272 }, "geometry": { "type": "Point", "coordinates": [ 481917.336105463735294, 990907.780925765866414 ] } },
{ "type": "Feature", "properties": { "population_density": 39.173965, "network_distance_m": 3417.5066982732906, "straight_line_distance_m": 3114.6433948500735, "network_penalty_ratio": 1.0972385165903706 }, "geometry": { "type": "Point", "coordinates": [ 481417.336105463735294, 990907.780925765866414 ] } },
{ "type": "Feature", "properties": { "population_density": 893.45618, "network_distance_m": 4233.1341215065795, "straight_line_distance_m": 3205.7422987739501, "network_penalty_ratio": 1.3204848446880961 }, "geometry": { "type": "Point", "coordinates": [ 480417.336105463735294, 990907.780925765866414 ] } },
{ "type": "Feature", "properties": { "population_density": 6278.7246, "network_distance_m": 3169.3678079896404, "straight_line_distance_m": 2623.2577100552353, "network_penalty_ratio": 1.2081801173560283 }, "geometry": { "type": "Point", "coordinates": [ 480917.336105463735294, 991407.780925765866414 ] } },
{ "type": "Feature", "properties": { "population_density": 189.73843, "network_distance_m": 3385.3661904639889, "straight_line_distance_m": 2151.0328581299073, "network_penalty_ratio": 1.5738328578612242 }, "geometry": { "type": "Point", "coordinates": [ 477917.336105463735294, 985907.780925765866414 ] } },
{ "type": "Feature", "properties": { "population_density": 1506.9895, "network_distance_m": 4311.9800370766188, "straight_line_distance_m": 2043.0080406227285, "network_penalty_ratio": 2.1106035567839889 }, "geometry": { "type": "Point", "coordinates": [ 478417.336105463735294, 985907.780925765866414 ] } },
{ "type": "Feature", "properties": { "population_density": 1127.0232, "network_distance_m": 4144.9414609644336, "straight_line_distance_m": 2804.0853172786583, "network_penalty_ratio": 1.4781795102393906 }, "geometry": { "type": "Point", "coordinates": [ 477417.336105463735294, 986407.780925765866414 ] } },
{ "type": "Feature", "properties": { "population_density": 1195.8379, "network_distance_m": 4185.8048347055828, "straight_line_distance_m": 2541.0181937890488, "network_penalty_ratio": 1.6472943188430713 }, "geometry": { "type": "Point", "coordinates": [ 478417.336105463735294, 986407.780925765866414 ] } },
{ "type": "Feature", "properties": { "population_density": 1656.9675, "network_distance_m": 3939.330531103868, "straight_line_distance_m": 2628.6563038694039, "network_penalty_ratio": 1.4986099648345585 }, "geometry": { "type": "Point", "coordinates": [ 477917.336105463735294, 986407.780925765866414 ] } },
{ "type": "Feature", "properties": { "population_density": 220.89308, "network_distance_m": 3991.8755015323445, "straight_line_distance_m": 3139.0388093708234, "network_penalty_ratio": 1.271687208713568 }, "geometry": { "type": "Point", "coordinates": [ 477417.336105463735294, 986907.780925765866414 ] } },
{ "type": "Feature", "properties": { "population_density": 87.711388, "network_distance_m": 5313.5028541053198, "straight_line_distance_m": 3039.6817379924491, "network_penalty_ratio": 1.748045786403484 }, "geometry": { "type": "Point", "coordinates": [ 478417.336105463735294, 986907.780925765866414 ] } },
{ "type": "Feature", "properties": { "population_density": 1679.0072, "network_distance_m": 4642.0222068203884, "straight_line_distance_m": 3113.3142422489564, "network_penalty_ratio": 1.4910226998053184 }, "geometry": { "type": "Point", "coordinates": [ 477917.336105463735294, 986907.780925765866414 ] } },
{ "type": "Feature", "properties": { "population_density": 243.94418, "network_distance_m": 5240.432707598141, "straight_line_distance_m": 3545.3485262661043, "network_penalty_ratio": 1.4781149635286401 }, "geometry": { "type": "Point", "coordinates": [ 478917.336105463735294, 987407.780925765866414 ] } },
{ "type": "Feature", "properties": { "population_density": 0.0, "network_distance_m": 4072.2284047984767, "straight_line_distance_m": 2983.3356644735945, "network_penalty_ratio": 1.3649916947971108 }, "geometry": { "type": "Point", "coordinates": [ 477917.336105463735294, 987407.780925765866414 ] } },
{ "type": "Feature", "properties": { "population_density": 1076.6755, "network_distance_m": 4888.8398913259616, "straight_line_distance_m": 3052.2049356626026, "network_penalty_ratio": 1.601740379292272 }, "geometry": { "type": "Point", "coordinates": [ 476917.336105463735294, 986407.780925765866414 ] } },
{ "type": "Feature", "properties": { "population_density": 422.00089, "network_distance_m": 4273.5458235980313, "straight_line_distance_m": 2707.6165187192742, "network_penalty_ratio": 1.5783423516781672 }, "geometry": { "type": "Point", "coordinates": [ 476417.336105463735294, 986407.780925765866414 ] } },
{ "type": "Feature", "properties": { "population_density": 1063.4384, "network_distance_m": 4174.9529098652247, "straight_line_distance_m": 2955.1436241732199, "network_penalty_ratio": 1.412774958115032 }, "geometry": { "type": "Point", "coordinates": [ 476917.336105463735294, 986907.780925765866414 ] } },
{ "type": "Feature", "properties": { "population_density": 9988.9785, "network_distance_m": 3610.9834188272234, "straight_line_distance_m": 2797.823599979446, "network_penalty_ratio": 1.2906401314413642 }, "geometry": { "type": "Point", "coordinates": [ 475917.336105463735294, 986907.780925765866414 ] } },
{ "type": "Feature", "properties": { "population_density": 781.75006, "network_distance_m": 4312.3299641688218, "straight_line_distance_m": 2848.1894305412807, "network_penalty_ratio": 1.5140600965397482 }, "geometry": { "type": "Point", "coordinates": [ 476417.336105463735294, 986907.780925765866414 ] } },
{ "type": "Feature", "properties": { "population_density": 1183.4658, "network_distance_m": 3468.4136912187741, "straight_line_distance_m": 2481.7151473186786, "network_penalty_ratio": 1.3975873479944525 }, "geometry": { "type": "Point", "coordinates": [ 476917.336105463735294, 987407.780925765866414 ] } },
{ "type": "Feature", "properties": { "population_density": 1929.0865, "network_distance_m": 3689.6243545245998, "straight_line_distance_m": 2353.3421479220578, "network_penalty_ratio": 1.567823173431218 }, "geometry": { "type": "Point", "coordinates": [ 476417.336105463735294, 987407.780925765866414 ] } },
{ "type": "Feature", "properties": { "population_density": 376.74304, "network_distance_m": 3233.3530213130289, "straight_line_distance_m": 2021.125009832472, "network_penalty_ratio": 1.599778838806728 }, "geometry": { "type": "Point", "coordinates": [ 476917.336105463735294, 987907.780925765866414 ] } },
{ "type": "Feature", "properties": { "population_density": 1143.2791, "network_distance_m": 3437.8091368512992, "straight_line_distance_m": 2281.5865341062295, "network_penalty_ratio": 1.5067625467898369 }, "geometry": { "type": "Point", "coordinates": [ 477417.336105463735294, 987907.780925765866414 ] } },
{ "type": "Feature", "properties": { "population_density": 965.47321, "network_distance_m": 2459.4686434987821, "straight_line_distance_m": 1861.2510572530896, "network_penalty_ratio": 1.3214061767296275 }, "geometry": { "type": "Point", "coordinates": [ 476417.336105463735294, 987907.780925765866414 ] } },
{ "type": "Feature", "properties": { "population_density": 350.63773, "network_distance_m": 4008.2541381709452, "straight_line_distance_m": 2698.0735497157107, "network_penalty_ratio": 1.485598544410802 }, "geometry": { "type": "Point", "coordinates": [ 477417.336105463735294, 987407.780925765866414 ] } },
{ "type": "Feature", "properties": { "population_density": 0.0, "network_distance_m": 3763.352435514254, "straight_line_distance_m": 3319.7865133415835, "network_penalty_ratio": 1.1336127851565347 }, "geometry": { "type": "Point", "coordinates": [ 478417.336105463735294, 987407.780925765866414 ] } },
{ "type": "Feature", "properties": { "population_density": 0.0, "network_distance_m": 3478.9807132555998, "straight_line_distance_m": 2612.7242334122138, "network_penalty_ratio": 1.3315529701778195 }, "geometry": { "type": "Point", "coordinates": [ 477917.336105463735294, 987907.780925765866414 ] } },
{ "type": "Feature", "properties": { "population_density": 18.891504, "network_distance_m": 3755.7542158984852, "straight_line_distance_m": 3401.1335660847803, "network_penalty_ratio": 1.1042654288411045 }, "geometry": { "type": "Point", "coordinates": [ 478917.336105463735294, 987907.780925765866414 ] } },
{ "type": "Feature", "properties": { "population_density": 2407.5337, "network_distance_m": 3383.6619947447907, "straight_line_distance_m": 2991.1567540174165, "network_penalty_ratio": 1.1312218893911867 }, "geometry": { "type": "Point", "coordinates": [ 478417.336105463735294, 987907.780925765866414 ] } },
{ "type": "Feature", "properties": { "population_density": 2726.2485, "network_distance_m": 2858.494660466135, "straight_line_distance_m": 2291.8036898475361, "network_penalty_ratio": 1.2472685479690009 }, "geometry": { "type": "Point", "coordinates": [ 477917.336105463735294, 988407.780925765866414 ] } },
{ "type": "Feature", "properties": { "population_density": 254.1628, "network_distance_m": 3413.3492767993262, "straight_line_distance_m": 2715.3369883024366, "network_penalty_ratio": 1.2570628586815922 }, "geometry": { "type": "Point", "coordinates": [ 478417.336105463735294, 988407.780925765866414 ] } },
{ "type": "Feature", "properties": { "population_density": 1478.985, "network_distance_m": 4211.2878166120827, "straight_line_distance_m": 3161.288624483363, "network_penalty_ratio": 1.3321427800033023 }, "geometry": { "type": "Point", "coordinates": [ 478917.336105463735294, 988407.780925765866414 ] } },
{ "type": "Feature", "properties": { "population_density": 35.261177, "network_distance_m": 3571.6084199182837, "straight_line_distance_m": 1905.6949770501612, "network_penalty_ratio": 1.8741763309083186 }, "geometry": { "type": "Point", "coordinates": [ 477417.336105463735294, 988407.780925765866414 ] } },
{ "type": "Feature", "properties": { "population_density": 7.8709564, "network_distance_m": 3564.9681478026696, "straight_line_distance_m": 2509.799034381575, "network_penalty_ratio": 1.4204197622863031 }, "geometry": { "type": "Point", "coordinates": [ 478417.336105463735294, 988907.780925765866414 ] } },
{ "type": "Feature", "properties": { "population_density": 2520.1331, "network_distance_m": 2794.5778826275232, "straight_line_distance_m": 1828.5416842066188, "network_penalty_ratio": 1.5283096397335101 }, "geometry": { "type": "Point", "coordinates": [ 475917.336105463735294, 987907.780925765866414 ] } },
{ "type": "Feature", "properties": { "population_density": 2600.8647, "network_distance_m": 1585.2310105411884, "straight_line_distance_m": 1330.2634790974746, "network_penalty_ratio": 1.1916669407602607 }, "geometry": { "type": "Point", "coordinates": [ 475917.336105463735294, 988407.780925765866414 ] } },
{ "type": "Feature", "properties": { "population_density": 1776.4878, "network_distance_m": 1787.0213364565243, "straight_line_distance_m": 1374.8788059553042, "network_penalty_ratio": 1.2997664439338361 }, "geometry": { "type": "Point", "coordinates": [ 476417.336105463735294, 988407.780925765866414 ] } },
{ "type": "Feature", "properties": { "population_density": 576.95331, "network_distance_m": 2185.468783344942, "straight_line_distance_m": 1584.608007776576, "network_penalty_ratio": 1.3791857498003288 }, "geometry": { "type": "Point", "coordinates": [ 476917.336105463735294, 988407.780925765866414 ] } },
{ "type": "Feature", "properties": { "population_density": 13711.213, "network_distance_m": 1319.1148402454896, "straight_line_distance_m": 903.50869614211399, "network_penalty_ratio": 1.4599913048739539 }, "geometry": { "type": "Point", "coordinates": [ 476417.336105463735294, 988907.780925765866414 ] } },
{ "type": "Feature", "properties": { "population_density": 7609.6753, "network_distance_m": 1556.680933543696, "straight_line_distance_m": 1198.7571777674527, "network_penalty_ratio": 1.2985790303611238 }, "geometry": { "type": "Point", "coordinates": [ 476917.336105463735294, 988907.780925765866414 ] } },
{ "type": "Feature", "properties": { "population_density": 16065.091, "network_distance_m": 905.19328201337248, "straight_line_distance_m": 834.04865371263384, "network_penalty_ratio": 1.0853003334806066 }, "geometry": { "type": "Point", "coordinates": [ 475917.336105463735294, 988907.780925765866414 ] } },
{ "type": "Feature", "properties": { "population_density": 12212.455, "network_distance_m": 1405.2768841152222, "straight_line_distance_m": 1408.4551151644462, "network_penalty_ratio": 0.99774346302199846 }, "geometry": { "type": "Point", "coordinates": [ 477417.336105463735294, 989407.780925765866414 ] } },
{ "type": "Feature", "properties": { "population_density": 9851.9072, "network_distance_m": 938.46560017080174, "straight_line_distance_m": 929.00753720749094, "network_penalty_ratio": 1.0101808247882906 }, "geometry": { "type": "Point", "coordinates": [ 476917.336105463735294, 989407.780925765866414 ] } },
{ "type": "Feature", "properties": { "population_density": 13778.874, "network_distance_m": 588.57408486615088, "straight_line_distance_m": 492.30498366740295, "network_penalty_ratio": 1.1955476876987834 }, "geometry": { "type": "Point", "coordinates": [ 476417.336105463735294, 989407.780925765866414 ] } },
{ "type": "Feature", "properties": { "population_density": 15575.609, "network_distance_m": 1261.3711148549571, "straight_line_distance_m": 1036.7961947824128, "network_penalty_ratio": 1.2166046916478843 }, "geometry": { "type": "Point", "coordinates": [ 475417.336105463735294, 988907.780925765866414 ] } },
{ "type": "Feature", "properties": { "population_density": 14253.16, "network_distance_m": 948.07403641022597, "straight_line_distance_m": 707.80123089369533, "network_penalty_ratio": 1.3394636728918281 }, "geometry": { "type": "Point", "coordinates": [ 475417.336105463735294, 989407.780925765866414 ] } },
{ "type": "Feature", "properties": { "population_density": 23573.834, "network_distance_m": 847.84756625844329, "straight_line_distance_m": 571.71184064842919, "network_penalty_ratio": 1.4829980874575277 }, "geometry": { "type": "Point", "coordinates": [ 474917.336105463735294, 989407.780925765866414 ] } },
{ "type": "Feature", "properties": { "population_density": 5657.2397, "network_distance_m": 618.35113752003963, "straight_line_distance_m": 260.12708261908205, "network_penalty_ratio": 2.3771117228325056 }, "geometry": { "type": "Point", "coordinates": [ 474417.336105463735294, 989407.780925765866414 ] } },
{ "type": "Feature", "properties": { "population_density": 25527.115, "network_distance_m": 318.1687901124269, "straight_line_distance_m": 255.3269113232603, "network_penalty_ratio": 1.2461232091183867 }, "geometry": { "type": "Point", "coordinates": [ 474917.336105463735294, 989907.780925765866414 ] } },
{ "type": "Feature", "properties": { "population_density": 22768.391, "network_distance_m": 271.41180890211865, "straight_line_distance_m": 240.21104130542614, "network_penalty_ratio": 1.1298889819016313 }, "geometry": { "type": "Point", "coordinates": [ 474417.336105463735294, 989907.780925765866414 ] } },
{ "type": "Feature", "properties": { "population_density": 2554.1545, "network_distance_m": 693.15715505250785, "straight_line_distance_m": 344.17643894599104, "network_penalty_ratio": 2.013958762474382 }, "geometry": { "type": "Point", "coordinates": [ 475417.336105463735294, 989907.780925765866414 ] } },
{ "type": "Feature", "properties": { "population_density": 2360.719, "network_distance_m": 211.8722020510244, "straight_line_distance_m": 295.79692484063435, "network_penalty_ratio": 0.7162758780037155 }, "geometry": { "type": "Point", "coordinates": [ 475417.336105463735294, 990407.780925765866414 ] } },
{ "type": "Feature", "properties": { "population_density": 22762.426, "network_distance_m": 678.47641161254285, "straight_line_distance_m": 391.11767481484617, "network_penalty_ratio": 1.7347117128719161 }, "geometry": { "type": "Point", "coordinates": [ 474417.336105463735294, 990407.780925765866414 ] } },
{ "type": "Feature", "properties": { "population_density": 15512.998, "network_distance_m": 1016.8189938733128, "straight_line_distance_m": 688.29198424642038, "network_penalty_ratio": 1.4773076211058622 }, "geometry": { "type": "Point", "coordinates": [ 475917.336105463735294, 990407.780925765866414 ] } },
{ "type": "Feature", "properties": { "population_density": 3479.3469, "network_distance_m": 1879.602104541787, "straight_line_distance_m": 1599.2840831114258, "network_penalty_ratio": 1.1752771908321622 }, "geometry": { "type": "Point", "coordinates": [ 477417.336105463735294, 988907.780925765866414 ] } },
{ "type": "Feature", "properties": { "population_density": 4203.6816, "network_distance_m": 2270.6799580075599, "straight_line_distance_m": 2044.1135941375958, "network_penalty_ratio": 1.1108384409358383 }, "geometry": { "type": "Point", "coordinates": [ 477917.336105463735294, 988907.780925765866414 ] } },
{ "type": "Feature", "properties": { "population_density": 9.5063591, "network_distance_m": 3461.8894086428477, "straight_line_distance_m": 2986.6004085292784, "network_penalty_ratio": 1.1591404724770733 }, "geometry": { "type": "Point", "coordinates": [ 478917.336105463735294, 988907.780925765866414 ] } },
{ "type": "Feature", "properties": { "population_density": 1891.7549, "network_distance_m": 2941.2035471100162, "straight_line_distance_m": 2380.6745625670665, "network_penalty_ratio": 1.2354496466491141 }, "geometry": { "type": "Point", "coordinates": [ 478417.336105463735294, 989407.780925765866414 ] } },
{ "type": "Feature", "properties": { "population_density": 411.02478, "network_distance_m": 2177.5897006182713, "straight_line_distance_m": 1898.5353877864534, "network_penalty_ratio": 1.146983993359836 }, "geometry": { "type": "Point", "coordinates": [ 477917.336105463735294, 989407.780925765866414 ] } },
{ "type": "Feature", "properties": { "population_density": 3038.2161, "network_distance_m": 3583.4509154634989, "straight_line_distance_m": 2762.5219324230779, "network_penalty_ratio": 1.2971665033335549 }, "geometry": { "type": "Point", "coordinates": [ 478917.336105463735294, 989407.780925765866414 ] } },
{ "type": "Feature", "properties": { "population_density": 574.83752, "network_distance_m": 3763.0709451333578, "straight_line_distance_m": 2495.8415522882674, "network_penalty_ratio": 1.5077363151051211 }, "geometry": { "type": "Point", "coordinates": [ 478917.336105463735294, 989907.780925765866414 ] } },
{ "type": "Feature", "properties": { "population_density": 931.96289, "network_distance_m": 2465.566162471107, "straight_line_distance_m": 1673.7362234233397, "network_penalty_ratio": 1.4730912362213295 }, "geometry": { "type": "Point", "coordinates": [ 477917.336105463735294, 989907.780925765866414 ] } },
{ "type": "Feature", "properties": { "population_density": 2067.5481, "network_distance_m": 3504.0347853577418, "straight_line_distance_m": 2065.2624530223916, "network_penalty_ratio": 1.6966535077562614 }, "geometry": { "type": "Point", "coordinates": [ 478417.336105463735294, 989907.780925765866414 ] } },
{ "type": "Feature", "properties": { "population_density": 2549.0647, "network_distance_m": 1526.3323782521854, "straight_line_distance_m": 967.04421736803477, "network_penalty_ratio": 1.5783480743066152 }, "geometry": { "type": "Point", "coordinates": [ 477417.336105463735294, 990407.780925765866414 ] } },
{ "type": "Feature", "properties": { "population_density": 2188.0125, "network_distance_m": 5050.3488539863401, "straight_line_distance_m": 3868.0307533210807, "network_penalty_ratio": 1.3056640900929044 }, "geometry": { "type": "Point", "coordinates": [ 479917.336105463735294, 988907.780925765866414 ] } },
{ "type": "Feature", "properties": { "population_density": 249.40102, "network_distance_m": 4621.7610430300128, "straight_line_distance_m": 3463.776241960933, "network_penalty_ratio": 1.3343128193562281 }, "geometry": { "type": "Point", "coordinates": [ 479417.336105463735294, 988907.780925765866414 ] } },
{ "type": "Feature", "properties": { "population_density": 875.34363, "network_distance_m": 4212.9111057122809, "straight_line_distance_m": 3613.7735866608768, "network_penalty_ratio": 1.1657927661165421 }, "geometry": { "type": "Point", "coordinates": [ 479917.336105463735294, 989407.780925765866414 ] } },
{ "type": "Feature", "properties": { "population_density": 2902.907, "network_distance_m": 4145.2638522146344, "straight_line_distance_m": 3177.3327621423568, "network_penalty_ratio": 1.3046363609141265 }, "geometry": { "type": "Point", "coordinates": [ 479417.336105463735294, 989407.780925765866414 ] } },
{ "type": "Feature", "properties": { "population_density": 0.0, "network_distance_m": 3690.5579589289155, "straight_line_distance_m": 3414.2432781888865, "network_penalty_ratio": 1.0809299918682427 }, "geometry": { "type": "Point", "coordinates": [ 479917.336105463735294, 989907.780925765866414 ] } },
{ "type": "Feature", "properties": { "population_density": 1640.4449, "network_distance_m": 3424.3665278260887, "straight_line_distance_m": 2948.413320481603, "network_penalty_ratio": 1.1614268949465816 }, "geometry": { "type": "Point", "coordinates": [ 479417.336105463735294, 989907.780925765866414 ] } },
{ "type": "Feature", "properties": { "population_density": 0.0, "network_distance_m": 3914.3272488883513, "straight_line_distance_m": 3279.4442806164834, "network_penalty_ratio": 1.1935946806672135 }, "geometry": { "type": "Point", "coordinates": [ 479917.336105463735294, 990407.780925765866414 ] } },
{ "type": "Feature", "properties": { "population_density": 0.0, "network_distance_m": 3246.5506783273204, "straight_line_distance_m": 2791.2073974184586, "network_penalty_ratio": 1.163134878952385 }, "geometry": { "type": "Point", "coordinates": [ 479417.336105463735294, 990407.780925765866414 ] } },
{ "type": "Feature", "properties": { "population_density": 3811.5662, "network_distance_m": 2602.0700834157328, "straight_line_distance_m": 2219.1485547725406, "network_penalty_ratio": 1.1725533551233758 }, "geometry": { "type": "Point", "coordinates": [ 478917.336105463735294, 990907.780925765866414 ] } },
{ "type": "Feature", "properties": { "population_density": 228.08105, "network_distance_m": 3127.4485361559509, "straight_line_distance_m": 2718.1862265881819, "network_penalty_ratio": 1.1505644850836683 }, "geometry": { "type": "Point", "coordinates": [ 479417.336105463735294, 990907.780925765866414 ] } },
{ "type": "Feature", "properties": { "population_density": 22622.93, "network_distance_m": 395.17766298582291, "straight_line_distance_m": 348.81712930874841, "network_penalty_ratio": 1.132907847068598 }, "geometry": { "type": "Point", "coordinates": [ 475917.336105463735294, 989407.780925765866414 ] } },
{ "type": "Feature", "properties": { "population_density": 17758.967, "network_distance_m": 326.81245458148663, "straight_line_distance_m": 218.42532508510854, "network_penalty_ratio": 1.4962205250428058 }, "geometry": { "type": "Point", "coordinates": [ 475917.336105463735294, 989907.780925765866414 ] } },
{ "type": "Feature", "properties": { "population_density": 4342.9966, "network_distance_m": 1122.2324741166522, "straight_line_distance_m": 888.30807557269623, "network_penalty_ratio": 1.2633370167136484 }, "geometry": { "type": "Point", "coordinates": [ 476917.336105463735294, 989907.780925765866414 ] } },
{ "type": "Feature", "properties": { "population_density": 5291.4297, "network_distance_m": 1819.3358834945675, "straight_line_distance_m": 1355.5356473862212, "network_penalty_ratio": 1.3421527401383047 }, "geometry": { "type": "Point", "coordinates": [ 477417.336105463735294, 989907.780925765866414 ] } },
{ "type": "Feature", "properties": { "population_density": 23208.346, "network_distance_m": 880.87211896567919, "straight_line_distance_m": 410.36621435383927, "network_penalty_ratio": 2.1465512709244261 }, "geometry": { "type": "Point", "coordinates": [ 476417.336105463735294, 989907.780925765866414 ] } },
{ "type": "Feature", "properties": { "population_density": 12522.515, "network_distance_m": 909.56900854671471, "straight_line_distance_m": 712.27972722496486, "network_penalty_ratio": 1.2769828675180566 }, "geometry": { "type": "Point", "coordinates": [ 476417.336105463735294, 990407.780925765866414 ] } },
{ "type": "Feature", "properties": { "population_density": 10162.035, "network_distance_m": 1053.5156678466578, "straight_line_distance_m": 686.4826757321066, "network_penalty_ratio": 1.5346573265277599 }, "geometry": { "type": "Point", "coordinates": [ 476917.336105463735294, 990407.780925765866414 ] } },
{ "type": "Feature", "properties": { "population_density": 1653.5494, "network_distance_m": 1193.5758625759813, "straight_line_distance_m": 800.70218093945584, "network_penalty_ratio": 1.4906614356608481 }, "geometry": { "type": "Point", "coordinates": [ 475917.336105463735294, 990907.780925765866414 ] } },
{ "type": "Feature", "properties": { "population_density": 1705.2676, "network_distance_m": 522.40746589965988, "straight_line_distance_m": 262.59491824954597, "network_penalty_ratio": 1.9894043242802286 }, "geometry": { "type": "Point", "coordinates": [ 476917.336105463735294, 990907.780925765866414 ] } },
{ "type": "Feature", "properties": { "population_density": 1466.259, "network_distance_m": 554.28230404338342, "straight_line_distance_m": 324.09880719595907, "network_penalty_ratio": 1.7102263005499094 }, "geometry": { "type": "Point", "coordinates": [ 476417.336105463735294, 990907.780925765866414 ] } },
{ "type": "Feature", "properties": { "population_density": 367.97711, "network_distance_m": 2904.5894830193206, "straight_line_distance_m": 2308.0127125167405, "network_penalty_ratio": 1.2584807125486113 }, "geometry": { "type": "Point", "coordinates": [ 478917.336105463735294, 990407.780925765866414 ] } },
{ "type": "Feature", "properties": { "population_density": 363.22437, "network_distance_m": 2277.7308617989847, "straight_line_distance_m": 1833.850219312973, "network_penalty_ratio": 1.2420484714680273 }, "geometry": { "type": "Point", "coordinates": [ 478417.336105463735294, 990407.780925765866414 ] } },
{ "type": "Feature", "properties": { "population_density": 3326.6284, "network_distance_m": 1855.491074802316, "straight_line_distance_m": 1378.0749517386917, "network_penalty_ratio": 1.3464369789620494 }, "geometry": { "type": "Point", "coordinates": [ 477917.336105463735294, 990407.780925765866414 ] } },
{ "type": "Feature", "properties": { "population_density": 1167.8612, "network_distance_m": 2116.5076794092583, "straight_line_distance_m": 1720.6697108638868, "network_penalty_ratio": 1.2300487804522551 }, "geometry": { "type": "Point", "coordinates": [ 478417.336105463735294, 990907.780925765866414 ] } },
{ "type": "Feature", "properties": { "population_density": 5535.0361, "network_distance_m": 1115.5420002846124, "straight_line_distance_m": 729.98092122680032, "network_penalty_ratio": 1.5281796658600901 }, "geometry": { "type": "Point", "coordinates": [ 477417.336105463735294, 990907.780925765866414 ] } },
{ "type": "Feature", "properties": { "population_density": 5959.5645, "network_distance_m": 1618.9219451737213, "straight_line_distance_m": 1223.432956732722, "network_penalty_ratio": 1.3232616763056515 }, "geometry": { "type": "Point", "coordinates": [ 477917.336105463735294, 990907.780925765866414 ] } },
{ "type": "Feature", "properties": { "population_density": 0.0, "network_distance_m": 1653.873699395152, "straight_line_distance_m": 1262.7295144368582, "network_penalty_ratio": 1.3097608636579094 }, "geometry": { "type": "Point", "coordinates": [ 477917.336105463735294, 991407.780925765866414 ] } },
{ "type": "Feature", "properties": { "population_density": 0.0, "network_distance_m": 2300.9831923875067, "straight_line_distance_m": 1748.8287168543939, "network_penalty_ratio": 1.3157281614898624 }, "geometry": { "type": "Point", "coordinates": [ 478417.336105463735294, 991407.780925765866414 ] } },
{ "type": "Feature", "properties": { "population_density": 49.704201, "network_distance_m": 2785.161262990945, "straight_line_distance_m": 2169.2118571341498, "network_penalty_ratio": 1.2839507832446369 }, "geometry": { "type": "Point", "coordinates": [ 478917.336105463735294, 991407.780925765866414 ] } },
{ "type": "Feature", "properties": { "population_density": 818.41577, "network_distance_m": 1268.1008905092492, "straight_line_distance_m": 794.08423505652172, "network_penalty_ratio": 1.5969349780870385 }, "geometry": { "type": "Point", "coordinates": [ 477417.336105463735294, 991407.780925765866414 ] } },
{ "type": "Feature", "properties": { "population_density": 37.541286, "network_distance_m": 702.99559987352961, "straight_line_distance_m": 408.23243146602022, "network_penalty_ratio": 1.7220474065447797 }, "geometry": { "type": "Point", "coordinates": [ 476917.336105463735294, 991407.780925765866414 ] } },
{ "type": "Feature", "properties": { "population_density": 431.35132, "network_distance_m": 1360.1148416494239, "straight_line_distance_m": 859.54732829052193, "network_penalty_ratio": 1.5823617814675042 }, "geometry": { "type": "Point", "coordinates": [ 475917.336105463735294, 991407.780925765866414 ] } },
{ "type": "Feature", "properties": { "population_density": 357.07126, "network_distance_m": 986.49916558850612, "straight_line_distance_m": 450.26399349272492, "network_penalty_ratio": 2.19093505109341 }, "geometry": { "type": "Point", "coordinates": [ 476417.336105463735294, 991407.780925765866414 ] } },
{ "type": "Feature", "properties": { "population_density": 578.29224, "network_distance_m": 958.36693375322898, "straight_line_distance_m": 874.27189427021619, "network_penalty_ratio": 1.0961886571376169 }, "geometry": { "type": "Point", "coordinates": [ 476917.336105463735294, 991907.780925765866414 ] } },
{ "type": "Feature", "properties": { "population_density": 1457.6517, "network_distance_m": 1033.3599148869964, "straight_line_distance_m": 868.01304650020109, "network_penalty_ratio": 1.1904889207062823 }, "geometry": { "type": "Point", "coordinates": [ 475917.336105463735294, 991907.780925765866414 ] } },
{ "type": "Feature", "properties": { "population_density": 20.986412, "network_distance_m": 958.36693375322898, "straight_line_distance_m": 1108.2722586871307, "network_penalty_ratio": 0.86473962173204544 }, "geometry": { "type": "Point", "coordinates": [ 477417.336105463735294, 991907.780925765866414 ] } },
{ "type": "Feature", "properties": { "population_density": 150.59515, "network_distance_m": 1098.6047860698559, "straight_line_distance_m": 894.6704928889684, "network_penalty_ratio": 1.2279434661160737 }, "geometry": { "type": "Point", "coordinates": [ 476417.336105463735294, 991907.780925765866414 ] } },
{ "type": "Feature", "properties": { "population_density": 3521.7312, "network_distance_m": 1347.6523295418119, "straight_line_distance_m": 610.48773955302102, "network_penalty_ratio": 2.207501055678069 }, "geometry": { "type": "Point", "coordinates": [ 475917.336105463735294, 992407.780925765866414 ] } },
{ "type": "Feature", "properties": { "population_density": 1968.5079, "network_distance_m": 1269.0078391956627, "straight_line_distance_m": 772.06754679275809, "network_penalty_ratio": 1.643648725383215 }, "geometry": { "type": "Point", "coordinates": [ 476417.336105463735294, 992407.780925765866414 ] } },
{ "type": "Feature", "properties": { "population_density": 950.16132, "network_distance_m": 1316.7348000753041, "straight_line_distance_m": 1053.2048968332529, "network_penalty_ratio": 1.2502171268234943 }, "geometry": { "type": "Point", "coordinates": [ 476917.336105463735294, 992407.780925765866414 ] } },
{ "type": "Feature", "properties": { "population_density": 0.0, "network_distance_m": 6488.9995246240842, "straight_line_distance_m": 4835.3722467641237, "network_penalty_ratio": 1.3419855170336852 }, "geometry": { "type": "Point", "coordinates": [ 488417.336105463735294, 987907.780925765866414 ] } },
{ "type": "Feature", "properties": { "population_density": 2401.6746, "network_distance_m": 5219.9773786138203, "straight_line_distance_m": 4343.1657026760968, "network_penalty_ratio": 1.2018830815958657 }, "geometry": { "type": "Point", "coordinates": [ 488417.336105463735294, 988407.780925765866414 ] } },
{ "type": "Feature", "properties": { "population_density": 0.0, "network_distance_m": 6177.6052921916389, "straight_line_distance_m": 4431.6352679024712, "network_penalty_ratio": 1.39397872765724 }, "geometry": { "type": "Point", "coordinates": [ 486417.336105463735294, 988407.780925765866414 ] } },
{ "type": "Feature", "properties": { "population_density": 0.0, "network_distance_m": 6234.6311334740321, "straight_line_distance_m": 4591.6736441542498, "network_penalty_ratio": 1.3578123396055084 }, "geometry": { "type": "Point", "coordinates": [ 485917.336105463735294, 988407.780925765866414 ] } },
{ "type": "Feature", "properties": { "population_density": 0.0, "network_distance_m": 6106.4314250361431, "straight_line_distance_m": 4360.023637235211, "network_penalty_ratio": 1.4005500733726224 }, "geometry": { "type": "Point", "coordinates": [ 485417.336105463735294, 988907.780925765866414 ] } },
{ "type": "Feature", "properties": { "population_density": 340.62769, "network_distance_m": 4971.0528383905157, "straight_line_distance_m": 3952.4239023467903, "network_penalty_ratio": 1.2577225928218136 }, "geometry": { "type": "Point", "coordinates": [ 486417.336105463735294, 988907.780925765866414 ] } },
{ "type": "Feature", "properties": { "population_density": 0.0, "network_distance_m": 6733.4923333978277, "straight_line_distance_m": 4131.0689186390964, "network_penalty_ratio": 1.629963688820774 }, "geometry": { "type": "Point", "coordinates": [ 485917.336105463735294, 988907.780925765866414 ] } },
{ "type": "Feature", "properties": { "population_density": 0.0, "network_distance_m": 6348.4777064090213, "straight_line_distance_m": 4777.5412579569092, "network_penalty_ratio": 1.3288169298037449 }, "geometry": { "type": "Point", "coordinates": [ 487917.336105463735294, 987907.780925765866414 ] } },
{ "type": "Feature", "properties": { "population_density": 0.0, "network_distance_m": 5664.8085328227144, "straight_line_distance_m": 4771.6848364266734, "network_penalty_ratio": 1.1871715603633342 }, "geometry": { "type": "Point", "coordinates": [ 487417.336105463735294, 987907.780925765866414 ] } },
{ "type": "Feature", "properties": { "population_density": 0.0, "network_distance_m": 5209.6516726635746, "straight_line_distance_m": 4323.8079792022727, "network_penalty_ratio": 1.2048758172708531 }, "geometry": { "type": "Point", "coordinates": [ 486917.336105463735294, 988407.780925765866414 ] } },
{ "type": "Feature", "properties": { "population_density": 415.71796, "network_distance_m": 5783.4988927604791, "straight_line_distance_m": 4278.6871850610578, "network_penalty_ratio": 1.3516993981129162 }, "geometry": { "type": "Point", "coordinates": [ 487917.336105463735294, 988407.780925765866414 ] } },
{ "type": "Feature", "properties": { "population_density": 0.0, "network_distance_m": 5738.1661783086838, "straight_line_distance_m": 4272.146970120466, "network_penalty_ratio": 1.3431574846187651 }, "geometry": { "type": "Point", "coordinates": [ 487417.336105463735294, 988407.780925765866414 ] } },
{ "type": "Feature", "properties": { "population_density": 1158.6987, "network_distance_m": 6052.5304881947313, "straight_line_distance_m": 3780.135921330203, "network_penalty_ratio": 1.6011409679853228 }, "geometry": { "type": "Point", "coordinates": [ 487917.336105463735294, 988907.780925765866414 ] } },
{ "type": "Feature", "properties": { "population_density": 620.66718, "network_distance_m": 4384.933850299064, "straight_line_distance_m": 3772.7315423224463, "network_penalty_ratio": 1.1622703076296157 }, "geometry": { "type": "Point", "coordinates": [ 487417.336105463735294, 988907.780925765866414 ] } },
{ "type": "Feature", "properties": { "population_density": 226.7933, "network_distance_m": 7326.0626490240666, "straight_line_distance_m": 4463.0721049741278, "network_penalty_ratio": 1.6414842683942108 }, "geometry": { "type": "Point", "coordinates": [ 488917.336105463735294, 988407.780925765866414 ] } },
{ "type": "Feature", "properties": { "population_density": 222.69627, "network_distance_m": 5503.2321784039668, "straight_line_distance_m": 3987.6404264080052, "network_penalty_ratio": 1.3800723209542691 }, "geometry": { "type": "Point", "coordinates": [ 488917.336105463735294, 988907.780925765866414 ] } },
{ "type": "Feature", "properties": { "population_density": 679.60248, "network_distance_m": 5200.1921497594867, "straight_line_distance_m": 3852.9666332615934, "network_penalty_ratio": 1.3496592741986575 }, "geometry": { "type": "Point", "coordinates": [ 488417.336105463735294, 988907.780925765866414 ] } },
{ "type": "Feature", "properties": { "population_density": 0.0, "network_distance_m": 5503.2321784039668, "straight_line_distance_m": 3519.0253944023534, "network_penalty_ratio": 1.5638512262963074 }, "geometry": { "type": "Point", "coordinates": [ 488917.336105463735294, 989407.780925765866414 ] } },
{ "type": "Feature", "properties": { "population_density": 0.0, "network_distance_m": 3951.7441023712568, "straight_line_distance_m": 2882.6860719262559, "network_penalty_ratio": 1.3708548221245054 }, "geometry": { "type": "Point", "coordinates": [ 488417.336105463735294, 989907.780925765866414 ] } },
{ "type": "Feature", "properties": { "population_density": 171.2787, "network_distance_m": 4863.5648680845561, "straight_line_distance_m": 3831.1328608048125, "network_penalty_ratio": 1.269484782906448 }, "geometry": { "type": "Point", "coordinates": [ 486917.336105463735294, 988907.780925765866414 ] } },
{ "type": "Feature", "properties": { "population_density": 0.0, "network_distance_m": 4975.3661933052972, "straight_line_distance_m": 3365.6523042572894, "network_penalty_ratio": 1.4782769411480337 }, "geometry": { "type": "Point", "coordinates": [ 488417.336105463735294, 989407.780925765866414 ] } },
{ "type": "Feature", "properties": { "population_density": 0.0, "network_distance_m": 4800.1352312061435, "straight_line_distance_m": 3282.0254630115478, "network_penalty_ratio": 1.4625527087780714 }, "geometry": { "type": "Point", "coordinates": [ 487917.336105463735294, 989407.780925765866414 ] } },
{ "type": "Feature", "properties": { "population_density": 11.13098, "network_distance_m": 3741.0954254130829, "straight_line_distance_m": 3273.494592413424, "network_penalty_ratio": 1.1428445411467487 }, "geometry": { "type": "Point", "coordinates": [ 487417.336105463735294, 989407.780925765866414 ] } },
{ "type": "Feature", "properties": { "population_density": 1311.6166, "network_distance_m": 3997.1092740894051, "straight_line_distance_m": 3340.6350523910405, "network_penalty_ratio": 1.1965118043135232 }, "geometry": { "type": "Point", "coordinates": [ 486917.336105463735294, 989407.780925765866414 ] } },
{ "type": "Feature", "properties": { "population_density": 1046.7073, "network_distance_m": 3257.7270762036333, "straight_line_distance_m": 2774.5324656030161, "network_penalty_ratio": 1.1741535255366349 }, "geometry": { "type": "Point", "coordinates": [ 487417.336105463735294, 989907.780925765866414 ] } },
{ "type": "Feature", "properties": { "population_density": 862.38849, "network_distance_m": 3604.1517068777025, "straight_line_distance_m": 2784.5923751927121, "network_penalty_ratio": 1.2943193190451336 }, "geometry": { "type": "Point", "coordinates": [ 487917.336105463735294, 989907.780925765866414 ] } },
{ "type": "Feature", "properties": { "population_density": 1256.1836, "network_distance_m": 3499.837175113074, "straight_line_distance_m": 2853.4375951453567, "network_penalty_ratio": 1.2265336312479576 }, "geometry": { "type": "Point", "coordinates": [ 486917.336105463735294, 989907.780925765866414 ] } },
{ "type": "Feature", "properties": { "population_density": 1775.4542, "network_distance_m": 3195.7995686576533, "straight_line_distance_m": 2288.2784472407666, "network_penalty_ratio": 1.3965955814997892 }, "geometry": { "type": "Point", "coordinates": [ 487917.336105463735294, 990407.780925765866414 ] } },
{ "type": "Feature", "properties": { "population_density": 2644.3274, "network_distance_m": 2604.0029861425664, "straight_line_distance_m": 2276.0259134751468, "network_penalty_ratio": 1.1441007638470373 }, "geometry": { "type": "Point", "coordinates": [ 487417.336105463735294, 990407.780925765866414 ] } },
{ "type": "Feature", "properties": { "population_density": 45.427528, "network_distance_m": 4861.0179159793879, "straight_line_distance_m": 3680.7599713471154, "network_penalty_ratio": 1.3206560476151645 }, "geometry": { "type": "Point", "coordinates": [ 485917.336105463735294, 989407.780925765866414 ] } },
{ "type": "Feature", "properties": { "population_density": 6.7957754, "network_distance_m": 4356.5608248364024, "straight_line_distance_m": 3479.0685908684604, "network_penalty_ratio": 1.2522204466652664 }, "geometry": { "type": "Point", "coordinates": [ 486417.336105463735294, 989407.780925765866414 ] } },
{ "type": "Feature", "properties": { "population_density": 777.83093, "network_distance_m": 4885.2619534822816, "straight_line_distance_m": 3903.2747789942264, "network_penalty_ratio": 1.251580334485467 }, "geometry": { "type": "Point", "coordinates": [ 485417.336105463735294, 989407.780925765866414 ] } },
{ "type": "Feature", "properties": { "population_density": 64.761711, "network_distance_m": 3934.5367214491912, "straight_line_distance_m": 3245.0358276599104, "network_penalty_ratio": 1.2124786690834473 }, "geometry": { "type": "Point", "coordinates": [ 485917.336105463735294, 989907.780925765866414 ] } },
{ "type": "Feature", "properties": { "population_density": 0.0, "network_distance_m": 3999.9850565573365, "straight_line_distance_m": 3412.0165408344919, "network_penalty_ratio": 1.1723228796478937 }, "geometry": { "type": "Point", "coordinates": [ 485417.336105463735294, 989907.780925765866414 ] } },
{ "type": "Feature", "properties": { "population_density": 2621.2598, "network_distance_m": 3715.3494767244401, "straight_line_distance_m": 3014.3294139978593, "network_penalty_ratio": 1.2325625260036954 }, "geometry": { "type": "Point", "coordinates": [ 486417.336105463735294, 989907.780925765866414 ] } },
{ "type": "Feature", "properties": { "population_density": 1791.0131, "network_distance_m": 3193.3511907048614, "straight_line_distance_m": 2562.8978466216522, "network_penalty_ratio": 1.2459923812079585 }, "geometry": { "type": "Point", "coordinates": [ 486417.336105463735294, 990407.780925765866414 ] } },
{ "type": "Feature", "properties": { "population_density": 1955.1914, "network_distance_m": 3718.5078319098989, "straight_line_distance_m": 2830.6396942955607, "network_penalty_ratio": 1.3136634236436422 }, "geometry": { "type": "Point", "coordinates": [ 485917.336105463735294, 990407.780925765866414 ] } },
{ "type": "Feature", "properties": { "population_density": 0.0, "network_distance_m": 3702.5208853420818, "straight_line_distance_m": 2923.7236103168016, "network_penalty_ratio": 1.2663717159437287 }, "geometry": { "type": "Point", "coordinates": [ 485417.336105463735294, 990407.780925765866414 ] } },
{ "type": "Feature", "properties": { "population_density": 3273.5024, "network_distance_m": 3471.3832812590449, "straight_line_distance_m": 2448.4249294284868, "network_penalty_ratio": 1.4178026205889587 }, "geometry": { "type": "Point", "coordinates": [ 485917.336105463735294, 990907.780925765866414 ] } },
{ "type": "Feature", "properties": { "population_density": 424.36987, "network_distance_m": 3796.1860182587466, "straight_line_distance_m": 2406.6870476659092, "network_penalty_ratio": 1.5773492535892537 }, "geometry": { "type": "Point", "coordinates": [ 488417.336105463735294, 990407.780925765866414 ] } },
{ "type": "Feature", "properties": { "population_density": 0.0, "network_distance_m": 3367.0026560628007, "straight_line_distance_m": 2616.8811281177996, "network_penalty_ratio": 1.2866471540816715 }, "geometry": { "type": "Point", "coordinates": [ 488917.336105463735294, 990407.780925765866414 ] } },
{ "type": "Feature", "properties": { "population_density": 1111.6199, "network_distance_m": 2628.0237330234536, "straight_line_distance_m": 1942.7830814396332, "network_penalty_ratio": 1.3527108394808782 }, "geometry": { "type": "Point", "coordinates": [ 488417.336105463735294, 990907.780925765866414 ] } },
{ "type": "Feature", "properties": { "population_density": 702.93231, "network_distance_m": 2632.252611216667, "straight_line_distance_m": 2197.8012637234315, "network_penalty_ratio": 1.1976754471226414 }, "geometry": { "type": "Point", "coordinates": [ 488917.336105463735294, 990907.780925765866414 ] } },
{ "type": "Feature", "properties": { "population_density": 1150.4421, "network_distance_m": 1587.8880861536284, "straight_line_distance_m": 1502.2215740872919, "network_penalty_ratio": 1.0570265489086623 }, "geometry": { "type": "Point", "coordinates": [ 488417.336105463735294, 991407.780925765866414 ] } },
{ "type": "Feature", "properties": { "population_density": 6081.7988, "network_distance_m": 2087.7384278729437, "straight_line_distance_m": 1820.0532824479446, "network_penalty_ratio": 1.1470754444424651 }, "geometry": { "type": "Point", "coordinates": [ 488917.336105463735294, 991407.780925765866414 ] } },
{ "type": "Feature", "properties": { "population_density": 0.0, "network_distance_m": 4167.1716746952725, "straight_line_distance_m": 2206.4718997181394, "network_penalty_ratio": 1.8886130728551758 }, "geometry": { "type": "Point", "coordinates": [ 489417.336105463735294, 991407.780925765866414 ] } },
{ "type": "Feature", "properties": { "population_density": 6134.1089, "network_distance_m": 1337.5009331383108, "straight_line_distance_m": 1113.0737683453533, "network_penalty_ratio": 1.2016282938071401 }, "geometry": { "type": "Point", "coordinates": [ 488417.336105463735294, 991907.780925765866414 ] } },
{ "type": "Feature", "properties": { "population_density": 2426.0754, "network_distance_m": 2859.5775211412874, "straight_line_distance_m": 2371.5753552257497, "network_penalty_ratio": 1.2057713092861368 }, "geometry": { "type": "Point", "coordinates": [ 486917.336105463735294, 990407.780925765866414 ] } },
{ "type": "Feature", "properties": { "population_density": 4655.6738, "network_distance_m": 2224.9151332963729, "straight_line_distance_m": 1778.358095248424, "network_penalty_ratio": 1.2511063656083101 }, "geometry": { "type": "Point", "coordinates": [ 487417.336105463735294, 990907.780925765866414 ] } },
{ "type": "Feature", "properties": { "population_density": 1784.8936, "network_distance_m": 2450.4889235423948, "straight_line_distance_m": 1794.0127670203017, "network_penalty_ratio": 1.3659261341893585 }, "geometry": { "type": "Point", "coordinates": [ 487917.336105463735294, 990907.780925765866414 ] } },
{ "type": "Feature", "properties": { "population_density": 4691.418, "network_distance_m": 1554.6858309421048, "straight_line_distance_m": 1282.5057781783389, "network_penalty_ratio": 1.2122252058391256 }, "geometry": { "type": "Point", "coordinates": [ 487417.336105463735294, 991407.780925765866414 ] } },
{ "type": "Feature", "properties": { "population_density": 564.91595, "network_distance_m": 1602.5660016959544, "straight_line_distance_m": 1304.1262838993252, "network_penalty_ratio": 1.2288426523421467 }, "geometry": { "type": "Point", "coordinates": [ 487917.336105463735294, 991407.780925765866414 ] } },
{ "type": "Feature", "properties": { "population_density": 3114.0525, "network_distance_m": 1972.7791554817918, "straight_line_distance_m": 1445.3016217262712, "network_penalty_ratio": 1.3649601756659626 }, "geometry": { "type": "Point", "coordinates": [ 486917.336105463735294, 991407.780925765866414 ] } },
{ "type": "Feature", "properties": { "population_density": 6426.7017, "network_distance_m": 1069.4505895736686, "straight_line_distance_m": 791.88675149042069, "network_penalty_ratio": 1.3505095110643552 }, "geometry": { "type": "Point", "coordinates": [ 487417.336105463735294, 991907.780925765866414 ] } },
{ "type": "Feature", "properties": { "population_density": 558.88361, "network_distance_m": 1638.7785567030817, "straight_line_distance_m": 1034.968759861772, "network_penalty_ratio": 1.5834087174978626 }, "geometry": { "type": "Point", "coordinates": [ 486917.336105463735294, 991907.780925765866414 ] } },
{ "type": "Feature", "properties": { "population_density": 9186.0527, "network_distance_m": 941.27615628434114, "straight_line_distance_m": 826.44353738309803, "network_penalty_ratio": 1.1389479301451813 }, "geometry": { "type": "Point", "coordinates": [ 487917.336105463735294, 991907.780925765866414 ] } },
{ "type": "Feature", "properties": { "population_density": 0.0, "network_distance_m": 2495.3109693960946, "straight_line_distance_m": 743.92465345291441, "network_penalty_ratio": 3.3542522859192103 }, "geometry": { "type": "Point", "coordinates": [ 486917.336105463735294, 992407.780925765866414 ] } },
{ "type": "Feature", "properties": { "population_density": 1389.5062, "network_distance_m": 2298.4507222727721, "straight_line_distance_m": 1899.1137990229456, "network_penalty_ratio": 1.2102754050101037 }, "geometry": { "type": "Point", "coordinates": [ 486917.336105463735294, 990907.780925765866414 ] } },
{ "type": "Feature", "properties": { "population_density": 254.20012, "network_distance_m": 3322.678880911028, "straight_line_distance_m": 2440.1767608350942, "network_penalty_ratio": 1.3616549973920404 }, "geometry": { "type": "Point", "coordinates": [ 485417.336105463735294, 990907.780925765866414 ] } },
{ "type": "Feature", "properties": { "population_density": 2820.3015, "network_distance_m": 2894.2133166486778, "straight_line_distance_m": 2133.2390696645157, "network_penalty_ratio": 1.3567224404453819 }, "geometry": { "type": "Point", "coordinates": [ 486417.336105463735294, 990907.780925765866414 ] } },
{ "type": "Feature", "properties": { "population_density": 985.65308, "network_distance_m": 3061.4658529124954, "straight_line_distance_m": 1741.543133105911, "network_penalty_ratio": 1.7579041223358054 }, "geometry": { "type": "Point", "coordinates": [ 486417.336105463735294, 991407.780925765866414 ] } },
{ "type": "Feature", "properties": { "population_density": 4193.8906, "network_distance_m": 3354.7903995086876, "straight_line_distance_m": 2115.9036346611147, "network_penalty_ratio": 1.5855119035446972 }, "geometry": { "type": "Point", "coordinates": [ 485917.336105463735294, 991407.780925765866414 ] } },
{ "type": "Feature", "properties": { "population_density": 2020.8788, "network_distance_m": 3668.2551773688592, "straight_line_distance_m": 1964.8830750747982, "network_penalty_ratio": 1.8669076159807718 }, "geometry": { "type": "Point", "coordinates": [ 485417.336105463735294, 991407.780925765866414 ] } },
{ "type": "Feature", "properties": { "population_density": 84.91301, "network_distance_m": 2991.3884178198887, "straight_line_distance_m": 1787.859178618877, "network_penalty_ratio": 1.6731678051571932 }, "geometry": { "type": "Point", "coordinates": [ 485917.336105463735294, 991907.780925765866414 ] } },
{ "type": "Feature", "properties": { "population_density": 2214.0349, "network_distance_m": 2601.008459920231, "straight_line_distance_m": 1419.5900959761509, "network_penalty_ratio": 1.8322249974079334 }, "geometry": { "type": "Point", "coordinates": [ 486417.336105463735294, 991907.780925765866414 ] } },
{ "type": "Feature", "properties": { "population_density": 2437.2903, "network_distance_m": 1936.8061972102769, "straight_line_distance_m": 1505.6787085268677, "network_penalty_ratio": 1.2863343196937529 }, "geometry": { "type": "Point", "coordinates": [ 485417.336105463735294, 991907.780925765866414 ] } },
{ "type": "Feature", "properties": { "population_density": 2452.5063, "network_distance_m": 2238.8289792855394, "straight_line_distance_m": 1223.7236602758001, "network_penalty_ratio": 1.8295216902000222 }, "geometry": { "type": "Point", "coordinates": [ 486417.336105463735294, 992407.780925765866414 ] } },
{ "type": "Feature", "properties": { "population_density": 173.66711, "network_distance_m": 3338.4395870537473, "straight_line_distance_m": 2861.7155014086657, "network_penalty_ratio": 1.166586820181956 }, "geometry": { "type": "Point", "coordinates": [ 484417.336105463735294, 990407.780925765866414 ] } },
{ "type": "Feature", "properties": { "population_density": 1364.9567, "network_distance_m": 2632.5298289776997, "straight_line_distance_m": 2365.5271052343478, "network_penalty_ratio": 1.1128724008921895 }, "geometry": { "type": "Point", "coordinates": [ 484417.336105463735294, 990907.780925765866414 ] } },
{ "type": "Feature", "properties": { "population_density": 573.26172, "network_distance_m": 3101.8465461914311, "straight_line_distance_m": 2443.2554536925527, "network_penalty_ratio": 1.2695547416065451 }, "geometry": { "type": "Point", "coordinates": [ 483917.336105463735294, 990907.780925765866414 ] } },
{ "type": "Feature", "properties": { "population_density": 625.92462, "network_distance_m": 2785.2515668158376, "straight_line_distance_m": 2350.5511172614442, "network_penalty_ratio": 1.1849355439931251 }, "geometry": { "type": "Point", "coordinates": [ 484917.336105463735294, 990907.780925765866414 ] } },
{ "type": "Feature", "properties": { "population_density": 360.80396, "network_distance_m": 2591.57005479072, "straight_line_distance_m": 1954.4127707484224, "network_penalty_ratio": 1.3260095787228736 }, "geometry": { "type": "Point", "coordinates": [ 483917.336105463735294, 991407.780925765866414 ] } },
{ "type": "Feature", "properties": { "population_density": 3595.0027, "network_distance_m": 2260.786267852292, "straight_line_distance_m": 1871.3688466451865, "network_penalty_ratio": 1.2080922859783716 }, "geometry": { "type": "Point", "coordinates": [ 484417.336105463735294, 991407.780925765866414 ] } },
{ "type": "Feature", "properties": { "population_density": 373.56442, "network_distance_m": 2163.659250335158, "straight_line_distance_m": 1852.4020701388683, "network_penalty_ratio": 1.1680289529005741 }, "geometry": { "type": "Point", "coordinates": [ 484917.336105463735294, 991407.780925765866414 ] } },
{ "type": "Feature", "properties": { "population_density": 2452.2502, "network_distance_m": 1414.7297764524224, "straight_line_distance_m": 1355.6165770786763, "network_penalty_ratio": 1.0436061349302277 }, "geometry": { "type": "Point", "coordinates": [ 484917.336105463735294, 991907.780925765866414 ] } },
{ "type": "Feature", "properties": { "population_density": 3937.7097, "network_distance_m": 1729.2054336435438, "straight_line_distance_m": 1381.4210924949271, "network_penalty_ratio": 1.2517583834777692 }, "geometry": { "type": "Point", "coordinates": [ 484417.336105463735294, 991907.780925765866414 ] } },
{ "type": "Feature", "properties": { "population_density": 219.59869, "network_distance_m": 2141.9533645232204, "straight_line_distance_m": 1473.078865821735, "network_penalty_ratio": 1.4540656404899026 }, "geometry": { "type": "Point", "coordinates": [ 483917.336105463735294, 991907.780925765866414 ] } },
{ "type": "Feature", "properties": { "population_density": 2055.4534, "network_distance_m": 3918.8498778280223, "straight_line_distance_m": 2615.8604199967999, "network_penalty_ratio": 1.4981112324918378 }, "geometry": { "type": "Point", "coordinates": [ 482417.336105463735294, 990907.780925765866414 ] } },
{ "type": "Feature", "properties": { "population_density": 115.87251, "network_distance_m": 3959.5544722678801, "straight_line_distance_m": 2460.0100735437427, "network_penalty_ratio": 1.6095683976464308 }, "geometry": { "type": "Point", "coordinates": [ 482917.336105463735294, 990907.780925765866414 ] } },
{ "type": "Feature", "properties": { "population_density": 4051.114, "network_distance_m": 4239.6854863387889, "straight_line_distance_m": 2166.323568484625, "network_penalty_ratio": 1.957087827514387 }, "geometry": { "type": "Point", "coordinates": [ 482417.336105463735294, 991407.780925765866414 ] } },
{ "type": "Feature", "properties": { "population_density": 0.0, "network_distance_m": 2546.0493761043958, "straight_line_distance_m": 1900.2119496081668, "network_penalty_ratio": 1.3398765209477836 }, "geometry": { "type": "Point", "coordinates": [ 483417.336105463735294, 991407.780925765866414 ] } },
{ "type": "Feature", "properties": { "population_density": 1582.2352, "network_distance_m": 3273.0666316151737, "straight_line_distance_m": 1975.3181081544344, "network_penalty_ratio": 1.6569820415777197 }, "geometry": { "type": "Point", "coordinates": [ 482917.336105463735294, 991407.780925765866414 ] } },
{ "type": "Feature", "properties": { "population_density": 206.68776, "network_distance_m": 2136.8647401582439, "straight_line_distance_m": 1400.3704937979071, "network_penalty_ratio": 1.5259281380336074 }, "geometry": { "type": "Point", "coordinates": [ 483417.336105463735294, 991907.780925765866414 ] } },
{ "type": "Feature", "properties": { "population_density": 2713.7117, "network_distance_m": 2891.2060368989419, "straight_line_distance_m": 1744.4740954906963, "network_penalty_ratio": 1.6573510861367569 }, "geometry": { "type": "Point", "coordinates": [ 482417.336105463735294, 991907.780925765866414 ] } },
{ "type": "Feature", "properties": { "population_density": 2519.6013, "network_distance_m": 2982.6352599781762, "straight_line_distance_m": 1500.7043995633978, "network_penalty_ratio": 1.9874901818412198 }, "geometry": { "type": "Point", "coordinates": [ 482917.336105463735294, 991907.780925765866414 ] } },
{ "type": "Feature", "properties": { "population_density": 126.40677, "network_distance_m": 919.81821330152457, "straight_line_distance_m": 900.70504959499237, "network_penalty_ratio": 1.021220224883969 }, "geometry": { "type": "Point", "coordinates": [ 483417.336105463735294, 992407.780925765866414 ] } },
{ "type": "Feature", "properties": { "population_density": 842.65808, "network_distance_m": 1165.0881246498427, "straight_line_distance_m": 1049.9265504477264, "network_penalty_ratio": 1.1096853624217877 }, "geometry": { "type": "Point", "coordinates": [ 482917.336105463735294, 992407.780925765866414 ] } },
{ "type": "Feature", "properties": { "population_density": 4993.6104, "network_distance_m": 3729.2542024503496, "straight_line_distance_m": 3153.3404417794964, "network_penalty_ratio": 1.1826360874456845 }, "geometry": { "type": "Point", "coordinates": [ 479917.336105463735294, 990907.780925765866414 ] } },
{ "type": "Feature", "properties": { "population_density": 4326.1528, "network_distance_m": 3736.8697549524773, "straight_line_distance_m": 2791.3392469372147, "network_penalty_ratio": 1.3387372240951156 }, "geometry": { "type": "Point", "coordinates": [ 479917.336105463735294, 991407.780925765866414 ] } },
{ "type": "Feature", "properties": { "population_density": 579.88641, "network_distance_m": 3668.4641923386735, "straight_line_distance_m": 2449.1891385337517, "network_penalty_ratio": 1.4978280503623584 }, "geometry": { "type": "Point", "coordinates": [ 479417.336105463735294, 991407.780925765866414 ] } },
{ "type": "Feature", "properties": { "population_density": 1981.9821, "network_distance_m": 2840.9185500326194, "straight_line_distance_m": 2249.8796744815672, "network_penalty_ratio": 1.2626979932547919 }, "geometry": { "type": "Point", "coordinates": [ 480417.336105463735294, 991907.780925765866414 ] } },
{ "type": "Feature", "properties": { "population_density": 1655.3876, "network_distance_m": 3589.5196026450922, "straight_line_distance_m": 2469.7871677895514, "network_penalty_ratio": 1.4533720352339901 }, "geometry": { "type": "Point", "coordinates": [ 479917.336105463735294, 991907.780925765866414 ] } },
{ "type": "Feature", "properties": { "population_density": 81.031258, "network_distance_m": 3880.3584999451291, "straight_line_distance_m": 2084.8372325056007, "network_penalty_ratio": 1.8612285119647607 }, "geometry": { "type": "Point", "coordinates": [ 479417.336105463735294, 991907.780925765866414 ] } },
{ "type": "Feature", "properties": { "population_density": 93.639336, "network_distance_m": 3039.4357272009811, "straight_line_distance_m": 1983.71538405811, "network_penalty_ratio": 1.5321934545787368 }, "geometry": { "type": "Point", "coordinates": [ 479917.336105463735294, 992407.780925765866414 ] } },
{ "type": "Feature", "properties": { "population_density": 23.451366, "network_distance_m": 3650.4727094678233, "straight_line_distance_m": 1787.3346457145403, "network_penalty_ratio": 2.0424114299023381 }, "geometry": { "type": "Point", "coordinates": [ 479417.336105463735294, 992407.780925765866414 ] } },
{ "type": "Feature", "properties": { "population_density": 2607.8298, "network_distance_m": 2678.5252124577605, "straight_line_distance_m": 1790.1245714736394, "network_penalty_ratio": 1.4962786697312274 }, "geometry": { "type": "Point", "coordinates": [ 480417.336105463735294, 992407.780925765866414 ] } },
{ "type": "Feature", "properties": { "population_density": 1511.6714, "network_distance_m": 2068.1728060920723, "straight_line_distance_m": 1359.0928640612012, "network_penalty_ratio": 1.5217303105484781 }, "geometry": { "type": "Point", "coordinates": [ 480417.336105463735294, 992907.780925765866414 ] } },
{ "type": "Feature", "properties": { "population_density": 0.0, "network_distance_m": 3141.6044272159988, "straight_line_distance_m": 2446.22852128355, "network_penalty_ratio": 1.2842644911880845 }, "geometry": { "type": "Point", "coordinates": [ 481917.336105463735294, 991407.780925765866414 ] } },
{ "type": "Feature", "properties": { "population_density": 920.62677, "network_distance_m": 2984.1473162217385, "straight_line_distance_m": 2616.0257852000595, "network_penalty_ratio": 1.1407178526696085 }, "geometry": { "type": "Point", "coordinates": [ 481417.336105463735294, 991407.780925765866414 ] } },
{ "type": "Feature", "properties": { "population_density": 2840.7, "network_distance_m": 3398.0464520649334, "straight_line_distance_m": 2723.8522569876814, "network_penalty_ratio": 1.2475149646416013 }, "geometry": { "type": "Point", "coordinates": [ 480417.336105463735294, 991407.780925765866414 ] } },
{ "type": "Feature", "properties": { "population_density": 4292.0869, "network_distance_m": 2748.4628691397729, "straight_line_distance_m": 2126.9857651410443, "network_penalty_ratio": 1.2921867716202216 }, "geometry": { "type": "Point", "coordinates": [ 480917.336105463735294, 991907.780925765866414 ] } },
{ "type": "Feature", "properties": { "population_density": 486.38495, "network_distance_m": 2728.055913838557, "straight_line_distance_m": 2081.8900174618325, "network_penalty_ratio": 1.3103746552205036 }, "geometry": { "type": "Point", "coordinates": [ 481917.336105463735294, 991907.780925765866414 ] } },
{ "type": "Feature", "properties": { "population_density": 1510.6349, "network_distance_m": 2210.492562282976, "straight_line_distance_m": 2118.0600417787937, "network_penalty_ratio": 1.0436401795421038 }, "geometry": { "type": "Point", "coordinates": [ 481417.336105463735294, 991907.780925765866414 ] } },
{ "type": "Feature", "properties": { "population_density": 537.73724, "network_distance_m": 2480.3767860478683, "straight_line_distance_m": 1758.0886404831053, "network_penalty_ratio": 1.410837160842064 }, "geometry": { "type": "Point", "coordinates": [ 481917.336105463735294, 992407.780925765866414 ] } },
{ "type": "Feature", "properties": { "population_density": 837.01117, "network_distance_m": 1809.534330849506, "straight_line_distance_m": 1621.346900674986, "network_penalty_ratio": 1.1160685785973226 }, "geometry": { "type": "Point", "coordinates": [ 481417.336105463735294, 992407.780925765866414 ] } },
{ "type": "Feature", "properties": { "population_density": 3263.6396, "network_distance_m": 1917.5078111365124, "straight_line_distance_m": 1632.9898581623318, "network_penalty_ratio": 1.1742313043476951 }, "geometry": { "type": "Point", "coordinates": [ 480917.336105463735294, 992407.780925765866414 ] } },
{ "type": "Feature", "properties": { "population_density": 15104.338, "network_distance_m": 1395.4265572694687, "straight_line_distance_m": 1144.2217043079675, "network_penalty_ratio": 1.2195421149727548 }, "geometry": { "type": "Point", "coordinates": [ 480917.336105463735294, 992907.780925765866414 ] } },
{ "type": "Feature", "properties": { "population_density": 0.0, "network_distance_m": 1103.8468715822858, "straight_line_distance_m": 862.55386999667951, "network_penalty_ratio": 1.2797425296886502 }, "geometry": { "type": "Point", "coordinates": [ 484917.336105463735294, 992407.780925765866414 ] } },
{ "type": "Feature", "properties": { "population_density": 1441.9142, "network_distance_m": 1301.721621534532, "straight_line_distance_m": 1010.0462422071441, "network_penalty_ratio": 1.2887742829378004 }, "geometry": { "type": "Point", "coordinates": [ 483917.336105463735294, 992407.780925765866414 ] } },
{ "type": "Feature", "properties": { "population_density": 2100.332, "network_distance_m": 1237.6373579709702, "straight_line_distance_m": 902.56695562468894, "network_penalty_ratio": 1.3712416018093314 }, "geometry": { "type": "Point", "coordinates": [ 484417.336105463735294, 992407.780925765866414 ] } },
{ "type": "Feature", "properties": { "population_density": 4767.3657, "network_distance_m": 420.78112741420904, "straight_line_distance_m": 387.68808756781584, "network_penalty_ratio": 1.0853599605136293 }, "geometry": { "type": "Point", "coordinates": [ 484917.336105463735294, 992907.780925765866414 ] } },
{ "type": "Feature", "properties": { "population_density": 3799.3262, "network_distance_m": 1636.4532787137548, "straight_line_distance_m": 463.92834779450158, "network_penalty_ratio": 3.5273836714082982 }, "geometry": { "type": "Point", "coordinates": [ 484417.336105463735294, 992907.780925765866414 ] } },
{ "type": "Feature", "properties": { "population_density": 8333.7041, "network_distance_m": 514.82058846350844, "straight_line_distance_m": 401.87268236599692, "network_penalty_ratio": 1.2810539532882372 }, "geometry": { "type": "Point", "coordinates": [ 483417.336105463735294, 992907.780925765866414 ] } },
{ "type": "Feature", "properties": { "population_density": 12480.95, "network_distance_m": 954.77799176917449, "straight_line_distance_m": 608.62589319129108, "network_penalty_ratio": 1.568743627982794 }, "geometry": { "type": "Point", "coordinates": [ 483917.336105463735294, 992907.780925765866414 ] } },
{ "type": "Feature", "properties": { "population_density": 5994.397, "network_distance_m": 313.61264274131565, "straight_line_distance_m": 320.83639314448408, "network_penalty_ratio": 0.97748462905853917 }, "geometry": { "type": "Point", "coordinates": [ 484417.336105463735294, 993407.780925765866414 ] } },
{ "type": "Feature", "properties": { "population_density": 2526.1582, "network_distance_m": 596.30158816658513, "straight_line_distance_m": 469.7419976210565, "network_penalty_ratio": 1.2694236223000546 }, "geometry": { "type": "Point", "coordinates": [ 483917.336105463735294, 993407.780925765866414 ] } },
{ "type": "Feature", "properties": { "population_density": 4296.1851, "network_distance_m": 0.0, "straight_line_distance_m": 105.96579002616723, "network_penalty_ratio": 0.0 }, "geometry": { "type": "Point", "coordinates": [ 484917.336105463735294, 993407.780925765866414 ] } },
{ "type": "Feature", "properties": { "population_density": 2807.6689, "network_distance_m": 2580.9174588455498, "straight_line_distance_m": 1376.0166918697632, "network_penalty_ratio": 1.8756440049710006 }, "geometry": { "type": "Point", "coordinates": [ 482417.336105463735294, 992407.780925765866414 ] } },
{ "type": "Feature", "properties": { "population_density": 1848.8396, "network_distance_m": 2070.0079839384853, "straight_line_distance_m": 1316.6104585427427, "network_penalty_ratio": 1.5722250803245341 }, "geometry": { "type": "Point", "coordinates": [ 481917.336105463735294, 992907.780925765866414 ] } },
{ "type": "Feature", "properties": { "population_density": 2427.0083, "network_distance_m": 871.95495884035961, "straight_line_distance_m": 672.73904881550175, "network_penalty_ratio": 1.296126574450553 }, "geometry": { "type": "Point", "coordinates": [ 482917.336105463735294, 992907.780925765866414 ] } },
{ "type": "Feature", "properties": { "population_density": 13072.345, "network_distance_m": 1793.4986130975849, "straight_line_distance_m": 1093.8898479309287, "network_penalty_ratio": 1.6395605247548029 }, "geometry": { "type": "Point", "coordinates": [ 482417.336105463735294, 992907.780925765866414 ] } },
{ "type": "Feature", "properties": { "population_density": 13787.29, "network_distance_m": 51.40500452848142, "straight_line_distance_m": 62.043158175639803, "network_penalty_ratio": 0.82853623251990949 }, "geometry": { "type": "Point", "coordinates": [ 483417.336105463735294, 993407.780925765866414 ] } },
{ "type": "Feature", "properties": { "population_density": 3730.6304, "network_distance_m": 376.77785578753515, "straight_line_distance_m": 453.51311171830946, "network_penalty_ratio": 0.83079815346455321 }, "geometry": { "type": "Point", "coordinates": [ 482917.336105463735294, 993407.780925765866414 ] } },
{ "type": "Feature", "properties": { "population_density": 6119.4473, "network_distance_m": 1642.0781595313636, "straight_line_distance_m": 952.62738335848826, "network_penalty_ratio": 1.7237360464510438 }, "geometry": { "type": "Point", "coordinates": [ 482417.336105463735294, 993407.780925765866414 ] } },
{ "type": "Feature", "properties": { "population_density": 15081.848, "network_distance_m": 838.77302017254669, "straight_line_distance_m": 645.42859761441753, "network_penalty_ratio": 1.2995597394859069 }, "geometry": { "type": "Point", "coordinates": [ 482917.336105463735294, 993907.780925765866414 ] } },
{ "type": "Feature", "properties": { "population_density": 9494.9111, "network_distance_m": 1460.7409405519179, "straight_line_distance_m": 1054.0367784943355, "network_penalty_ratio": 1.385853862365741 }, "geometry": { "type": "Point", "coordinates": [ 482417.336105463735294, 993907.780925765866414 ] } },
{ "type": "Feature", "properties": { "population_density": 13212.215, "network_distance_m": 1262.4719149301361, "straight_line_distance_m": 1061.8295563491363, "network_penalty_ratio": 1.1889591011865066 }, "geometry": { "type": "Point", "coordinates": [ 482917.336105463735294, 994407.780925765866414 ] } },
{ "type": "Feature", "properties": { "population_density": 248.19301, "network_distance_m": 2418.6543430343672, "straight_line_distance_m": 1493.4545100794171, "network_penalty_ratio": 1.6195031898934444 }, "geometry": { "type": "Point", "coordinates": [ 479917.336105463735294, 992907.780925765866414 ] } },
{ "type": "Feature", "properties": { "population_density": 0.0, "network_distance_m": 2418.6543430343672, "straight_line_distance_m": 1463.7208607673763, "network_penalty_ratio": 1.6524013613950639 }, "geometry": { "type": "Point", "coordinates": [ 479417.336105463735294, 992907.780925765866414 ] } },
{ "type": "Feature", "properties": { "population_density": 9005.0078, "network_distance_m": 1341.9360255865683, "straight_line_distance_m": 1012.7615822118695, "network_penalty_ratio": 1.3250265898275708 }, "geometry": { "type": "Point", "coordinates": [ 479917.336105463735294, 993407.780925765866414 ] } },
{ "type": "Feature", "properties": { "population_density": 882.11658, "network_distance_m": 778.23837608669373, "straight_line_distance_m": 968.37926814514492, "network_penalty_ratio": 0.80365038956002099 }, "geometry": { "type": "Point", "coordinates": [ 479417.336105463735294, 993407.780925765866414 ] } },
{ "type": "Feature", "properties": { "population_density": 19939.092, "network_distance_m": 1531.4618930790407, "straight_line_distance_m": 994.84714649561943, "network_penalty_ratio": 1.5393941657003929 }, "geometry": { "type": "Point", "coordinates": [ 480417.336105463735294, 993407.780925765866414 ] } },
{ "type": "Feature", "properties": { "population_density": 12182.528, "network_distance_m": 1135.908073844915, "straight_line_distance_m": 686.51342135104119, "network_penalty_ratio": 1.6546043216598394 }, "geometry": { "type": "Point", "coordinates": [ 480417.336105463735294, 993907.780925765866414 ] } },
{ "type": "Feature", "properties": { "population_density": 10718.134, "network_distance_m": 839.70107928121922, "straight_line_distance_m": 566.53832273909461, "network_penalty_ratio": 1.4821611276381792 }, "geometry": { "type": "Point", "coordinates": [ 479917.336105463735294, 993907.780925765866414 ] } },
{ "type": "Feature", "properties": { "population_density": 21774.887, "network_distance_m": 678.29675938281332, "straight_line_distance_m": 482.74015339627988, "network_penalty_ratio": 1.4050970374241929 }, "geometry": { "type": "Point", "coordinates": [ 479417.336105463735294, 993907.780925765866414 ] } },
{ "type": "Feature", "properties": { "population_density": 23119.717, "network_distance_m": 250.04394322774354, "straight_line_distance_m": 168.27865113793013, "network_penalty_ratio": 1.4858922479880958 }, "geometry": { "type": "Point", "coordinates": [ 479417.336105463735294, 994407.780925765866414 ] } },
{ "type": "Feature", "properties": { "population_density": 23261.146, "network_distance_m": 965.2101144576211, "straight_line_distance_m": 582.58911857185581, "network_penalty_ratio": 1.6567595989841224 }, "geometry": { "type": "Point", "coordinates": [ 480417.336105463735294, 994407.780925765866414 ] } },
{ "type": "Feature", "properties": { "population_density": 1234.5225, "network_distance_m": 1474.4823095546019, "straight_line_distance_m": 1127.5429943362603, "network_penalty_ratio": 1.3076949765650141 }, "geometry": { "type": "Point", "coordinates": [ 481417.336105463735294, 992907.780925765866414 ] } },
{ "type": "Feature", "properties": { "population_density": 21620.873, "network_distance_m": 832.71336358000644, "straight_line_distance_m": 643.38218488327595, "network_penalty_ratio": 1.2942748231847288 }, "geometry": { "type": "Point", "coordinates": [ 481417.336105463735294, 993407.780925765866414 ] } },
{ "type": "Feature", "properties": { "population_density": 2826.9436, "network_distance_m": 956.19369115894426, "straight_line_distance_m": 672.18356150520913, "network_penalty_ratio": 1.4225187075651717 }, "geometry": { "type": "Point", "coordinates": [ 480917.336105463735294, 993407.780925765866414 ] } },
{ "type": "Feature", "properties": { "population_density": 19020.316, "network_distance_m": 1107.9329217252962, "straight_line_distance_m": 935.97571084538765, "network_penalty_ratio": 1.1837197364070422 }, "geometry": { "type": "Point", "coordinates": [ 481917.336105463735294, 993407.780925765866414 ] } },
{ "type": "Feature", "properties": { "population_density": 23480.717, "network_distance_m": 419.44107458711881, "straight_line_distance_m": 307.27540107568791, "network_penalty_ratio": 1.3650330391523997 }, "geometry": { "type": "Point", "coordinates": [ 480917.336105463735294, 993907.780925765866414 ] } },
{ "type": "Feature", "properties": { "population_density": 20770.807, "network_distance_m": 459.63180218133778, "straight_line_distance_m": 237.75631973425141, "network_penalty_ratio": 1.9332054041511257 }, "geometry": { "type": "Point", "coordinates": [ 481417.336105463735294, 993907.780925765866414 ] } },
{ "type": "Feature", "properties": { "population_density": 9507.3379, "network_distance_m": 1519.4100222673076, "straight_line_distance_m": 708.92507107055201, "network_penalty_ratio": 2.1432589765415369 }, "geometry": { "type": "Point", "coordinates": [ 481917.336105463735294, 993907.780925765866414 ] } },
{ "type": "Feature", "properties": { "population_density": 22015.225, "network_distance_m": 351.10412240009668, "straight_line_distance_m": 137.54579406776224, "network_penalty_ratio": 2.5526343773705249 }, "geometry": { "type": "Point", "coordinates": [ 480917.336105463735294, 994407.780925765866414 ] } },
{ "type": "Feature", "properties": { "population_density": 21442.717, "network_distance_m": 189.95001443069719, "straight_line_distance_m": 180.30545289938112, "network_penalty_ratio": 1.0534901267611589 }, "geometry": { "type": "Point", "coordinates": [ 481417.336105463735294, 994407.780925765866414 ] } },
{ "type": "Feature", "properties": { "population_density": 20277.045, "network_distance_m": 993.78160057884816, "straight_line_distance_m": 375.40488858242185, "network_penalty_ratio": 2.6472260506023191 }, "geometry": { "type": "Point", "coordinates": [ 481917.336105463735294, 994407.780925765866414 ] } },
{ "type": "Feature", "properties": { "population_density": 12025.466, "network_distance_m": 688.28484437999361, "straight_line_distance_m": 522.64133623201519, "network_penalty_ratio": 1.3169353372279851 }, "geometry": { "type": "Point", "coordinates": [ 483917.336105463735294, 993907.780925765866414 ] } },
{ "type": "Feature", "properties": { "population_density": 8306.4375, "network_distance_m": 251.48260035819862, "straight_line_distance_m": 193.37656615267375, "network_penalty_ratio": 1.3004812597595166 }, "geometry": { "type": "Point", "coordinates": [ 484417.336105463735294, 993907.780925765866414 ] } },
{ "type": "Feature", "properties": { "population_density": 16138.623, "network_distance_m": 769.80183510929101, "straight_line_distance_m": 463.41480942509526, "network_penalty_ratio": 1.661150700091554 }, "geometry": { "type": "Point", "coordinates": [ 483417.336105463735294, 993907.780925765866414 ] } },
{ "type": "Feature", "properties": { "population_density": 1647.6489, "network_distance_m": 405.87035770318772, "straight_line_distance_m": 214.04781961540951, "network_penalty_ratio": 1.8961667464421521 }, "geometry": { "type": "Point", "coordinates": [ 484917.336105463735294, 993907.780925765866414 ] } },
{ "type": "Feature", "properties": { "population_density": 3908.5112, "network_distance_m": 763.17897971338266, "straight_line_distance_m": 415.50916252464862, "network_penalty_ratio": 1.8367320110976126 }, "geometry": { "type": "Point", "coordinates": [ 484917.336105463735294, 994407.780925765866414 ] } },
{ "type": "Feature", "properties": { "population_density": 9711.9287, "network_distance_m": 1079.0093279688233, "straight_line_distance_m": 307.47843765329009, "network_penalty_ratio": 3.5092194958578022 }, "geometry": { "type": "Point", "coordinates": [ 484417.336105463735294, 994407.780925765866414 ] } },
{ "type": "Feature", "properties": { "population_density": 3649.8013, "network_distance_m": 1056.1934874054434, "straight_line_distance_m": 574.71946167073133, "network_penalty_ratio": 1.8377548662351695 }, "geometry": { "type": "Point", "coordinates": [ 483917.336105463735294, 994407.780925765866414 ] } },
{ "type": "Feature", "properties": { "population_density": 9416.6279, "network_distance_m": 1302.9884112842124, "straight_line_distance_m": 1032.4442808300005, "network_penalty_ratio": 1.2620423547086885 }, "geometry": { "type": "Point", "coordinates": [ 483417.336105463735294, 994907.780925765866414 ] } },
{ "type": "Feature", "properties": { "population_density": 3718.2395, "network_distance_m": 1177.5099241385915, "straight_line_distance_m": 807.27410642632219, "network_penalty_ratio": 1.4586246663493843 }, "geometry": { "type": "Point", "coordinates": [ 484417.336105463735294, 994907.780925765866414 ] } },
{ "type": "Feature", "properties": { "population_density": 8663.248, "network_distance_m": 1341.3453708114957, "straight_line_distance_m": 942.04615221750362, "network_penalty_ratio": 1.4238637540783674 }, "geometry": { "type": "Point", "coordinates": [ 483917.336105463735294, 994907.780925765866414 ] } },
{ "type": "Feature", "properties": { "population_density": 16365.852, "network_distance_m": 1362.1250844782078, "straight_line_distance_m": 962.11081363457674, "network_penalty_ratio": 1.415767357745926 }, "geometry": { "type": "Point", "coordinates": [ 483417.336105463735294, 994407.780925765866414 ] } },
{ "type": "Feature", "properties": { "population_density": 13261.187, "network_distance_m": 1566.4288188604344, "straight_line_distance_m": 865.64866106169791, "network_penalty_ratio": 1.8095433971320951 }, "geometry": { "type": "Point", "coordinates": [ 482417.336105463735294, 994407.780925765866414 ] } },
{ "type": "Feature", "properties": { "population_density": 13891.377, "network_distance_m": 1449.7749766433342, "straight_line_distance_m": 942.17921775907564, "network_penalty_ratio": 1.5387465031244785 }, "geometry": { "type": "Point", "coordinates": [ 482417.336105463735294, 994907.780925765866414 ] } },
{ "type": "Feature", "properties": { "population_density": 21656.922, "network_distance_m": 1858.8949497355322, "straight_line_distance_m": 952.91240356405433, "network_penalty_ratio": 1.9507511317755433 }, "geometry": { "type": "Point", "coordinates": [ 482917.336105463735294, 994907.780925765866414 ] } },
{ "type": "Feature", "properties": { "population_density": 22546.186, "network_distance_m": 716.74839557281507, "straight_line_distance_m": 547.44729480144542, "network_penalty_ratio": 1.3092555253794318 }, "geometry": { "type": "Point", "coordinates": [ 483417.336105463735294, 995407.780925765866414 ] } },
{ "type": "Feature", "properties": { "population_density": 19778.025, "network_distance_m": 729.02659969443175, "straight_line_distance_m": 457.81104510114022, "network_penalty_ratio": 1.5924181111300497 }, "geometry": { "type": "Point", "coordinates": [ 482917.336105463735294, 995407.780925765866414 ] } },
{ "type": "Feature", "properties": { "population_density": 5453.6372, "network_distance_m": 1046.6977900031934, "straight_line_distance_m": 736.34258174031061, "network_penalty_ratio": 1.4214820872227341 }, "geometry": { "type": "Point", "coordinates": [ 482417.336105463735294, 995407.780925765866414 ] } },
{ "type": "Feature", "properties": { "population_density": 7236.8081, "network_distance_m": 712.45740018738172, "straight_line_distance_m": 487.13543868677306, "network_penalty_ratio": 1.4625447947454511 }, "geometry": { "type": "Point", "coordinates": [ 481917.336105463735294, 995407.780925765866414 ] } },
{ "type": "Feature", "properties": { "population_density": 6686.3232, "network_distance_m": 274.43535195023662, "straight_line_distance_m": 105.54552177602532, "network_penalty_ratio": 2.6001610237202373 }, "geometry": { "type": "Point", "coordinates": [ 482917.336105463735294, 995907.780925765866414 ] } },
{ "type": "Feature", "properties": { "population_density": 21931.592, "network_distance_m": 617.86656880911664, "straight_line_distance_m": 555.12916493816431, "network_penalty_ratio": 1.1130140656146945 }, "geometry": { "type": "Point", "coordinates": [ 482417.336105463735294, 995907.780925765866414 ] } },
{ "type": "Feature", "properties": { "population_density": 134.0257, "network_distance_m": 3064.0419008081599, "straight_line_distance_m": 2703.1322018846031, "network_penalty_ratio": 1.1335153710469408 }, "geometry": { "type": "Point", "coordinates": [ 473417.336105463735294, 978907.780925765866414 ] } },
{ "type": "Feature", "properties": { "population_density": 234.79472, "network_distance_m": 2847.656576382361, "straight_line_distance_m": 2191.5715584780978, "network_penalty_ratio": 1.2993673719510537 }, "geometry": { "type": "Point", "coordinates": [ 474417.336105463735294, 978907.780925765866414 ] } },
{ "type": "Feature", "properties": { "population_density": 0.0, "network_distance_m": 3081.1326647891506, "straight_line_distance_m": 2572.549314672528, "network_penalty_ratio": 1.1976962490926486 }, "geometry": { "type": "Point", "coordinates": [ 473917.336105463735294, 978907.780925765866414 ] } },
{ "type": "Feature", "properties": { "population_density": 19.312143, "network_distance_m": 2634.5761632659769, "straight_line_distance_m": 2035.7470221873812, "network_penalty_ratio": 1.2941569529769776 }, "geometry": { "type": "Point", "coordinates": [ 474417.336105463735294, 979407.780925765866414 ] } },
{ "type": "Feature", "properties": { "population_density": 399.64841, "network_distance_m": 2509.9750968802878, "straight_line_distance_m": 2321.4333268232372, "network_penalty_ratio": 1.0812178268824375 }, "geometry": { "type": "Point", "coordinates": [ 472417.336105463735294, 979907.780925765866414 ] } },
{ "type": "Feature", "properties": { "population_density": 0.0, "network_distance_m": 2425.3948755030269, "straight_line_distance_m": 1994.9188265064988, "network_penalty_ratio": 1.2157862481805226 }, "geometry": { "type": "Point", "coordinates": [ 472417.336105463735294, 980407.780925765866414 ] } },
{ "type": "Feature", "properties": { "population_density": 0.0, "network_distance_m": 3064.0419008081599, "straight_line_distance_m": 2241.0027637715239, "network_penalty_ratio": 1.3672637759944088 }, "geometry": { "type": "Point", "coordinates": [ 473417.336105463735294, 979407.780925765866414 ] } },
{ "type": "Feature", "properties": { "population_density": 308.99371, "network_distance_m": 2785.6752213556647, "straight_line_distance_m": 2081.6290886678635, "network_penalty_ratio": 1.3382188193470888 }, "geometry": { "type": "Point", "coordinates": [ 473917.336105463735294, 979407.780925765866414 ] } },
{ "type": "Feature", "properties": { "population_density": 115.9109, "network_distance_m": 2578.0632229239259, "straight_line_distance_m": 1596.3550197729528, "network_penalty_ratio": 1.6149685946993169 }, "geometry": { "type": "Point", "coordinates": [ 473917.336105463735294, 979907.780925765866414 ] } },
{ "type": "Feature", "properties": { "population_density": 2348.4761, "network_distance_m": 2578.0632229239259, "straight_line_distance_m": 1772.6091922462715, "network_penalty_ratio": 1.4543889505937704 }, "geometry": { "type": "Point", "coordinates": [ 473417.336105463735294, 979907.780925765866414 ] } },
{ "type": "Feature", "properties": { "population_density": 394.97052, "network_distance_m": 2208.0990937024917, "straight_line_distance_m": 2003.895710774588, "network_penalty_ratio": 1.1019031987692467 }, "geometry": { "type": "Point", "coordinates": [ 472917.336105463735294, 979907.780925765866414 ] } },
{ "type": "Feature", "properties": { "population_density": 119.38657, "network_distance_m": 838.46553656029641, "straight_line_distance_m": 1124.0636260997017, "network_penalty_ratio": 0.74592355547489853 }, "geometry": { "type": "Point", "coordinates": [ 473917.336105463735294, 980407.780925765866414 ] } },
{ "type": "Feature", "properties": { "population_density": 791.26587, "network_distance_m": 1823.0359633703781, "straight_line_distance_m": 1316.3554922210194, "network_penalty_ratio": 1.3849115790860285 }, "geometry": { "type": "Point", "coordinates": [ 473417.336105463735294, 980407.780925765866414 ] } },
{ "type": "Feature", "properties": { "population_density": 1085.8943, "network_distance_m": 2120.1357504301309, "straight_line_distance_m": 1614.3873305762945, "network_penalty_ratio": 1.3132757611974675 }, "geometry": { "type": "Point", "coordinates": [ 472917.336105463735294, 980407.780925765866414 ] } },
{ "type": "Feature", "properties": { "population_density": 2601.426, "network_distance_m": 853.19839099696787, "straight_line_distance_m": 670.80961840159478, "network_penalty_ratio": 1.2718934964438482 }, "geometry": { "type": "Point", "coordinates": [ 473917.336105463735294, 980907.780925765866414 ] } },
{ "type": "Feature", "properties": { "population_density": 311.42169, "network_distance_m": 1671.625969525287, "straight_line_distance_m": 1284.8824940528375, "network_penalty_ratio": 1.3009952094938775 }, "geometry": { "type": "Point", "coordinates": [ 475417.336105463735294, 979407.780925765866414 ] } },
{ "type": "Feature", "properties": { "population_density": 0.0, "network_distance_m": 2003.8114131079183, "straight_line_distance_m": 1758.5253687071424, "network_penalty_ratio": 1.1394839385121345 }, "geometry": { "type": "Point", "coordinates": [ 474917.336105463735294, 979407.780925765866414 ] } },
{ "type": "Feature", "properties": { "population_density": 373.8688, "network_distance_m": 2236.767397063632, "straight_line_distance_m": 1536.045450079813, "network_penalty_ratio": 1.4561856857473907 }, "geometry": { "type": "Point", "coordinates": [ 474417.336105463735294, 979907.780925765866414 ] } },
{ "type": "Feature", "properties": { "population_density": 0.0, "network_distance_m": 1648.0235730130073, "straight_line_distance_m": 1497.4248470468633, "network_penalty_ratio": 1.1005718091716898 }, "geometry": { "type": "Point", "coordinates": [ 475417.336105463735294, 979907.780925765866414 ] } },
{ "type": "Feature", "properties": { "population_density": 719.9444, "network_distance_m": 1912.6282406770488, "straight_line_distance_m": 1458.5982416179024, "network_penalty_ratio": 1.3112783123579859 }, "geometry": { "type": "Point", "coordinates": [ 474917.336105463735294, 979907.780925765866414 ] } },
{ "type": "Feature", "properties": { "population_density": 537.22101, "network_distance_m": 1323.9688516386248, "straight_line_distance_m": 1036.6317142924966, "network_penalty_ratio": 1.2771834330210865 }, "geometry": { "type": "Point", "coordinates": [ 474417.336105463735294, 980407.780925765866414 ] } },
{ "type": "Feature", "properties": { "population_density": 0.0, "network_distance_m": 1114.9376405410924, "straight_line_distance_m": 1019.7867346593453, "network_penalty_ratio": 1.0933047103358644 }, "geometry": { "type": "Point", "coordinates": [ 475417.336105463735294, 980407.780925765866414 ] } },
{ "type": "Feature", "properties": { "population_density": 6620.5757, "network_distance_m": 1105.994979047186, "straight_line_distance_m": 961.86934772072038, "network_penalty_ratio": 1.1498390937064278 }, "geometry": { "type": "Point", "coordinates": [ 474917.336105463735294, 980407.780925765866414 ] } },
{ "type": "Feature", "properties": { "population_density": 2345.3125, "network_distance_m": 1166.5966853453144, "straight_line_distance_m": 581.07555087184448, "network_penalty_ratio": 2.0076506120330744 }, "geometry": { "type": "Point", "coordinates": [ 475417.336105463735294, 980907.780925765866414 ] } },
{ "type": "Feature", "properties": { "population_density": 7321.6011, "network_distance_m": 679.91330644734194, "straight_line_distance_m": 538.30753054653223, "network_penalty_ratio": 1.2630573935256681 }, "geometry": { "type": "Point", "coordinates": [ 474417.336105463735294, 980907.780925765866414 ] } },
{ "type": "Feature", "properties": { "population_density": 0.0, "network_distance_m": 2198.4445282068141, "straight_line_distance_m": 1752.2412955453738, "network_penalty_ratio": 1.2546471389504392 }, "geometry": { "type": "Point", "coordinates": [ 472417.336105463735294, 980907.780925765866414 ] } },
{ "type": "Feature", "properties": { "population_density": 0.0, "network_distance_m": 2305.7623583341438, "straight_line_distance_m": 1631.256568194897, "network_penalty_ratio": 1.413488474646043 }, "geometry": { "type": "Point", "coordinates": [ 472417.336105463735294, 981407.780925765866414 ] } },
{ "type": "Feature", "properties": { "population_density": 0.0, "network_distance_m": 2305.7623583341438, "straight_line_distance_m": 1658.8087366370648, "network_penalty_ratio": 1.3900109804151746 }, "geometry": { "type": "Point", "coordinates": [ 472417.336105463735294, 981907.780925765866414 ] } },
{ "type": "Feature", "properties": { "population_density": 27.02693, "network_distance_m": 1790.7322362200362, "straight_line_distance_m": 1345.5254200922802, "network_penalty_ratio": 1.3308795281602501 }, "geometry": { "type": "Point", "coordinates": [ 469417.336105463735294, 985907.780925765866414 ] } },
{ "type": "Feature", "properties": { "population_density": 1180.8914, "network_distance_m": 2962.082767391465, "straight_line_distance_m": 1619.3950365203061, "network_penalty_ratio": 1.8291292122003009 }, "geometry": { "type": "Point", "coordinates": [ 468917.336105463735294, 986407.780925765866414 ] } },
{ "type": "Feature", "properties": { "population_density": 1921.744, "network_distance_m": 2532.0963673533374, "straight_line_distance_m": 1907.5965729198278, "network_penalty_ratio": 1.3273751920604631 }, "geometry": { "type": "Point", "coordinates": [ 468417.336105463735294, 986407.780925765866414 ] } },
{ "type": "Feature", "properties": { "population_density": 3437.0928, "network_distance_m": 1738.9810392652121, "straight_line_distance_m": 1414.8974004127851, "network_penalty_ratio": 1.2290509819000854 }, "geometry": { "type": "Point", "coordinates": [ 469417.336105463735294, 986407.780925765866414 ] } },
{ "type": "Feature", "properties": { "population_density": 319.27618, "network_distance_m": 1858.8443280709878, "straight_line_distance_m": 1569.2070515663818, "network_penalty_ratio": 1.1845755639547313 }, "geometry": { "type": "Point", "coordinates": [ 468417.336105463735294, 986907.780925765866414 ] } },
{ "type": "Feature", "properties": { "population_density": 1452.7673, "network_distance_m": 2281.3013519440374, "straight_line_distance_m": 2270.5525947936862, "network_penalty_ratio": 1.0047339828969379 }, "geometry": { "type": "Point", "coordinates": [ 467917.336105463735294, 986407.780925765866414 ] } },
{ "type": "Feature", "properties": { "population_density": 49.564262, "network_distance_m": 1096.2009601011159, "straight_line_distance_m": 907.43606681953372, "network_penalty_ratio": 1.2080200470135412 }, "geometry": { "type": "Point", "coordinates": [ 473417.336105463735294, 980907.780925765866414 ] } },
{ "type": "Feature", "properties": { "population_density": 3692.3633, "network_distance_m": 1849.6709341741041, "straight_line_distance_m": 1302.6491801669847, "network_penalty_ratio": 1.4199302178480606 }, "geometry": { "type": "Point", "coordinates": [ 472917.336105463735294, 980907.780925765866414 ] } },
{ "type": "Feature", "properties": { "population_density": 7846.8691, "network_distance_m": 221.9021788210448, "straight_line_distance_m": 201.57871317318242, "network_penalty_ratio": 1.1008214871894826 }, "geometry": { "type": "Point", "coordinates": [ 473917.336105463735294, 981407.780925765866414 ] } },
{ "type": "Feature", "properties": { "population_density": 0.0, "network_distance_m": 1648.8987634496352, "straight_line_distance_m": 1134.699660727093, "network_penalty_ratio": 1.4531587701304622 }, "geometry": { "type": "Point", "coordinates": [ 472917.336105463735294, 981407.780925765866414 ] } },
{ "type": "Feature", "properties": { "population_density": 63.969604, "network_distance_m": 656.38332604675065, "straight_line_distance_m": 643.49720188153742, "network_penalty_ratio": 1.0200251440527406 }, "geometry": { "type": "Point", "coordinates": [ 473417.336105463735294, 981407.780925765866414 ] } },
{ "type": "Feature", "properties": { "population_density": 1540.8368, "network_distance_m": 1732.3527688549896, "straight_line_distance_m": 1173.9641193489019, "network_penalty_ratio": 1.4756437103169544 }, "geometry": { "type": "Point", "coordinates": [ 472917.336105463735294, 981907.780925765866414 ] } },
{ "type": "Feature", "properties": { "population_density": 2415.2773, "network_distance_m": 698.81864466503441, "straight_line_distance_m": 710.44850784123059, "network_penalty_ratio": 0.98363025180876984 }, "geometry": { "type": "Point", "coordinates": [ 473417.336105463735294, 981907.780925765866414 ] } },
{ "type": "Feature", "properties": { "population_density": 9541.8457, "network_distance_m": 326.19839539949908, "straight_line_distance_m": 329.20101016908689, "network_penalty_ratio": 0.99087908397351032 }, "geometry": { "type": "Point", "coordinates": [ 473917.336105463735294, 981907.780925765866414 ] } },
{ "type": "Feature", "properties": { "population_density": 165.81653, "network_distance_m": 2572.0240930036693, "straight_line_distance_m": 1828.1944257129542, "network_penalty_ratio": 1.4068657342069286 }, "geometry": { "type": "Point", "coordinates": [ 472417.336105463735294, 982407.780925765866414 ] } },
{ "type": "Feature", "properties": { "population_density": 6653.9238, "network_distance_m": 1662.6903107819082, "straight_line_distance_m": 1403.1536576523279, "network_penalty_ratio": 1.1849666654212494 }, "geometry": { "type": "Point", "coordinates": [ 472917.336105463735294, 982407.780925765866414 ] } },
{ "type": "Feature", "properties": { "population_density": 7398.5229, "network_distance_m": 831.07897373325454, "straight_line_distance_m": 472.09792810235012, "network_penalty_ratio": 1.7603952999198036 }, "geometry": { "type": "Point", "coordinates": [ 474917.336105463735294, 980907.780925765866414 ] } },
{ "type": "Feature", "properties": { "population_density": 8081.8291, "network_distance_m": 0.0, "straight_line_distance_m": 70.318445725223157, "network_penalty_ratio": 0.0 }, "geometry": { "type": "Point", "coordinates": [ 474417.336105463735294, 981407.780925765866414 ] } },
{ "type": "Feature", "properties": { "population_density": 18980.627, "network_distance_m": 570.71642576251872, "straight_line_distance_m": 367.8758043890154, "network_penalty_ratio": 1.5513834260189796 }, "geometry": { "type": "Point", "coordinates": [ 475417.336105463735294, 981407.780925765866414 ] } },
{ "type": "Feature", "properties": { "population_density": 7477.6724, "network_distance_m": 617.13936627392366, "straight_line_distance_m": 143.38851192609337, "network_penalty_ratio": 4.3039666008390913 }, "geometry": { "type": "Point", "coordinates": [ 474917.336105463735294, 981407.780925765866414 ] } },
{ "type": "Feature", "properties": { "population_density": 13398.176, "network_distance_m": 282.2625721760997, "straight_line_distance_m": 213.27808830030543, "network_penalty_ratio": 1.3234485287521001 }, "geometry": { "type": "Point", "coordinates": [ 474417.336105463735294, 981907.780925765866414 ] } },
{ "type": "Feature", "properties": { "population_density": 17334.312, "network_distance_m": 829.44063635873295, "straight_line_distance_m": 564.13125865017184, "network_penalty_ratio": 1.4702972466786923 }, "geometry": { "type": "Point", "coordinates": [ 474917.336105463735294, 981907.780925765866414 ] } },
{ "type": "Feature", "properties": { "population_density": 22279.43, "network_distance_m": 1190.7165691175824, "straight_line_distance_m": 658.03983092873091, "network_penalty_ratio": 1.8094901146592495 }, "geometry": { "type": "Point", "coordinates": [ 475417.336105463735294, 981907.780925765866414 ] } },
{ "type": "Feature", "properties": { "population_density": 15527.267, "network_distance_m": 737.70340478824039, "straight_line_distance_m": 630.74473658050397, "network_penalty_ratio": 1.1695752053161761 }, "geometry": { "type": "Point", "coordinates": [ 474417.336105463735294, 982407.780925765866414 ] } },
{ "type": "Feature", "properties": { "population_density": 14330.531, "network_distance_m": 1084.4291293415397, "straight_line_distance_m": 657.81508254435835, "network_penalty_ratio": 1.6485318718249571 }, "geometry": { "type": "Point", "coordinates": [ 474917.336105463735294, 982407.780925765866414 ] } },
{ "type": "Feature", "properties": { "population_density": 13349.507, "network_distance_m": 1022.6240520884322, "straight_line_distance_m": 615.11532994102708, "network_penalty_ratio": 1.6624915724120779 }, "geometry": { "type": "Point", "coordinates": [ 475417.336105463735294, 982407.780925765866414 ] } },
{ "type": "Feature", "properties": { "population_density": 13801.066, "network_distance_m": 1241.316793086186, "straight_line_distance_m": 1011.7363525240349, "network_penalty_ratio": 1.226917259609585 }, "geometry": { "type": "Point", "coordinates": [ 473417.336105463735294, 982407.780925765866414 ] } },
{ "type": "Feature", "properties": { "population_density": 4938.2808, "network_distance_m": 807.29168416940922, "straight_line_distance_m": 678.76703284066753, "network_penalty_ratio": 1.1893501674512106 }, "geometry": { "type": "Point", "coordinates": [ 473917.336105463735294, 982407.780925765866414 ] } },
{ "type": "Feature", "properties": { "population_density": 3525.9331, "network_distance_m": 1717.5341836545831, "straight_line_distance_m": 1369.6575582216217, "network_penalty_ratio": 1.253988030325367 }, "geometry": { "type": "Point", "coordinates": [ 473417.336105463735294, 982907.780925765866414 ] } },
{ "type": "Feature", "properties": { "population_density": 13448.241, "network_distance_m": 1453.7261419369388, "straight_line_distance_m": 1086.0854561153837, "network_penalty_ratio": 1.3385006987723602 }, "geometry": { "type": "Point", "coordinates": [ 473917.336105463735294, 982907.780925765866414 ] } },
{ "type": "Feature", "properties": { "population_density": 2393.0059, "network_distance_m": 2702.689510503214, "straight_line_distance_m": 1714.306737121723, "network_penalty_ratio": 1.5765495473936948 }, "geometry": { "type": "Point", "coordinates": [ 472917.336105463735294, 982907.780925765866414 ] } },
{ "type": "Feature", "properties": { "population_density": 3131.4431, "network_distance_m": 1942.9437003858666, "straight_line_distance_m": 1535.0270671767353, "network_penalty_ratio": 1.2657390491226861 }, "geometry": { "type": "Point", "coordinates": [ 473417.336105463735294, 983407.780925765866414 ] } },
{ "type": "Feature", "properties": { "population_density": 4186.4932, "network_distance_m": 1473.7150208787673, "straight_line_distance_m": 1060.7054107189792, "network_penalty_ratio": 1.3893725873235974 }, "geometry": { "type": "Point", "coordinates": [ 473917.336105463735294, 983407.780925765866414 ] } },
{ "type": "Feature", "properties": { "population_density": 342.78821, "network_distance_m": 2368.0167549924181, "straight_line_distance_m": 1920.9502022234772, "network_penalty_ratio": 1.2327319845415392 }, "geometry": { "type": "Point", "coordinates": [ 472917.336105463735294, 983407.780925765866414 ] } },
{ "type": "Feature", "properties": { "population_density": 6257.5391, "network_distance_m": 1735.6279527783506, "straight_line_distance_m": 1232.5567730001176, "network_penalty_ratio": 1.4081525417719523 }, "geometry": { "type": "Point", "coordinates": [ 473417.336105463735294, 983907.780925765866414 ] } },
{ "type": "Feature", "properties": { "population_density": 16932.373, "network_distance_m": 1248.1298405866237, "straight_line_distance_m": 827.92186600624007, "network_penalty_ratio": 1.507545448228585 }, "geometry": { "type": "Point", "coordinates": [ 473917.336105463735294, 983907.780925765866414 ] } },
{ "type": "Feature", "properties": { "population_density": 2891.2019, "network_distance_m": 2007.2312716099052, "straight_line_distance_m": 1566.2668596389206, "network_penalty_ratio": 1.2815384934293013 }, "geometry": { "type": "Point", "coordinates": [ 470917.336105463735294, 984407.780925765866414 ] } },
{ "type": "Feature", "properties": { "population_density": 441.27463, "network_distance_m": 2794.3644500705045, "straight_line_distance_m": 2105.4556019238166, "network_penalty_ratio": 1.3272017930547724 }, "geometry": { "type": "Point", "coordinates": [ 472417.336105463735294, 982907.780925765866414 ] } },
{ "type": "Feature", "properties": { "population_density": 2399.8333, "network_distance_m": 3376.5637129696647, "straight_line_distance_m": 2350.2747205123974, "network_penalty_ratio": 1.4366676727193493 }, "geometry": { "type": "Point", "coordinates": [ 472417.336105463735294, 983407.780925765866414 ] } },
{ "type": "Feature", "properties": { "population_density": 1862.9218, "network_distance_m": 3508.8361115534094, "straight_line_distance_m": 2803.1291166010951, "network_penalty_ratio": 1.2517568637038068 }, "geometry": { "type": "Point", "coordinates": [ 471917.336105463735294, 983407.780925765866414 ] } },
{ "type": "Feature", "properties": { "population_density": 13186.914, "network_distance_m": 2916.8199267982532, "straight_line_distance_m": 2164.8739833031582, "network_penalty_ratio": 1.3473393598401409 }, "geometry": { "type": "Point", "coordinates": [ 472417.336105463735294, 983907.780925765866414 ] } },
{ "type": "Feature", "properties": { "population_density": 1357.5172, "network_distance_m": 3194.0151909785573, "straight_line_distance_m": 2360.7604748278231, "network_penalty_ratio": 1.3529602960721823 }, "geometry": { "type": "Point", "coordinates": [ 471917.336105463735294, 983907.780925765866414 ] } },
{ "type": "Feature", "properties": { "population_density": 1380.3019, "network_distance_m": 2649.7307324378635, "straight_line_distance_m": 2085.5616666227197, "network_penalty_ratio": 1.2705118121626862 }, "geometry": { "type": "Point", "coordinates": [ 472417.336105463735294, 984407.780925765866414 ] } },
{ "type": "Feature", "properties": { "population_density": 4343.0581, "network_distance_m": 704.4684387347163, "straight_line_distance_m": 595.31408559772342, "network_penalty_ratio": 1.183355905357752 }, "geometry": { "type": "Point", "coordinates": [ 474417.336105463735294, 982907.780925765866414 ] } },
{ "type": "Feature", "properties": { "population_density": 7860.6152, "network_distance_m": 0.0, "straight_line_distance_m": 170.92718635941472, "network_penalty_ratio": 0.0 }, "geometry": { "type": "Point", "coordinates": [ 474917.336105463735294, 982907.780925765866414 ] } },
{ "type": "Feature", "properties": { "population_density": 18542.588, "network_distance_m": 367.69358151856864, "straight_line_distance_m": 400.18445360822147, "network_penalty_ratio": 0.91881025912750414 }, "geometry": { "type": "Point", "coordinates": [ 475417.336105463735294, 982907.780925765866414 ] } },
{ "type": "Feature", "properties": { "population_density": 21739.293, "network_distance_m": 140.47975595537255, "straight_line_distance_m": 112.90065851249652, "network_penalty_ratio": 1.2442775605230276 }, "geometry": { "type": "Point", "coordinates": [ 475417.336105463735294, 983407.780925765866414 ] } },
{ "type": "Feature", "properties": { "population_density": 4757.3433, "network_distance_m": 930.24563063824269, "straight_line_distance_m": 562.65689316595183, "network_penalty_ratio": 1.6533088671569389 }, "geometry": { "type": "Point", "coordinates": [ 474417.336105463735294, 983407.780925765866414 ] } },
{ "type": "Feature", "properties": { "population_density": 16127.2, "network_distance_m": 268.56938478670384, "straight_line_distance_m": 89.830899615911562, "network_penalty_ratio": 2.9897216429426994 }, "geometry": { "type": "Point", "coordinates": [ 474917.336105463735294, 983407.780925765866414 ] } },
{ "type": "Feature", "properties": { "population_density": 17658.773, "network_distance_m": 808.96191661794478, "straight_line_distance_m": 593.05398890324102, "network_penalty_ratio": 1.3640611677091847 }, "geometry": { "type": "Point", "coordinates": [ 474417.336105463735294, 983907.780925765866414 ] } },
{ "type": "Feature", "properties": { "population_density": 11301.203, "network_distance_m": 539.87891440920077, "straight_line_distance_m": 435.78607717807694, "network_penalty_ratio": 1.238862236960792 }, "geometry": { "type": "Point", "coordinates": [ 474917.336105463735294, 983907.780925765866414 ] } },
{ "type": "Feature", "properties": { "population_density": 2104.5867, "network_distance_m": 735.39468998646112, "straight_line_distance_m": 446.312890381655, "network_penalty_ratio": 1.647711069598738 }, "geometry": { "type": "Point", "coordinates": [ 475417.336105463735294, 983907.780925765866414 ] } },
{ "type": "Feature", "properties": { "population_density": 10162.936, "network_distance_m": 610.26613077881564, "straight_line_distance_m": 120.83515820033533, "network_penalty_ratio": 5.0504020507594456 }, "geometry": { "type": "Point", "coordinates": [ 474417.336105463735294, 984407.780925765866414 ] } },
{ "type": "Feature", "properties": { "population_density": 3585.6052, "network_distance_m": 2232.749401744938, "straight_line_distance_m": 1689.064173181609, "network_penalty_ratio": 1.3218854778851981 }, "geometry": { "type": "Point", "coordinates": [ 472917.336105463735294, 983907.780925765866414 ] } },
{ "type": "Feature", "properties": { "population_density": 4528.4897, "network_distance_m": 1416.5401785902527, "straight_line_distance_m": 1087.2370028525143, "network_penalty_ratio": 1.3028807655311279 }, "geometry": { "type": "Point", "coordinates": [ 473417.336105463735294, 984407.780925765866414 ] } },
{ "type": "Feature", "properties": { "population_density": 13388.63, "network_distance_m": 942.08302114503385, "straight_line_distance_m": 590.20565730473061, "network_penalty_ratio": 1.5961944950633107 }, "geometry": { "type": "Point", "coordinates": [ 473917.336105463735294, 984407.780925765866414 ] } },
{ "type": "Feature", "properties": { "population_density": 2433.5056, "network_distance_m": 1908.9750520273587, "straight_line_distance_m": 1586.1355184311733, "network_penalty_ratio": 1.2035384302568939 }, "geometry": { "type": "Point", "coordinates": [ 472917.336105463735294, 984407.780925765866414 ] } },
{ "type": "Feature", "properties": { "population_density": 10814.802, "network_distance_m": 1098.428111725136, "straight_line_distance_m": 715.00406965118987, "network_penalty_ratio": 1.5362543492388752 }, "geometry": { "type": "Point", "coordinates": [ 473917.336105463735294, 984907.780925765866414 ] } },
{ "type": "Feature", "properties": { "population_density": 6353.708, "network_distance_m": 2112.2225854406529, "straight_line_distance_m": 1636.6777277558895, "network_penalty_ratio": 1.2905549758636974 }, "geometry": { "type": "Point", "coordinates": [ 472917.336105463735294, 984907.780925765866414 ] } },
{ "type": "Feature", "properties": { "population_density": 1930.0485, "network_distance_m": 2569.7202930272106, "straight_line_distance_m": 1159.7294521029346, "network_penalty_ratio": 2.2157929061537094 }, "geometry": { "type": "Point", "coordinates": [ 473417.336105463735294, 984907.780925765866414 ] } },
{ "type": "Feature", "properties": { "population_density": 9566.7637, "network_distance_m": 1386.9567588440975, "straight_line_distance_m": 1083.5676819290145, "network_penalty_ratio": 1.279990887486582 }, "geometry": { "type": "Point", "coordinates": [ 473917.336105463735294, 985407.780925765866414 ] } },
{ "type": "Feature", "properties": { "population_density": 13075.484, "network_distance_m": 2030.8212018824804, "straight_line_distance_m": 1416.9899448401979, "network_penalty_ratio": 1.4331937987827483 }, "geometry": { "type": "Point", "coordinates": [ 473417.336105463735294, 985407.780925765866414 ] } },
{ "type": "Feature", "properties": { "population_density": 1102.8052, "network_distance_m": 2419.3658744068093, "straight_line_distance_m": 1828.004946994246, "network_penalty_ratio": 1.3235007259607952 }, "geometry": { "type": "Point", "coordinates": [ 472917.336105463735294, 985407.780925765866414 ] } },
{ "type": "Feature", "properties": { "population_density": 417.29245, "network_distance_m": 2621.8030819055944, "straight_line_distance_m": 1940.279881122731, "network_penalty_ratio": 1.3512499446154667 }, "geometry": { "type": "Point", "coordinates": [ 471917.336105463735294, 984407.780925765866414 ] } },
{ "type": "Feature", "properties": { "population_density": 3468.6562, "network_distance_m": 2099.9084021995436, "straight_line_distance_m": 1690.8397163381285, "network_penalty_ratio": 1.241932267091135 }, "geometry": { "type": "Point", "coordinates": [ 471417.336105463735294, 984407.780925765866414 ] } },
{ "type": "Feature", "properties": { "population_density": 2448.5029, "network_distance_m": 1897.1303246854718, "straight_line_distance_m": 1245.1646252310386, "network_penalty_ratio": 1.5235979935853556 }, "geometry": { "type": "Point", "coordinates": [ 471417.336105463735294, 984907.780925765866414 ] } },
{ "type": "Feature", "properties": { "population_density": 5041.0571, "network_distance_m": 2602.1215108238957, "straight_line_distance_m": 1965.1791484272437, "network_penalty_ratio": 1.3241141464921427 }, "geometry": { "type": "Point", "coordinates": [ 472417.336105463735294, 984907.780925765866414 ] } },
{ "type": "Feature", "properties": { "population_density": 4560.1562, "network_distance_m": 2314.850979539191, "straight_line_distance_m": 1567.2211122461276, "network_penalty_ratio": 1.4770417278399006 }, "geometry": { "type": "Point", "coordinates": [ 471917.336105463735294, 984907.780925765866414 ] } },
{ "type": "Feature", "properties": { "population_density": 660.9649, "network_distance_m": 2799.0733819076931, "straight_line_distance_m": 1747.4052429226533, "network_penalty_ratio": 1.6018455897648869 }, "geometry": { "type": "Point", "coordinates": [ 472417.336105463735294, 985407.780925765866414 ] } },
{ "type": "Feature", "properties": { "population_density": 3104.99, "network_distance_m": 1364.4444451059499, "straight_line_distance_m": 861.35413246068742, "network_penalty_ratio": 1.5840690764529695 }, "geometry": { "type": "Point", "coordinates": [ 471417.336105463735294, 985407.780925765866414 ] } },
{ "type": "Feature", "properties": { "population_density": 6708.5225, "network_distance_m": 1923.6121498592879, "straight_line_distance_m": 1283.6191071538083, "network_penalty_ratio": 1.49858485210971 }, "geometry": { "type": "Point", "coordinates": [ 471917.336105463735294, 985407.780925765866414 ] } },
{ "type": "Feature", "properties": { "population_density": 9928.8594, "network_distance_m": 2063.3372092712229, "straight_line_distance_m": 1656.7803356431798, "network_penalty_ratio": 1.2453897266170855 }, "geometry": { "type": "Point", "coordinates": [ 472417.336105463735294, 985907.780925765866414 ] } },
{ "type": "Feature", "properties": { "population_density": 13091.722, "network_distance_m": 1119.0211332033043, "straight_line_distance_m": 658.35168343937107, "network_penalty_ratio": 1.6997315589098168 }, "geometry": { "type": "Point", "coordinates": [ 471417.336105463735294, 985907.780925765866414 ] } },
{ "type": "Feature", "properties": { "population_density": 1077.2678, "network_distance_m": 1435.1703889462265, "straight_line_distance_m": 1113.0771772165126, "network_penalty_ratio": 1.2893718587736898 }, "geometry": { "type": "Point", "coordinates": [ 470417.336105463735294, 984907.780925765866414 ] } },
{ "type": "Feature", "properties": { "population_density": 2297.3994, "network_distance_m": 1443.1730354034212, "straight_line_distance_m": 1069.900870727525, "network_penalty_ratio": 1.3488848124986326 }, "geometry": { "type": "Point", "coordinates": [ 470917.336105463735294, 984907.780925765866414 ] } },
{ "type": "Feature", "properties": { "population_density": 8002.686, "network_distance_m": 1134.8781316323875, "straight_line_distance_m": 656.07682478550487, "network_penalty_ratio": 1.7297945739866973 }, "geometry": { "type": "Point", "coordinates": [ 470417.336105463735294, 985407.780925765866414 ] } },
{ "type": "Feature", "properties": { "population_density": 2520.7341, "network_distance_m": 865.54652458763462, "straight_line_distance_m": 579.81365175706821, "network_penalty_ratio": 1.4928012163299036 }, "geometry": { "type": "Point", "coordinates": [ 470917.336105463735294, 985407.780925765866414 ] } },
{ "type": "Feature", "properties": { "population_density": 67.742447, "network_distance_m": 1691.6386060521331, "straight_line_distance_m": 1012.2695931802917, "network_penalty_ratio": 1.6711344660046914 }, "geometry": { "type": "Point", "coordinates": [ 469917.336105463735294, 985407.780925765866414 ] } },
{ "type": "Feature", "properties": { "population_density": 4516.2734, "network_distance_m": 1213.7821071160749, "straight_line_distance_m": 846.27757081098616, "network_penalty_ratio": 1.4342600453807488 }, "geometry": { "type": "Point", "coordinates": [ 469917.336105463735294, 985907.780925765866414 ] } },
{ "type": "Feature", "properties": { "population_density": 12466.163, "network_distance_m": 279.87755730252559, "straight_line_distance_m": 166.37267907988121, "network_penalty_ratio": 1.6822326769658305 }, "geometry": { "type": "Point", "coordinates": [ 470917.336105463735294, 985907.780925765866414 ] } },
{ "type": "Feature", "properties": { "population_density": 16236.175, "network_distance_m": 438.60066572342072, "straight_line_distance_m": 425.27585518118832, "network_penalty_ratio": 1.0313321585975188 }, "geometry": { "type": "Point", "coordinates": [ 474917.336105463735294, 984407.780925765866414 ] } },
{ "type": "Feature", "properties": { "population_density": 2364.262, "network_distance_m": 996.9090272592307, "straight_line_distance_m": 920.39011866864485, "network_penalty_ratio": 1.0831374729460062 }, "geometry": { "type": "Point", "coordinates": [ 475417.336105463735294, 984407.780925765866414 ] } },
{ "type": "Feature", "properties": { "population_density": 7892.1084, "network_distance_m": 785.77321989844927, "straight_line_distance_m": 586.29996989880999, "network_penalty_ratio": 1.340223878971146 }, "geometry": { "type": "Point", "coordinates": [ 474917.336105463735294, 984907.780925765866414 ] } },
{ "type": "Feature", "properties": { "population_density": 7435.2925, "network_distance_m": 1272.7778528286417, "straight_line_distance_m": 1004.9905831629153, "network_penalty_ratio": 1.2664574913955351 }, "geometry": { "type": "Point", "coordinates": [ 475417.336105463735294, 984907.780925765866414 ] } },
{ "type": "Feature", "properties": { "population_density": 18208.951, "network_distance_m": 629.05671937860029, "straight_line_distance_m": 421.29471532474099, "network_penalty_ratio": 1.4931512228766337 }, "geometry": { "type": "Point", "coordinates": [ 474417.336105463735294, 984907.780925765866414 ] } },
{ "type": "Feature", "properties": { "population_density": 18804.898, "network_distance_m": 1221.5382121149273, "straight_line_distance_m": 916.72097110506263, "network_penalty_ratio": 1.3325082010968095 }, "geometry": { "type": "Point", "coordinates": [ 474417.336105463735294, 985407.780925765866414 ] } },
{ "type": "Feature", "properties": { "population_density": 2933.1936, "network_distance_m": 1318.6546553609646, "straight_line_distance_m": 1003.3123922321503, "network_penalty_ratio": 1.3143011743603075 }, "geometry": { "type": "Point", "coordinates": [ 474917.336105463735294, 985407.780925765866414 ] } },
{ "type": "Feature", "properties": { "population_density": 5296.9985, "network_distance_m": 1700.7890022555052, "straight_line_distance_m": 1293.4041031129409, "network_penalty_ratio": 1.3149710892072153 }, "geometry": { "type": "Point", "coordinates": [ 475417.336105463735294, 985407.780925765866414 ] } },
{ "type": "Feature", "properties": { "population_density": 5706.1494, "network_distance_m": 2108.5960121411713, "straight_line_distance_m": 1472.9303643111764, "network_penalty_ratio": 1.4315653090139582 }, "geometry": { "type": "Point", "coordinates": [ 474917.336105463735294, 985907.780925765866414 ] } },
{ "type": "Feature", "properties": { "population_density": 10437.818, "network_distance_m": 1750.4150988197855, "straight_line_distance_m": 1415.3675990946888, "network_penalty_ratio": 1.2367211881488618 }, "geometry": { "type": "Point", "coordinates": [ 474417.336105463735294, 985907.780925765866414 ] } },
{ "type": "Feature", "properties": { "population_density": 16009.708, "network_distance_m": 2262.0617372433926, "straight_line_distance_m": 1476.7418034355021, "network_penalty_ratio": 1.5317923092452024 }, "geometry": { "type": "Point", "coordinates": [ 464417.336105463735294, 990407.780925765866414 ] } },
{ "type": "Feature", "properties": { "population_density": 719.9364, "network_distance_m": 2676.2497809843835, "straight_line_distance_m": 2234.1801481591206, "network_penalty_ratio": 1.1978666013971664 }, "geometry": { "type": "Point", "coordinates": [ 462417.336105463735294, 990907.780925765866414 ] } },
{ "type": "Feature", "properties": { "population_density": 2001.8824, "network_distance_m": 2773.0268890483881, "straight_line_distance_m": 2415.5999988453846, "network_penalty_ratio": 1.1479660913950354 }, "geometry": { "type": "Point", "coordinates": [ 461917.336105463735294, 991407.780925765866414 ] } },
{ "type": "Feature", "properties": { "population_density": 1229.2046, "network_distance_m": 3273.6367608517808, "straight_line_distance_m": 2885.7133165674891, "network_penalty_ratio": 1.1344289614831595 }, "geometry": { "type": "Point", "coordinates": [ 461417.336105463735294, 991407.780925765866414 ] } },
{ "type": "Feature", "properties": { "population_density": 281.49841, "network_distance_m": 3739.7792972577727, "straight_line_distance_m": 3364.4552807858881, "network_penalty_ratio": 1.1115556561608435 }, "geometry": { "type": "Point", "coordinates": [ 460917.336105463735294, 991407.780925765866414 ] } },
{ "type": "Feature", "properties": { "population_density": 876.75629, "network_distance_m": 3447.3005061421236, "straight_line_distance_m": 3266.6349299253579, "network_penalty_ratio": 1.0553063259569364 }, "geometry": { "type": "Point", "coordinates": [ 460917.336105463735294, 991907.780925765866414 ] } },
{ "type": "Feature", "properties": { "population_density": 209.69196, "network_distance_m": 2494.3117327126283, "straight_line_distance_m": 1994.7168148372655, "network_penalty_ratio": 1.2504590697582911 }, "geometry": { "type": "Point", "coordinates": [ 467917.336105463735294, 986907.780925765866414 ] } },
{ "type": "Feature", "properties": { "population_density": 42.545368, "network_distance_m": 2685.4592326997076, "straight_line_distance_m": 2448.5464202467952, "network_penalty_ratio": 1.096756512555328 }, "geometry": { "type": "Point", "coordinates": [ 467417.336105463735294, 986907.780925765866414 ] } },
{ "type": "Feature", "properties": { "population_density": 1195.5906, "network_distance_m": 2959.1937581582292, "straight_line_distance_m": 2589.6487768083298, "network_penalty_ratio": 1.1427008112680646 }, "geometry": { "type": "Point", "coordinates": [ 466917.336105463735294, 987407.780925765866414 ] } },
{ "type": "Feature", "properties": { "population_density": 1438.0068, "network_distance_m": 2962.2361903566707, "straight_line_distance_m": 2306.2666059615876, "network_penalty_ratio": 1.2844292080973785 }, "geometry": { "type": "Point", "coordinates": [ 467417.336105463735294, 987407.780925765866414 ] } },
{ "type": "Feature", "properties": { "population_density": 466.70468, "network_distance_m": 2561.7317944590368, "straight_line_distance_m": 1900.1662734049603, "network_penalty_ratio": 1.3481619110461311 }, "geometry": { "type": "Point", "coordinates": [ 467417.336105463735294, 987907.780925765866414 ] } },
{ "type": "Feature", "properties": { "population_density": 4355.6343, "network_distance_m": 2332.5701385182219, "straight_line_distance_m": 2179.932356007143, "network_penalty_ratio": 1.0700195040871161 }, "geometry": { "type": "Point", "coordinates": [ 466917.336105463735294, 987907.780925765866414 ] } },
{ "type": "Feature", "properties": { "population_density": 4558.1592, "network_distance_m": 2383.5117800016656, "straight_line_distance_m": 1699.9704959598946, "network_penalty_ratio": 1.4020900866610668 }, "geometry": { "type": "Point", "coordinates": [ 467917.336105463735294, 987907.780925765866414 ] } },
{ "type": "Feature", "properties": { "population_density": 8868.9688, "network_distance_m": 1917.4361587860787, "straight_line_distance_m": 1724.4498806198458, "network_penalty_ratio": 1.1119117930507003 }, "geometry": { "type": "Point", "coordinates": [ 466917.336105463735294, 988407.780925765866414 ] } },
{ "type": "Feature", "properties": { "population_density": 76.139984, "network_distance_m": 2198.9476864499311, "straight_line_distance_m": 1488.2887601118896, "network_penalty_ratio": 1.4775007010632897 }, "geometry": { "type": "Point", "coordinates": [ 467417.336105463735294, 988407.780925765866414 ] } },
{ "type": "Feature", "properties": { "population_density": 4018.3198, "network_distance_m": 984.4489524465705, "straight_line_distance_m": 964.07570722838989, "network_penalty_ratio": 1.0211324121803167 }, "geometry": { "type": "Point", "coordinates": [ 469417.336105463735294, 986907.780925765866414 ] } },
{ "type": "Feature", "properties": { "population_density": 1108.4158, "network_distance_m": 1399.5850685842518, "straight_line_distance_m": 1202.4667853944195, "network_penalty_ratio": 1.1639282561348885 }, "geometry": { "type": "Point", "coordinates": [ 468917.336105463735294, 986907.780925765866414 ] } },
{ "type": "Feature", "properties": { "population_density": 3923.6411, "network_distance_m": 1738.7584055639027, "straight_line_distance_m": 1336.3745194951312, "network_penalty_ratio": 1.3011011360952827 }, "geometry": { "type": "Point", "coordinates": [ 468417.336105463735294, 987407.780925765866414 ] } },
{ "type": "Feature", "properties": { "population_density": 2171.856, "network_distance_m": 2134.7524270022177, "straight_line_distance_m": 1817.2455137005322, "network_penalty_ratio": 1.1747187768014533 }, "geometry": { "type": "Point", "coordinates": [ 467917.336105463735294, 987407.780925765866414 ] } },
{ "type": "Feature", "properties": { "population_density": 2136.5669, "network_distance_m": 956.74439956985532, "straight_line_distance_m": 877.16159038513194, "network_penalty_ratio": 1.0907276493374285 }, "geometry": { "type": "Point", "coordinates": [ 468917.336105463735294, 987407.780925765866414 ] } },
{ "type": "Feature", "properties": { "population_density": 11.558256, "network_distance_m": 1255.7630032240156, "straight_line_distance_m": 1268.6145758369751, "network_penalty_ratio": 0.98986960038317351 }, "geometry": { "type": "Point", "coordinates": [ 468417.336105463735294, 987907.780925765866414 ] } },
{ "type": "Feature", "properties": { "population_density": 4044.1379, "network_distance_m": 1089.1629083044998, "straight_line_distance_m": 769.99905280276766, "network_penalty_ratio": 1.4144990235247532 }, "geometry": { "type": "Point", "coordinates": [ 468917.336105463735294, 987907.780925765866414 ] } },
{ "type": "Feature", "properties": { "population_density": 5536.7842, "network_distance_m": 1347.0236296076714, "straight_line_distance_m": 932.71318860643942, "network_penalty_ratio": 1.4441991879843046 }, "geometry": { "type": "Point", "coordinates": [ 468917.336105463735294, 988407.780925765866414 ] } },
{ "type": "Feature", "properties": { "population_density": 3709.5203, "network_distance_m": 1973.767821293739, "straight_line_distance_m": 1038.4674058898429, "network_penalty_ratio": 1.9006545704748961 }, "geometry": { "type": "Point", "coordinates": [ 468417.336105463735294, 988407.780925765866414 ] } },
{ "type": "Feature", "properties": { "population_density": 6822.3438, "network_distance_m": 2250.696318581131, "straight_line_distance_m": 1230.8464347539498, "network_penalty_ratio": 1.8285760554939192 }, "geometry": { "type": "Point", "coordinates": [ 467917.336105463735294, 988407.780925765866414 ] } },
{ "type": "Feature", "properties": { "population_density": 10482.253, "network_distance_m": 604.00015111327491, "straight_line_distance_m": 502.91953127523828, "network_penalty_ratio": 1.2009876601565452 }, "geometry": { "type": "Point", "coordinates": [ 469417.336105463735294, 987407.780925765866414 ] } },
{ "type": "Feature", "properties": { "population_density": 15937.378, "network_distance_m": 332.05989263086167, "straight_line_distance_m": 276.43107750086762, "network_penalty_ratio": 1.2012393672698376 }, "geometry": { "type": "Point", "coordinates": [ 469417.336105463735294, 987907.780925765866414 ] } },
{ "type": "Feature", "properties": { "population_density": 9763.8828, "network_distance_m": 1056.7158201055538, "straight_line_distance_m": 737.18745186726653, "network_penalty_ratio": 1.4334424947534505 }, "geometry": { "type": "Point", "coordinates": [ 470417.336105463735294, 987907.780925765866414 ] } },
{ "type": "Feature", "properties": { "population_density": 12038.255, "network_distance_m": 474.35401224298641, "straight_line_distance_m": 244.80551443834358, "network_penalty_ratio": 1.937676989553504 }, "geometry": { "type": "Point", "coordinates": [ 469917.336105463735294, 987907.780925765866414 ] } },
{ "type": "Feature", "properties": { "population_density": 3276.5278, "network_distance_m": 1068.5774436997149, "straight_line_distance_m": 1002.7751877592644, "network_penalty_ratio": 1.0656201477097651 }, "geometry": { "type": "Point", "coordinates": [ 470917.336105463735294, 987907.780925765866414 ] } },
{ "type": "Feature", "properties": { "population_density": 18550.133, "network_distance_m": 768.37736207914952, "straight_line_distance_m": 632.37664906167743, "network_penalty_ratio": 1.215062831967737 }, "geometry": { "type": "Point", "coordinates": [ 469417.336105463735294, 988407.780925765866414 ] } },
{ "type": "Feature", "properties": { "population_density": 12690.226, "network_distance_m": 1466.1720105128554, "straight_line_distance_m": 645.54739203808867, "network_penalty_ratio": 2.2712073948342248 }, "geometry": { "type": "Point", "coordinates": [ 470417.336105463735294, 988407.780925765866414 ] } },
{ "type": "Feature", "properties": { "population_density": 19520.25, "network_distance_m": 1054.6136780845729, "straight_line_distance_m": 619.20580227385415, "network_penalty_ratio": 1.7031715048725469 }, "geometry": { "type": "Point", "coordinates": [ 469917.336105463735294, 988407.780925765866414 ] } },
{ "type": "Feature", "properties": { "population_density": 10139.508, "network_distance_m": 507.98573105742537, "straight_line_distance_m": 506.79344949511204, "network_penalty_ratio": 1.0023525986050157 }, "geometry": { "type": "Point", "coordinates": [ 470917.336105463735294, 988407.780925765866414 ] } },
{ "type": "Feature", "properties": { "population_density": 19776.795, "network_distance_m": 597.46946651055441, "straight_line_distance_m": 528.23241133930878, "network_penalty_ratio": 1.1310730914744482 }, "geometry": { "type": "Point", "coordinates": [ 469417.336105463735294, 988907.780925765866414 ] } },
{ "type": "Feature", "properties": { "population_density": 14553.221, "network_distance_m": 2625.3063642334105, "straight_line_distance_m": 1681.6291290980148, "network_penalty_ratio": 1.5611684638464614 }, "geometry": { "type": "Point", "coordinates": [ 465417.336105463735294, 988407.780925765866414 ] } },
{ "type": "Feature", "properties": { "population_density": 8174.6187, "network_distance_m": 2016.567192886977, "straight_line_distance_m": 1541.5879741824333, "network_penalty_ratio": 1.308110355464108 }, "geometry": { "type": "Point", "coordinates": [ 465917.336105463735294, 988407.780925765866414 ] } },
{ "type": "Feature", "properties": { "population_density": 18735.299, "network_distance_m": 1418.8301106366719, "straight_line_distance_m": 1047.9102042383429, "network_penalty_ratio": 1.3539615368741698 }, "geometry": { "type": "Point", "coordinates": [ 465917.336105463735294, 988907.780925765866414 ] } },
{ "type": "Feature", "properties": { "population_density": 13699.527, "network_distance_m": 1663.1393139001359, "straight_line_distance_m": 1070.8560829821142, "network_penalty_ratio": 1.5530932123657872 }, "geometry": { "type": "Point", "coordinates": [ 466417.336105463735294, 988907.780925765866414 ] } },
{ "type": "Feature", "properties": { "population_density": 14602.665, "network_distance_m": 1789.2653629615525, "straight_line_distance_m": 1244.7886735642701, "network_penalty_ratio": 1.4374049193733849 }, "geometry": { "type": "Point", "coordinates": [ 465417.336105463735294, 988907.780925765866414 ] } },
{ "type": "Feature", "properties": { "population_density": 21664.008, "network_distance_m": 948.84071081908587, "straight_line_distance_m": 475.99860106357301, "network_penalty_ratio": 1.9933686962503518 }, "geometry": { "type": "Point", "coordinates": [ 469917.336105463735294, 988907.780925765866414 ] } },
{ "type": "Feature", "properties": { "population_density": 4724.8809, "network_distance_m": 645.3080606150578, "straight_line_distance_m": 300.27739958421625, "network_penalty_ratio": 2.1490397262950642 }, "geometry": { "type": "Point", "coordinates": [ 470417.336105463735294, 988907.780925765866414 ] } },
{ "type": "Feature", "properties": { "population_density": 17375.262, "network_distance_m": 113.13697211233708, "straight_line_distance_m": 90.11727757029351, "network_penalty_ratio": 1.2554415220110005 }, "geometry": { "type": "Point", "coordinates": [ 470917.336105463735294, 988907.780925765866414 ] } },
{ "type": "Feature", "properties": { "population_density": 21887.277, "network_distance_m": 450.06600515368717, "straight_line_distance_m": 335.89815511464246, "network_penalty_ratio": 1.3398882914378589 }, "geometry": { "type": "Point", "coordinates": [ 469417.336105463735294, 989407.780925765866414 ] } },
{ "type": "Feature", "properties": { "population_density": 22901.176, "network_distance_m": 224.7682217406946, "straight_line_distance_m": 124.52808429392992, "network_penalty_ratio": 1.8049600860329853 }, "geometry": { "type": "Point", "coordinates": [ 470417.336105463735294, 989407.780925765866414 ] } },
{ "type": "Feature", "properties": { "population_density": 18136.59, "network_distance_m": 203.93382865110112, "straight_line_distance_m": 117.2496357227563, "network_penalty_ratio": 1.7393131108169473 }, "geometry": { "type": "Point", "coordinates": [ 469917.336105463735294, 989407.780925765866414 ] } },
{ "type": "Feature", "properties": { "population_density": 2602.2637, "network_distance_m": 1695.8295065351062, "straight_line_distance_m": 548.5620164938141, "network_penalty_ratio": 3.0914089119297041 }, "geometry": { "type": "Point", "coordinates": [ 469917.336105463735294, 989907.780925765866414 ] } },
{ "type": "Feature", "properties": { "population_density": 4284.8994, "network_distance_m": 1327.8301002951891, "straight_line_distance_m": 663.11333844259218, "network_penalty_ratio": 2.002418023159918 }, "geometry": { "type": "Point", "coordinates": [ 469417.336105463735294, 989907.780925765866414 ] } },
{ "type": "Feature", "properties": { "population_density": 18453.072, "network_distance_m": 967.43476756594555, "straight_line_distance_m": 590.25016101008441, "network_penalty_ratio": 1.6390249956228593 }, "geometry": { "type": "Point", "coordinates": [ 470417.336105463735294, 989907.780925765866414 ] } },
{ "type": "Feature", "properties": { "population_density": 19624.816, "network_distance_m": 1300.3191390647853, "straight_line_distance_m": 985.07923429002813, "network_penalty_ratio": 1.3200147701844092 }, "geometry": { "type": "Point", "coordinates": [ 469917.336105463735294, 990407.780925765866414 ] } },
{ "type": "Feature", "properties": { "population_density": 947.18329, "network_distance_m": 1918.8329677628951, "straight_line_distance_m": 786.99079590310339, "network_penalty_ratio": 2.4381898463767389 }, "geometry": { "type": "Point", "coordinates": [ 467917.336105463735294, 988907.780925765866414 ] } },
{ "type": "Feature", "properties": { "population_density": 1467.6151, "network_distance_m": 1716.6362124802372, "straight_line_distance_m": 1148.6405009249311, "network_penalty_ratio": 1.4944938917772213 }, "geometry": { "type": "Point", "coordinates": [ 467417.336105463735294, 988907.780925765866414 ] } },
{ "type": "Feature", "properties": { "population_density": 12419.079, "network_distance_m": 1573.7910074830993, "straight_line_distance_m": 1302.0559530115238, "network_penalty_ratio": 1.2086969103309884 }, "geometry": { "type": "Point", "coordinates": [ 466917.336105463735294, 988907.780925765866414 ] } },
{ "type": "Feature", "properties": { "population_density": 14665.164, "network_distance_m": 1101.7767838944071, "straight_line_distance_m": 472.99691301940999, "network_penalty_ratio": 2.3293530117588621 }, "geometry": { "type": "Point", "coordinates": [ 467917.336105463735294, 989407.780925765866414 ] } },
{ "type": "Feature", "properties": { "population_density": 1650.2189, "network_distance_m": 1360.5202099736505, "straight_line_distance_m": 888.89862849281894, "network_penalty_ratio": 1.5305684656983827 }, "geometry": { "type": "Point", "coordinates": [ 467417.336105463735294, 989407.780925765866414 ] } },
{ "type": "Feature", "properties": { "population_density": 17030.951, "network_distance_m": 1257.6721630666204, "straight_line_distance_m": 957.58655941679456, "network_penalty_ratio": 1.3133770004380483 }, "geometry": { "type": "Point", "coordinates": [ 466917.336105463735294, 989407.780925765866414 ] } },
{ "type": "Feature", "properties": { "population_density": 8399.3066, "network_distance_m": 335.8093521666662, "straight_line_distance_m": 299.96229507338137, "network_penalty_ratio": 1.1195052100948732 }, "geometry": { "type": "Point", "coordinates": [ 466417.336105463735294, 989907.780925765866414 ] } },
{ "type": "Feature", "properties": { "population_density": 2351.2202, "network_distance_m": 1004.7826959570924, "straight_line_distance_m": 799.12097505862096, "network_penalty_ratio": 1.257359933373523 }, "geometry": { "type": "Point", "coordinates": [ 466917.336105463735294, 989907.780925765866414 ] } },
{ "type": "Feature", "properties": { "population_density": 7363.7603, "network_distance_m": 789.03396936034733, "straight_line_distance_m": 709.54366444018274, "network_penalty_ratio": 1.112030180669545 }, "geometry": { "type": "Point", "coordinates": [ 467417.336105463735294, 989907.780925765866414 ] } },
{ "type": "Feature", "properties": { "population_density": 9931.1318, "network_distance_m": 1059.6205304478221, "straight_line_distance_m": 724.50295822079886, "network_penalty_ratio": 1.4625482455585683 }, "geometry": { "type": "Point", "coordinates": [ 467417.336105463735294, 990407.780925765866414 ] } },
{ "type": "Feature", "properties": { "population_density": 440.76337, "network_distance_m": 1946.823457152414, "straight_line_distance_m": 584.98221585773342, "network_penalty_ratio": 3.32800451770636 }, "geometry": { "type": "Point", "coordinates": [ 468417.336105463735294, 988907.780925765866414 ] } },
{ "type": "Feature", "properties": { "population_density": 17986.74, "network_distance_m": 499.89888330586609, "straight_line_distance_m": 451.38894804865498, "network_penalty_ratio": 1.1074681501771777 }, "geometry": { "type": "Point", "coordinates": [ 468917.336105463735294, 988907.780925765866414 ] } },
{ "type": "Feature", "properties": { "population_density": 18293.852, "network_distance_m": 177.68219793159332, "straight_line_distance_m": 175.26853348868275, "network_penalty_ratio": 1.0137712365983049 }, "geometry": { "type": "Point", "coordinates": [ 468917.336105463735294, 989407.780925765866414 ] } },
{ "type": "Feature", "properties": { "population_density": 11707.792, "network_distance_m": 413.13084904209688, "straight_line_distance_m": 153.96620472368244, "network_penalty_ratio": 2.6832566911909521 }, "geometry": { "type": "Point", "coordinates": [ 468417.336105463735294, 989407.780925765866414 ] } },
{ "type": "Feature", "properties": { "population_density": 16316.973, "network_distance_m": 422.36007880563466, "straight_line_distance_m": 293.70600531395047, "network_penalty_ratio": 1.4380369184285569 }, "geometry": { "type": "Point", "coordinates": [ 468417.336105463735294, 989907.780925765866414 ] } },
{ "type": "Feature", "properties": { "population_density": 6251.0684, "network_distance_m": 874.27576504642286, "straight_line_distance_m": 542.68655649971447, "network_penalty_ratio": 1.6110142301763151 }, "geometry": { "type": "Point", "coordinates": [ 468917.336105463735294, 989907.780925765866414 ] } },
{ "type": "Feature", "properties": { "population_density": 3505.0303, "network_distance_m": 316.87422256351022, "straight_line_distance_m": 211.79639905423434, "network_penalty_ratio": 1.4961265818422569 }, "geometry": { "type": "Point", "coordinates": [ 467917.336105463735294, 989907.780925765866414 ] } },
{ "type": "Feature", "properties": { "population_density": 7485.9448, "network_distance_m": 962.1126496795838, "straight_line_distance_m": 499.13451157403006, "network_penalty_ratio": 1.9275618643269998 }, "geometry": { "type": "Point", "coordinates": [ 469417.336105463735294, 990407.780925765866414 ] } },
{ "type": "Feature", "properties": { "population_density": 12352.802, "network_distance_m": 262.1146461890915, "straight_line_distance_m": 238.45792576323313, "network_penalty_ratio": 1.0992071047759902 }, "geometry": { "type": "Point", "coordinates": [ 467917.336105463735294, 990407.780925765866414 ] } },
{ "type": "Feature", "properties": { "population_density": 8352.4033, "network_distance_m": 259.87306721277491, "straight_line_distance_m": 155.43621941010025, "network_penalty_ratio": 1.6718951876147365 }, "geometry": { "type": "Point", "coordinates": [ 468417.336105463735294, 990407.780925765866414 ] } },
{ "type": "Feature", "properties": { "population_density": 21057.609, "network_distance_m": 739.84386998884781, "straight_line_distance_m": 606.9226181835237, "network_penalty_ratio": 1.219008565215691 }, "geometry": { "type": "Point", "coordinates": [ 466417.336105463735294, 989407.780925765866414 ] } },
{ "type": "Feature", "properties": { "population_density": 10048.113, "network_distance_m": 836.16139460946374, "straight_line_distance_m": 565.45389745742534, "network_penalty_ratio": 1.4787437107946024 }, "geometry": { "type": "Point", "coordinates": [ 465917.336105463735294, 989407.780925765866414 ] } },
{ "type": "Feature", "properties": { "population_density": 15251.111, "network_distance_m": 1384.5266706244463, "straight_line_distance_m": 870.44023710123497, "network_penalty_ratio": 1.5906050887941907 }, "geometry": { "type": "Point", "coordinates": [ 465417.336105463735294, 989407.780925765866414 ] } },
{ "type": "Feature", "properties": { "population_density": 17718.943, "network_distance_m": 1600.4843909877159, "straight_line_distance_m": 565.47082535898585, "network_penalty_ratio": 2.8303571452544127 }, "geometry": { "type": "Point", "coordinates": [ 465417.336105463735294, 989907.780925765866414 ] } },
{ "type": "Feature", "properties": { "population_density": 9247.9541, "network_distance_m": 354.54194867627336, "straight_line_distance_m": 190.843064060058, "network_penalty_ratio": 1.8577670109336517 }, "geometry": { "type": "Point", "coordinates": [ 465917.336105463735294, 989907.780925765866414 ] } },
{ "type": "Feature", "properties": { "population_density": 7024.1816, "network_distance_m": 627.91351045481929, "straight_line_distance_m": 490.86548791972882, "network_penalty_ratio": 1.2791966962596928 }, "geometry": { "type": "Point", "coordinates": [ 465417.336105463735294, 990407.780925765866414 ] } },
{ "type": "Feature", "properties": { "population_density": 327.30499, "network_distance_m": 2420.7217074823548, "straight_line_distance_m": 980.23346230492768, "network_penalty_ratio": 2.4695358815748376 }, "geometry": { "type": "Point", "coordinates": [ 464917.336105463735294, 990407.780925765866414 ] } },
{ "type": "Feature", "properties": { "population_density": 7555.793, "network_distance_m": 221.20844373565151, "straight_line_distance_m": 145.05245202698464, "network_penalty_ratio": 1.525023814795625 }, "geometry": { "type": "Point", "coordinates": [ 465917.336105463735294, 990407.780925765866414 ] } },
{ "type": "Feature", "properties": { "population_density": 8399.8076, "network_distance_m": 1373.6422872184794, "straight_line_distance_m": 548.75449925026396, "network_penalty_ratio": 2.5032000450023073 }, "geometry": { "type": "Point", "coordinates": [ 466417.336105463735294, 990407.780925765866414 ] } },
{ "type": "Feature", "properties": { "population_density": 11529.491, "network_distance_m": 668.94229280241132, "straight_line_distance_m": 167.00126783669324, "network_penalty_ratio": 4.0056120619189244 }, "geometry": { "type": "Point", "coordinates": [ 468917.336105463735294, 990407.780925765866414 ] } },
{ "type": "Feature", "properties": { "population_density": 18166.031, "network_distance_m": 709.65737651173663, "straight_line_distance_m": 336.72275712744056, "network_penalty_ratio": 2.1075420698196239 }, "geometry": { "type": "Point", "coordinates": [ 468917.336105463735294, 990907.780925765866414 ] } },
{ "type": "Feature", "properties": { "population_density": 4946.0864, "network_distance_m": 661.32269621056798, "straight_line_distance_m": 417.08273282472919, "network_penalty_ratio": 1.5855911649271652 }, "geometry": { "type": "Point", "coordinates": [ 469417.336105463735294, 990907.780925765866414 ] } },
{ "type": "Feature", "properties": { "population_density": 14990.888, "network_distance_m": 1210.7618555016654, "straight_line_distance_m": 207.19077547711348, "network_penalty_ratio": 5.8437054097295347 }, "geometry": { "type": "Point", "coordinates": [ 468417.336105463735294, 990907.780925765866414 ] } },
{ "type": "Feature", "properties": { "population_density": 21167.264, "network_distance_m": 866.90846465752077, "straight_line_distance_m": 702.75419656380006, "network_penalty_ratio": 1.2335870335550787 }, "geometry": { "type": "Point", "coordinates": [ 468417.336105463735294, 991407.780925765866414 ] } },
{ "type": "Feature", "properties": { "population_density": 20683.426, "network_distance_m": 961.0106039471176, "straight_line_distance_m": 606.56162662098291, "network_penalty_ratio": 1.584357733443656 }, "geometry": { "type": "Point", "coordinates": [ 468917.336105463735294, 991407.780925765866414 ] } },
{ "type": "Feature", "properties": { "population_density": 5495.5273, "network_distance_m": 237.51846830304027, "straight_line_distance_m": 137.18244404315067, "network_penalty_ratio": 1.7314057200229569 }, "geometry": { "type": "Point", "coordinates": [ 469417.336105463735294, 991407.780925765866414 ] } },
{ "type": "Feature", "properties": { "population_density": 13414.079, "network_distance_m": 204.51416226329556, "straight_line_distance_m": 108.02982018505881, "network_penalty_ratio": 1.8931269339609724 }, "geometry": { "type": "Point", "coordinates": [ 469417.336105463735294, 991907.780925765866414 ] } },
{ "type": "Feature", "properties": { "population_density": 2400.1038, "network_distance_m": 1680.9724515361895, "straight_line_distance_m": 450.34932446692386, "network_penalty_ratio": 3.7325968092123771 }, "geometry": { "type": "Point", "coordinates": [ 468917.336105463735294, 991907.780925765866414 ] } },
{ "type": "Feature", "properties": { "population_density": 4792.0146, "network_distance_m": 1331.824388283321, "straight_line_distance_m": 701.46217315613717, "network_penalty_ratio": 1.8986403533221921 }, "geometry": { "type": "Point", "coordinates": [ 468417.336105463735294, 991907.780925765866414 ] } },
{ "type": "Feature", "properties": { "population_density": 13460.301, "network_distance_m": 716.82082787677348, "straight_line_distance_m": 349.18877072577874, "network_penalty_ratio": 2.0528175244206226 }, "geometry": { "type": "Point", "coordinates": [ 470417.336105463735294, 985907.780925765866414 ] } },
{ "type": "Feature", "properties": { "population_density": 14123.162, "network_distance_m": 950.2315506225732, "straight_line_distance_m": 559.84711768600789, "network_penalty_ratio": 1.6973054260779703 }, "geometry": { "type": "Point", "coordinates": [ 470417.336105463735294, 986407.780925765866414 ] } },
{ "type": "Feature", "properties": { "population_density": 5319.6104, "network_distance_m": 767.71475516869634, "straight_line_distance_m": 468.16222180411728, "network_penalty_ratio": 1.6398477267350167 }, "geometry": { "type": "Point", "coordinates": [ 470917.336105463735294, 986407.780925765866414 ] } },
{ "type": "Feature", "properties": { "population_density": 9005.335, "network_distance_m": 1392.1929755077629, "straight_line_distance_m": 952.72331998229902, "network_penalty_ratio": 1.4612773155732441 }, "geometry": { "type": "Point", "coordinates": [ 469917.336105463735294, 986407.780925765866414 ] } },
{ "type": "Feature", "properties": { "population_density": 2255.5542, "network_distance_m": 1353.2133912257677, "straight_line_distance_m": 954.29128860370395, "network_penalty_ratio": 1.4180297016079408 }, "geometry": { "type": "Point", "coordinates": [ 470917.336105463735294, 986907.780925765866414 ] } },
{ "type": "Feature", "properties": { "population_density": 11321.494, "network_distance_m": 1329.8699337956079, "straight_line_distance_m": 1002.4593721252154, "network_penalty_ratio": 1.3266073127495248 }, "geometry": { "type": "Point", "coordinates": [ 470417.336105463735294, 986907.780925765866414 ] } },
{ "type": "Feature", "properties": { "population_density": 3438.512, "network_distance_m": 1213.5392698794483, "straight_line_distance_m": 955.48813104038686, "network_penalty_ratio": 1.2700725738561309 }, "geometry": { "type": "Point", "coordinates": [ 469917.336105463735294, 986907.780925765866414 ] } },
{ "type": "Feature", "properties": { "population_density": 8209.6318, "network_distance_m": 739.57712009725947, "straight_line_distance_m": 486.25472154955656, "network_penalty_ratio": 1.5209664550720163 }, "geometry": { "type": "Point", "coordinates": [ 469917.336105463735294, 987407.780925765866414 ] } },
{ "type": "Feature", "properties": { "population_density": 359.02756, "network_distance_m": 1560.8351922844017, "straight_line_distance_m": 1305.1723460185246, "network_penalty_ratio": 1.1958843573768521 }, "geometry": { "type": "Point", "coordinates": [ 470917.336105463735294, 987407.780925765866414 ] } },
{ "type": "Feature", "properties": { "population_density": 9740.1533, "network_distance_m": 1129.4171023320509, "straight_line_distance_m": 848.50412699076969, "network_penalty_ratio": 1.3310684844133198 }, "geometry": { "type": "Point", "coordinates": [ 470417.336105463735294, 987407.780925765866414 ] } },
{ "type": "Feature", "properties": { "population_density": 15527.449, "network_distance_m": 2228.8144111183246, "straight_line_distance_m": 1780.6595984301664, "network_penalty_ratio": 1.25167910423938 }, "geometry": { "type": "Point", "coordinates": [ 473417.336105463735294, 985907.780925765866414 ] } },
{ "type": "Feature", "properties": { "population_density": 1338.2487, "network_distance_m": 2988.5128692246003, "straight_line_distance_m": 2122.3784271280865, "network_penalty_ratio": 1.4080961392302365 }, "geometry": { "type": "Point", "coordinates": [ 472917.336105463735294, 985907.780925765866414 ] } },
{ "type": "Feature", "properties": { "population_density": 10443.878, "network_distance_m": 1945.2473793170352, "straight_line_distance_m": 1528.7272559303287, "network_penalty_ratio": 1.2724620247142955 }, "geometry": { "type": "Point", "coordinates": [ 473917.336105463735294, 985907.780925765866414 ] } },
{ "type": "Feature", "properties": { "population_density": 8993.373, "network_distance_m": 2677.8680622297097, "straight_line_distance_m": 1999.973781010023, "network_penalty_ratio": 1.3389515840939363 }, "geometry": { "type": "Point", "coordinates": [ 473917.336105463735294, 986407.780925765866414 ] } },
{ "type": "Feature", "properties": { "population_density": 7884.624, "network_distance_m": 2948.8671905213091, "straight_line_distance_m": 2025.9244458042358, "network_penalty_ratio": 1.4555662214494336 }, "geometry": { "type": "Point", "coordinates": [ 473417.336105463735294, 986407.780925765866414 ] } },
{ "type": "Feature", "properties": { "population_density": 2991.3398, "network_distance_m": 3382.4817625410428, "straight_line_distance_m": 1756.9752572517275, "network_penalty_ratio": 1.9251732479328956 }, "geometry": { "type": "Point", "coordinates": [ 472917.336105463735294, 986407.780925765866414 ] } },
{ "type": "Feature", "properties": { "population_density": 8455.2754, "network_distance_m": 1730.7861049465478, "straight_line_distance_m": 1325.30782781433, "network_penalty_ratio": 1.3059502619862466 }, "geometry": { "type": "Point", "coordinates": [ 472917.336105463735294, 986907.780925765866414 ] } },
{ "type": "Feature", "properties": { "population_density": 2547.8296, "network_distance_m": 2318.1592869020551, "straight_line_distance_m": 1664.4073297650095, "network_penalty_ratio": 1.3927836326155485 }, "geometry": { "type": "Point", "coordinates": [ 473417.336105463735294, 986907.780925765866414 ] } },
{ "type": "Feature", "properties": { "population_density": 10498.035, "network_distance_m": 2677.0836822924098, "straight_line_distance_m": 2064.739243487149, "network_penalty_ratio": 1.2965722866636995 }, "geometry": { "type": "Point", "coordinates": [ 473917.336105463735294, 986907.780925765866414 ] } },
{ "type": "Feature", "properties": { "population_density": 7218.4858, "network_distance_m": 2405.3666699301943, "straight_line_distance_m": 1672.186066643947, "network_penalty_ratio": 1.4384563523829199 }, "geometry": { "type": "Point", "coordinates": [ 473917.336105463735294, 987407.780925765866414 ] } },
{ "type": "Feature", "properties": { "population_density": 9793.3809, "network_distance_m": 1628.0915489415424, "straight_line_distance_m": 1157.2268618687913, "network_penalty_ratio": 1.4068905610368891 }, "geometry": { "type": "Point", "coordinates": [ 471917.336105463735294, 985907.780925765866414 ] } },
{ "type": "Feature", "properties": { "population_density": 20615.457, "network_distance_m": 1327.6596045795891, "straight_line_distance_m": 790.52067440883809, "network_penalty_ratio": 1.6794748670835593 }, "geometry": { "type": "Point", "coordinates": [ 471417.336105463735294, 986407.780925765866414 ] } },
{ "type": "Feature", "properties": { "population_density": 21223.842, "network_distance_m": 1671.5123202029836, "straight_line_distance_m": 1237.2024924849775, "network_penalty_ratio": 1.3510418305460046 }, "geometry": { "type": "Point", "coordinates": [ 471917.336105463735294, 986407.780925765866414 ] } },
{ "type": "Feature", "properties": { "population_density": 16485.529, "network_distance_m": 2011.0560572934371, "straight_line_distance_m": 1602.9829222678411, "network_penalty_ratio": 1.2545711057534346 }, "geometry": { "type": "Point", "coordinates": [ 472417.336105463735294, 986407.780925765866414 ] } },
{ "type": "Feature", "properties": { "population_density": 17004.977, "network_distance_m": 1434.0102746756588, "straight_line_distance_m": 1113.1186068669911, "network_penalty_ratio": 1.2882816492591538 }, "geometry": { "type": "Point", "coordinates": [ 472417.336105463735294, 986907.780925765866414 ] } },
{ "type": "Feature", "properties": { "population_density": 2846.1145, "network_distance_m": 1199.4250227032121, "straight_line_distance_m": 1105.271562757807, "network_penalty_ratio": 1.0851858159731163 }, "geometry": { "type": "Point", "coordinates": [ 471917.336105463735294, 986907.780925765866414 ] } },
{ "type": "Feature", "properties": { "population_density": 19372.686, "network_distance_m": 1367.9189813138012, "straight_line_distance_m": 1147.3530120447474, "network_penalty_ratio": 1.1922389769788233 }, "geometry": { "type": "Point", "coordinates": [ 471417.336105463735294, 986907.780925765866414 ] } },
{ "type": "Feature", "properties": { "population_density": 17188.338, "network_distance_m": 1060.4051248450239, "straight_line_distance_m": 934.71717957884027, "network_penalty_ratio": 1.1344662835049373 }, "geometry": { "type": "Point", "coordinates": [ 471417.336105463735294, 987407.780925765866414 ] } },
{ "type": "Feature", "properties": { "population_density": 23840.875, "network_distance_m": 752.56665693990055, "straight_line_distance_m": 625.38309164243356, "network_penalty_ratio": 1.203369050102469 }, "geometry": { "type": "Point", "coordinates": [ 471917.336105463735294, 987407.780925765866414 ] } },
{ "type": "Feature", "properties": { "population_density": 20345.035, "network_distance_m": 866.3860099905329, "straight_line_distance_m": 639.1492914997832, "network_penalty_ratio": 1.3555299544454344 }, "geometry": { "type": "Point", "coordinates": [ 472417.336105463735294, 987407.780925765866414 ] } },
{ "type": "Feature", "properties": { "population_density": 22821.42, "network_distance_m": 2929.0980872972377, "straight_line_distance_m": 2407.6622792030598, "network_penalty_ratio": 1.2165734839965903 }, "geometry": { "type": "Point", "coordinates": [ 475417.336105463735294, 987407.780925765866414 ] } },
{ "type": "Feature", "properties": { "population_density": 19989.951, "network_distance_m": 2649.0075349259987, "straight_line_distance_m": 2316.6168107231556, "network_penalty_ratio": 1.1434810982395849 }, "geometry": { "type": "Point", "coordinates": [ 474917.336105463735294, 987407.780925765866414 ] } },
{ "type": "Feature", "properties": { "population_density": 10250.357, "network_distance_m": 2376.0618466201026, "straight_line_distance_m": 1703.0747680764027, "network_penalty_ratio": 1.395160031232116 }, "geometry": { "type": "Point", "coordinates": [ 474417.336105463735294, 987907.780925765866414 ] } },
{ "type": "Feature", "properties": { "population_density": 2583.4131, "network_distance_m": 2457.9896329399371, "straight_line_distance_m": 1929.4750279898967, "network_penalty_ratio": 1.2739162711531127 }, "geometry": { "type": "Point", "coordinates": [ 475417.336105463735294, 987907.780925765866414 ] } },
{ "type": "Feature", "properties": { "population_density": 23358.816, "network_distance_m": 2173.9881606522445, "straight_line_distance_m": 1832.1431966356363, "network_penalty_ratio": 1.1865820120634336 }, "geometry": { "type": "Point", "coordinates": [ 474917.336105463735294, 987907.780925765866414 ] } },
{ "type": "Feature", "properties": { "population_density": 2296.1538, "network_distance_m": 1666.3694678303593, "straight_line_distance_m": 1259.9982573819973, "network_penalty_ratio": 1.3225172797403015 }, "geometry": { "type": "Point", "coordinates": [ 474417.336105463735294, 988407.780925765866414 ] } },
{ "type": "Feature", "properties": { "population_density": 15181.004, "network_distance_m": 1730.8325079484705, "straight_line_distance_m": 1465.9161355875553, "network_penalty_ratio": 1.1807172770185341 }, "geometry": { "type": "Point", "coordinates": [ 475417.336105463735294, 988407.780925765866414 ] } },
{ "type": "Feature", "properties": { "population_density": 8948.376, "network_distance_m": 1586.8266584187211, "straight_line_distance_m": 1358.9642887991465, "network_penalty_ratio": 1.1676735522027042 }, "geometry": { "type": "Point", "coordinates": [ 474917.336105463735294, 988407.780925765866414 ] } },
{ "type": "Feature", "properties": { "population_density": 9169.6689, "network_distance_m": 1140.6015588193493, "straight_line_distance_m": 760.0202983202438, "network_penalty_ratio": 1.5007514422183801 }, "geometry": { "type": "Point", "coordinates": [ 474417.336105463735294, 988907.780925765866414 ] } },
{ "type": "Feature", "properties": { "population_density": 18266.371, "network_distance_m": 1573.1675985720581, "straight_line_distance_m": 914.77821546235589, "network_penalty_ratio": 1.719725690862602 }, "geometry": { "type": "Point", "coordinates": [ 474917.336105463735294, 988907.780925765866414 ] } },
{ "type": "Feature", "properties": { "population_density": 16839.906, "network_distance_m": 1770.3527466506068, "straight_line_distance_m": 1383.2015900005451, "network_penalty_ratio": 1.2798949621290625 }, "geometry": { "type": "Point", "coordinates": [ 473417.336105463735294, 987407.780925765866414 ] } },
{ "type": "Feature", "properties": { "population_density": 18680.172, "network_distance_m": 1215.5261429507216, "straight_line_distance_m": 959.34886999445632, "network_penalty_ratio": 1.2670324435340665 }, "geometry": { "type": "Point", "coordinates": [ 472917.336105463735294, 987407.780925765866414 ] } },
{ "type": "Feature", "properties": { "population_density": 13205.85, "network_distance_m": 2228.4583617214521, "straight_line_distance_m": 1297.1487245118819, "network_penalty_ratio": 1.7179667370524707 }, "geometry": { "type": "Point", "coordinates": [ 473917.336105463735294, 987907.780925765866414 ] } },
{ "type": "Feature", "properties": { "population_density": 8267.2451, "network_distance_m": 2268.8995867902868, "straight_line_distance_m": 982.20464331376047, "network_penalty_ratio": 2.3100069850367202 }, "geometry": { "type": "Point", "coordinates": [ 473417.336105463735294, 987907.780925765866414 ] } },
{ "type": "Feature", "properties": { "population_density": 20680.117, "network_distance_m": 929.66359359821297, "straight_line_distance_m": 750.56321090510914, "network_penalty_ratio": 1.2386213180860883 }, "geometry": { "type": "Point", "coordinates": [ 472917.336105463735294, 987907.780925765866414 ] } },
{ "type": "Feature", "properties": { "population_density": 10588.2, "network_distance_m": 739.46375633343098, "straight_line_distance_m": 592.5491822387055, "network_penalty_ratio": 1.2479365063667267 }, "geometry": { "type": "Point", "coordinates": [ 473417.336105463735294, 988407.780925765866414 ] } },
{ "type": "Feature", "properties": { "population_density": 17864.135, "network_distance_m": 1866.022816010623, "straight_line_distance_m": 1033.9165273499834, "network_penalty_ratio": 1.804809930636663 }, "geometry": { "type": "Point", "coordinates": [ 473917.336105463735294, 988407.780925765866414 ] } },
{ "type": "Feature", "properties": { "population_density": 22272.885, "network_distance_m": 531.67619114946194, "straight_line_distance_m": 365.02832933358485, "network_penalty_ratio": 1.4565340507135933 }, "geometry": { "type": "Point", "coordinates": [ 472917.336105463735294, 988407.780925765866414 ] } },
{ "type": "Feature", "properties": { "population_density": 16384.299, "network_distance_m": 439.3704276082529, "straight_line_distance_m": 487.34290329952051, "network_penalty_ratio": 0.90156320043551808 }, "geometry": { "type": "Point", "coordinates": [ 473417.336105463735294, 988907.780925765866414 ] } },
{ "type": "Feature", "properties": { "population_density": 12187.136, "network_distance_m": 285.43452013169394, "straight_line_distance_m": 58.168657757882229, "network_penalty_ratio": 4.9070157561443084 }, "geometry": { "type": "Point", "coordinates": [ 472917.336105463735294, 988907.780925765866414 ] } },
{ "type": "Feature", "properties": { "population_density": 6797.7007, "network_distance_m": 820.81960909962504, "straight_line_distance_m": 737.00406353763447, "network_penalty_ratio": 1.1137246722354206 }, "geometry": { "type": "Point", "coordinates": [ 471417.336105463735294, 987907.780925765866414 ] } },
{ "type": "Feature", "properties": { "population_density": 17453.033, "network_distance_m": 333.81239420512969, "straight_line_distance_m": 265.42183283179924, "network_penalty_ratio": 1.2576674294034822 }, "geometry": { "type": "Point", "coordinates": [ 472417.336105463735294, 987907.780925765866414 ] } },
{ "type": "Feature", "properties": { "population_density": 22608.373, "network_distance_m": 250.06632364770755, "straight_line_distance_m": 246.13572512622386, "network_penalty_ratio": 1.015969232095292 }, "geometry": { "type": "Point", "coordinates": [ 471917.336105463735294, 987907.780925765866414 ] } },
{ "type": "Feature", "properties": { "population_density": 14451.368, "network_distance_m": 916.58051709159668, "straight_line_distance_m": 685.21783016091547, "network_penalty_ratio": 1.3376483750814663 }, "geometry": { "type": "Point", "coordinates": [ 471417.336105463735294, 988407.780925765866414 ] } },
{ "type": "Feature", "properties": { "population_density": 9156.2949, "network_distance_m": 605.49709944458766, "straight_line_distance_m": 469.62457807055085, "network_penalty_ratio": 1.2893215724191185 }, "geometry": { "type": "Point", "coordinates": [ 471917.336105463735294, 988407.780925765866414 ] } },
{ "type": "Feature", "properties": { "population_density": 11890.433, "network_distance_m": 196.49717057672655, "straight_line_distance_m": 185.60243075233646, "network_penalty_ratio": 1.0586993380433027 }, "geometry": { "type": "Point", "coordinates": [ 472417.336105463735294, 988407.780925765866414 ] } },
{ "type": "Feature", "properties": { "population_density": 23022.154, "network_distance_m": 362.79766174537434, "straight_line_distance_m": 361.81997856645984, "network_penalty_ratio": 1.0027021260207578 }, "geometry": { "type": "Point", "coordinates": [ 471417.336105463735294, 988907.780925765866414 ] } },
{ "type": "Feature", "properties": { "population_density": 20533.525, "network_distance_m": 231.96985218783661, "straight_line_distance_m": 173.52738270464098, "network_penalty_ratio": 1.3367910503362452 }, "geometry": { "type": "Point", "coordinates": [ 471917.336105463735294, 988907.780925765866414 ] } },
{ "type": "Feature", "properties": { "population_density": 23748.334, "network_distance_m": 357.8676996932092, "straight_line_distance_m": 266.86046826377799, "network_penalty_ratio": 1.3410292727938826 }, "geometry": { "type": "Point", "coordinates": [ 472417.336105463735294, 988907.780925765866414 ] } },
{ "type": "Feature", "properties": { "population_density": 3849.1887, "network_distance_m": 796.9648254844202, "straight_line_distance_m": 415.41875398750915, "network_penalty_ratio": 1.9184613545597977 }, "geometry": { "type": "Point", "coordinates": [ 470917.336105463735294, 989407.780925765866414 ] } },
{ "type": "Feature", "properties": { "population_density": 18181.818, "network_distance_m": 1118.9518914771156, "straight_line_distance_m": 904.67813294734401, "network_penalty_ratio": 1.2368508210004929 }, "geometry": { "type": "Point", "coordinates": [ 473917.336105463735294, 988907.780925765866414 ] } },
{ "type": "Feature", "properties": { "population_density": 22451.527, "network_distance_m": 765.78869308958451, "straight_line_distance_m": 564.79121459775251, "network_penalty_ratio": 1.3558792582051467 }, "geometry": { "type": "Point", "coordinates": [ 473417.336105463735294, 989407.780925765866414 ] } },
{ "type": "Feature", "properties": { "population_density": 19455.727, "network_distance_m": 981.08461321247671, "straight_line_distance_m": 548.55630568665617, "network_penalty_ratio": 1.7884847973525755 }, "geometry": { "type": "Point", "coordinates": [ 472917.336105463735294, 989407.780925765866414 ] } },
{ "type": "Feature", "properties": { "population_density": 14156.167, "network_distance_m": 694.49369265479618, "straight_line_distance_m": 412.33725914275544, "network_penalty_ratio": 1.6842855629846325 }, "geometry": { "type": "Point", "coordinates": [ 473917.336105463735294, 989407.780925765866414 ] } },
{ "type": "Feature", "properties": { "population_density": 2553.8254, "network_distance_m": 1074.9661939909897, "straight_line_distance_m": 801.76639506633626, "network_penalty_ratio": 1.3407473805409986 }, "geometry": { "type": "Point", "coordinates": [ 472917.336105463735294, 989907.780925765866414 ] } },
{ "type": "Feature", "properties": { "population_density": 20372.85, "network_distance_m": 531.7092958572415, "straight_line_distance_m": 395.88384381792014, "network_penalty_ratio": 1.3430942034143527 }, "geometry": { "type": "Point", "coordinates": [ 473417.336105463735294, 989907.780925765866414 ] } },
{ "type": "Feature", "properties": { "population_density": 12159.344, "network_distance_m": 194.42750632562468, "straight_line_distance_m": 142.31697692506245, "network_penalty_ratio": 1.3661582091362243 }, "geometry": { "type": "Point", "coordinates": [ 473917.336105463735294, 989907.780925765866414 ] } },
{ "type": "Feature", "properties": { "population_density": 23985.797, "network_distance_m": 902.70277314622467, "straight_line_distance_m": 674.83830597951362, "network_penalty_ratio": 1.3376578732233799 }, "geometry": { "type": "Point", "coordinates": [ 472917.336105463735294, 990407.780925765866414 ] } },
{ "type": "Feature", "properties": { "population_density": 9458.9082, "network_distance_m": 845.07793933826679, "straight_line_distance_m": 319.97597780743831, "network_penalty_ratio": 2.641066823606474 }, "geometry": { "type": "Point", "coordinates": [ 473917.336105463735294, 990407.780925765866414 ] } },
{ "type": "Feature", "properties": { "population_density": 23661.854, "network_distance_m": 407.3761349599165, "straight_line_distance_m": 300.54056433562039, "network_penalty_ratio": 1.3554780395800097 }, "geometry": { "type": "Point", "coordinates": [ 473417.336105463735294, 990407.780925765866414 ] } },
{ "type": "Feature", "properties": { "population_density": 24054.98, "network_distance_m": 548.15039108661381, "straight_line_distance_m": 437.60938594564357, "network_penalty_ratio": 1.252601997788733 }, "geometry": { "type": "Point", "coordinates": [ 471917.336105463735294, 989407.780925765866414 ] } },
{ "type": "Feature", "properties": { "population_density": 14727.616, "network_distance_m": 913.32975156639429, "straight_line_distance_m": 653.4955166636812, "network_penalty_ratio": 1.3976067597667019 }, "geometry": { "type": "Point", "coordinates": [ 472417.336105463735294, 989407.780925765866414 ] } },
{ "type": "Feature", "properties": { "population_density": 24038.203, "network_distance_m": 114.86744197823027, "straight_line_distance_m": 72.546590882478299, "network_penalty_ratio": 1.5833609902401831 }, "geometry": { "type": "Point", "coordinates": [ 471417.336105463735294, 989407.780925765866414 ] } },
{ "type": "Feature", "properties": { "population_density": 1336.1698, "network_distance_m": 1344.8810712932022, "straight_line_distance_m": 710.95762880712459, "network_penalty_ratio": 1.8916472892339615 }, "geometry": { "type": "Point", "coordinates": [ 470917.336105463735294, 989907.780925765866414 ] } },
{ "type": "Feature", "properties": { "population_density": 2135.4158, "network_distance_m": 537.74661222111285, "straight_line_distance_m": 451.82406134305091, "network_penalty_ratio": 1.190168161081675 }, "geometry": { "type": "Point", "coordinates": [ 471417.336105463735294, 989907.780925765866414 ] } },
{ "type": "Feature", "properties": { "population_density": 8279.3613, "network_distance_m": 952.85308712913911, "straight_line_distance_m": 308.62207823959153, "network_penalty_ratio": 3.0874430389565775 }, "geometry": { "type": "Point", "coordinates": [ 472417.336105463735294, 989907.780925765866414 ] } },
{ "type": "Feature", "properties": { "population_density": 22616.656, "network_distance_m": 339.79732122732918, "straight_line_distance_m": 218.32503772169747, "network_penalty_ratio": 1.5563827436982947 }, "geometry": { "type": "Point", "coordinates": [ 471917.336105463735294, 989907.780925765866414 ] } },
{ "type": "Feature", "properties": { "population_density": 7867.2402, "network_distance_m": 964.48189763568087, "straight_line_distance_m": 513.26288006665504, "network_penalty_ratio": 1.8791187422523681 }, "geometry": { "type": "Point", "coordinates": [ 472417.336105463735294, 990407.780925765866414 ] } },
{ "type": "Feature", "properties": { "population_density": 12246.301, "network_distance_m": 1482.3390959431308, "straight_line_distance_m": 1097.499281884775, "network_penalty_ratio": 1.3506515406529074 }, "geometry": { "type": "Point", "coordinates": [ 470917.336105463735294, 990407.780925765866414 ] } },
{ "type": "Feature", "properties": { "population_density": 4523.2856, "network_distance_m": 1635.4891181380692, "straight_line_distance_m": 817.4810419164653, "network_penalty_ratio": 2.0006447052324332 }, "geometry": { "type": "Point", "coordinates": [ 471417.336105463735294, 990407.780925765866414 ] } },
{ "type": "Feature", "properties": { "population_density": 541.85382, "network_distance_m": 974.30389085136414, "straight_line_distance_m": 464.60415298786728, "network_penalty_ratio": 2.0970623800618657 }, "geometry": { "type": "Point", "coordinates": [ 471917.336105463735294, 990407.780925765866414 ] } },
{ "type": "Feature", "properties": { "population_density": 8781.2979, "network_distance_m": 1309.5147309638805, "straight_line_distance_m": 1043.9622963592667, "network_penalty_ratio": 1.2543697560062335 }, "geometry": { "type": "Point", "coordinates": [ 471417.336105463735294, 990907.780925765866414 ] } },
{ "type": "Feature", "properties": { "population_density": 15822.272, "network_distance_m": 631.66890116306581, "straight_line_distance_m": 318.22697141944371, "network_penalty_ratio": 1.9849634314323577 }, "geometry": { "type": "Point", "coordinates": [ 472417.336105463735294, 990907.780925765866414 ] } },
{ "type": "Feature", "properties": { "population_density": 14653.974, "network_distance_m": 1040.9992902144991, "straight_line_distance_m": 751.12591724914171, "network_penalty_ratio": 1.3859184809212342 }, "geometry": { "type": "Point", "coordinates": [ 471917.336105463735294, 990907.780925765866414 ] } },
{ "type": "Feature", "properties": { "population_density": 22769.174, "network_distance_m": 0.0, "straight_line_distance_m": 53.961025454941918, "network_penalty_ratio": 0.0 }, "geometry": { "type": "Point", "coordinates": [ 472417.336105463735294, 991407.780925765866414 ] } },
{ "type": "Feature", "properties": { "population_density": 21680.375, "network_distance_m": 1220.2060177080352, "straight_line_distance_m": 367.1723374082398, "network_penalty_ratio": 3.3232514908969075 }, "geometry": { "type": "Point", "coordinates": [ 470917.336105463735294, 991407.780925765866414 ] } },
{ "type": "Feature", "properties": { "population_density": 20656.691, "network_distance_m": 529.88530207549854, "straight_line_distance_m": 377.24500320462607, "network_penalty_ratio": 1.4046184775788189 }, "geometry": { "type": "Point", "coordinates": [ 471917.336105463735294, 991407.780925765866414 ] } },
{ "type": "Feature", "properties": { "population_density": 14523.807, "network_distance_m": 734.2360632210291, "straight_line_distance_m": 680.8465493397415, "network_penalty_ratio": 1.0784163684652035 }, "geometry": { "type": "Point", "coordinates": [ 471417.336105463735294, 991407.780925765866414 ] } },
{ "type": "Feature", "properties": { "population_density": 23910.895, "network_distance_m": 775.98701314222217, "straight_line_distance_m": 489.01287897747028, "network_penalty_ratio": 1.586843714146787 }, "geometry": { "type": "Point", "coordinates": [ 470917.336105463735294, 991907.780925765866414 ] } },
{ "type": "Feature", "properties": { "population_density": 22168.244, "network_distance_m": 330.70360792226285, "straight_line_distance_m": 294.57329747325866, "network_penalty_ratio": 1.1226530400376296 }, "geometry": { "type": "Point", "coordinates": [ 471417.336105463735294, 991907.780925765866414 ] } },
{ "type": "Feature", "properties": { "population_density": 24068.807, "network_distance_m": 123.57795162055687, "straight_line_distance_m": 110.62767894877219, "network_penalty_ratio": 1.1170617768974571 }, "geometry": { "type": "Point", "coordinates": [ 474917.336105463735294, 990407.780925765866414 ] } },
{ "type": "Feature", "properties": { "population_density": 3702.6035, "network_distance_m": 1892.6683814878413, "straight_line_distance_m": 746.01221194080222, "network_penalty_ratio": 2.5370474520302206 }, "geometry": { "type": "Point", "coordinates": [ 475417.336105463735294, 990907.780925765866414 ] } },
{ "type": "Feature", "properties": { "population_density": 999.00018, "network_distance_m": 2039.471753596222, "straight_line_distance_m": 494.90514975513196, "network_penalty_ratio": 4.1209345964682473 }, "geometry": { "type": "Point", "coordinates": [ 474917.336105463735294, 990907.780925765866414 ] } },
{ "type": "Feature", "properties": { "population_density": 23274.25, "network_distance_m": 343.12743725911599, "straight_line_distance_m": 276.86644397610939, "network_penalty_ratio": 1.2393247528715476 }, "geometry": { "type": "Point", "coordinates": [ 474417.336105463735294, 990907.780925765866414 ] } },
{ "type": "Feature", "properties": { "population_density": 51.21104, "network_distance_m": 1601.6656276272722, "straight_line_distance_m": 1134.8464626864263, "network_penalty_ratio": 1.4113500638983218 }, "geometry": { "type": "Point", "coordinates": [ 475417.336105463735294, 991407.780925765866414 ] } },
{ "type": "Feature", "properties": { "population_density": 2879.0527, "network_distance_m": 1485.142228238848, "straight_line_distance_m": 821.10197859755908, "network_penalty_ratio": 1.8087183650141345 }, "geometry": { "type": "Point", "coordinates": [ 474917.336105463735294, 991407.780925765866414 ] } },
{ "type": "Feature", "properties": { "population_density": 4217.1074, "network_distance_m": 872.57314221231536, "straight_line_distance_m": 431.08149261967009, "network_penalty_ratio": 2.0241489304254583 }, "geometry": { "type": "Point", "coordinates": [ 474417.336105463735294, 991407.780925765866414 ] } },
{ "type": "Feature", "properties": { "population_density": 4522.8701, "network_distance_m": 1275.0636281916106, "straight_line_distance_m": 638.06357451424174, "network_penalty_ratio": 1.9983332055309966 }, "geometry": { "type": "Point", "coordinates": [ 475417.336105463735294, 991907.780925765866414 ] } },
{ "type": "Feature", "properties": { "population_density": 22786.479, "network_distance_m": 1072.0462661187034, "straight_line_distance_m": 554.80459285619236, "network_penalty_ratio": 1.9322952259636075 }, "geometry": { "type": "Point", "coordinates": [ 474417.336105463735294, 991907.780925765866414 ] } },
{ "type": "Feature", "properties": { "population_density": 8218.5713, "network_distance_m": 922.56830956638601, "straight_line_distance_m": 748.8682136058535, "network_penalty_ratio": 1.2319501519822216 }, "geometry": { "type": "Point", "coordinates": [ 474917.336105463735294, 991907.780925765866414 ] } },
{ "type": "Feature", "properties": { "population_density": 5592.8735, "network_distance_m": 1435.7781229356967, "straight_line_distance_m": 927.47865031039294, "network_penalty_ratio": 1.5480443915934827 }, "geometry": { "type": "Point", "coordinates": [ 466917.336105463735294, 990407.780925765866414 ] } },
{ "type": "Feature", "properties": { "population_density": 10635.37, "network_distance_m": 1091.5635724894901, "straight_line_distance_m": 492.3425056867693, "network_penalty_ratio": 2.2170817264027742 }, "geometry": { "type": "Point", "coordinates": [ 467917.336105463735294, 990907.780925765866414 ] } },
{ "type": "Feature", "properties": { "population_density": 9621.5391, "network_distance_m": 1461.6637037110852, "straight_line_distance_m": 832.48326930985104, "network_penalty_ratio": 1.7557874825794879 }, "geometry": { "type": "Point", "coordinates": [ 466417.336105463735294, 990907.780925765866414 ] } },
{ "type": "Feature", "properties": { "population_density": 4421.0312, "network_distance_m": 1922.3267224502467, "straight_line_distance_m": 1213.7214179082387, "network_penalty_ratio": 1.583828623345247 }, "geometry": { "type": "Point", "coordinates": [ 466917.336105463735294, 990907.780925765866414 ] } },
{ "type": "Feature", "properties": { "population_density": 20565.043, "network_distance_m": 1231.7197946062322, "straight_line_distance_m": 933.51122285422991, "network_penalty_ratio": 1.31944829847918 }, "geometry": { "type": "Point", "coordinates": [ 467417.336105463735294, 990907.780925765866414 ] } },
{ "type": "Feature", "properties": { "population_density": 20739.254, "network_distance_m": 1097.7937764383275, "straight_line_distance_m": 832.66835309812927, "network_penalty_ratio": 1.3184045873170749 }, "geometry": { "type": "Point", "coordinates": [ 467917.336105463735294, 991407.780925765866414 ] } },
{ "type": "Feature", "properties": { "population_density": 18227.025, "network_distance_m": 1506.6506001194057, "straight_line_distance_m": 977.82350061759712, "network_penalty_ratio": 1.5408206073670752 }, "geometry": { "type": "Point", "coordinates": [ 467417.336105463735294, 991407.780925765866414 ] } },
{ "type": "Feature", "properties": { "population_density": 10859.087, "network_distance_m": 1887.0571449887832, "straight_line_distance_m": 1272.9063276904092, "network_penalty_ratio": 1.4824791926462519 }, "geometry": { "type": "Point", "coordinates": [ 466917.336105463735294, 991407.780925765866414 ] } },
{ "type": "Feature", "properties": { "population_density": 20606.162, "network_distance_m": 1656.7548483674198, "straight_line_distance_m": 395.22259687821753, "network_penalty_ratio": 4.1919537532868505 }, "geometry": { "type": "Point", "coordinates": [ 467917.336105463735294, 991907.780925765866414 ] } },
{ "type": "Feature", "properties": { "population_density": 3968.9917, "network_distance_m": 1681.0798205338358, "straight_line_distance_m": 948.98388609349809, "network_penalty_ratio": 1.771452439992441 }, "geometry": { "type": "Point", "coordinates": [ 466417.336105463735294, 991907.780925765866414 ] } },
{ "type": "Feature", "properties": { "population_density": 11524.671, "network_distance_m": 2286.7672949543785, "straight_line_distance_m": 1163.0797624650324, "network_penalty_ratio": 1.96613110188402 }, "geometry": { "type": "Point", "coordinates": [ 464917.336105463735294, 990907.780925765866414 ] } },
{ "type": "Feature", "properties": { "population_density": 11717.719, "network_distance_m": 1026.3816131131484, "straight_line_distance_m": 642.60182622869252, "network_penalty_ratio": 1.5972279741823738 }, "geometry": { "type": "Point", "coordinates": [ 465917.336105463735294, 990907.780925765866414 ] } },
{ "type": "Feature", "properties": { "population_density": 15852.309, "network_distance_m": 872.27727839324052, "straight_line_distance_m": 795.5160717823893, "network_penalty_ratio": 1.0964923391665291 }, "geometry": { "type": "Point", "coordinates": [ 465417.336105463735294, 990907.780925765866414 ] } },
{ "type": "Feature", "properties": { "population_density": 16899.486, "network_distance_m": 1477.2870173013787, "straight_line_distance_m": 1234.804726949769, "network_penalty_ratio": 1.1963729851849472 }, "geometry": { "type": "Point", "coordinates": [ 465417.336105463735294, 991407.780925765866414 ] } },
{ "type": "Feature", "properties": { "population_density": 11823.431, "network_distance_m": 1516.1241903395244, "straight_line_distance_m": 1108.7767210307795, "network_penalty_ratio": 1.367384579403915 }, "geometry": { "type": "Point", "coordinates": [ 464917.336105463735294, 991407.780925765866414 ] } },
{ "type": "Feature", "properties": { "population_density": 4934.8955, "network_distance_m": 1671.637187994761, "straight_line_distance_m": 1142.2933074766133, "network_penalty_ratio": 1.463404518833693 }, "geometry": { "type": "Point", "coordinates": [ 465917.336105463735294, 991407.780925765866414 ] } },
{ "type": "Feature", "properties": { "population_density": 1394.0538, "network_distance_m": 1855.532851322783, "straight_line_distance_m": 1258.9381584947801, "network_penalty_ratio": 1.4738872110615087 }, "geometry": { "type": "Point", "coordinates": [ 466417.336105463735294, 991407.780925765866414 ] } },
{ "type": "Feature", "properties": { "population_density": 19857.207, "network_distance_m": 1277.5681400056615, "straight_line_distance_m": 1134.5404118338038, "network_penalty_ratio": 1.1260666668899666 }, "geometry": { "type": "Point", "coordinates": [ 465417.336105463735294, 991907.780925765866414 ] } },
{ "type": "Feature", "properties": { "population_density": 19276.287, "network_distance_m": 978.84621645907555, "straight_line_distance_m": 711.39479221332101, "network_penalty_ratio": 1.375953587477986 }, "geometry": { "type": "Point", "coordinates": [ 464917.336105463735294, 991907.780925765866414 ] } },
{ "type": "Feature", "properties": { "population_density": 15116.756, "network_distance_m": 1083.5328903377888, "straight_line_distance_m": 971.48759716803841, "network_penalty_ratio": 1.1153337350845971 }, "geometry": { "type": "Point", "coordinates": [ 465917.336105463735294, 991907.780925765866414 ] } },
{ "type": "Feature", "properties": { "population_density": 3347.4702, "network_distance_m": 1257.9030832845649, "straight_line_distance_m": 775.55062094945538, "network_penalty_ratio": 1.6219483929296545 }, "geometry": { "type": "Point", "coordinates": [ 466917.336105463735294, 991907.780925765866414 ] } },
{ "type": "Feature", "properties": { "population_density": 13717.736, "network_distance_m": 1455.8556071378403, "straight_line_distance_m": 565.99701571421167, "network_penalty_ratio": 2.572196613617737 }, "geometry": { "type": "Point", "coordinates": [ 467417.336105463735294, 991907.780925765866414 ] } },
{ "type": "Feature", "properties": { "population_density": 10053.147, "network_distance_m": 346.98587360426745, "straight_line_distance_m": 135.4866463942233, "network_penalty_ratio": 2.5610337464154829 }, "geometry": { "type": "Point", "coordinates": [ 467917.336105463735294, 992407.780925765866414 ] } },
{ "type": "Feature", "properties": { "population_density": 21542.42, "network_distance_m": 342.07993501514676, "straight_line_distance_m": 378.2921980821759, "network_penalty_ratio": 0.90427435921064703 }, "geometry": { "type": "Point", "coordinates": [ 467417.336105463735294, 992407.780925765866414 ] } },
{ "type": "Feature", "properties": { "population_density": 5456.4951, "network_distance_m": 646.61770893382527, "straight_line_distance_m": 278.35846071039839, "network_penalty_ratio": 2.3229676844870917 }, "geometry": { "type": "Point", "coordinates": [ 466917.336105463735294, 992407.780925765866414 ] } },
{ "type": "Feature", "properties": { "population_density": 11266.354, "network_distance_m": 644.615253267291, "straight_line_distance_m": 504.37728857771498, "network_penalty_ratio": 1.2780417910668236 }, "geometry": { "type": "Point", "coordinates": [ 467417.336105463735294, 992907.780925765866414 ] } },
{ "type": "Feature", "properties": { "population_density": 22831.508, "network_distance_m": 279.42750692319055, "straight_line_distance_m": 231.27494382885274, "network_penalty_ratio": 1.2082048418092861 }, "geometry": { "type": "Point", "coordinates": [ 466917.336105463735294, 992907.780925765866414 ] } },
{ "type": "Feature", "properties": { "population_density": 4728.6187, "network_distance_m": 849.05853250307962, "straight_line_distance_m": 586.82776472444243, "network_penalty_ratio": 1.4468615555396791 }, "geometry": { "type": "Point", "coordinates": [ 466917.336105463735294, 993407.780925765866414 ] } },
{ "type": "Feature", "properties": { "population_density": 20170.645, "network_distance_m": 1220.7181649865113, "straight_line_distance_m": 854.63507781215264, "network_penalty_ratio": 1.4283501773780729 }, "geometry": { "type": "Point", "coordinates": [ 467417.336105463735294, 993407.780925765866414 ] } },
{ "type": "Feature", "properties": { "population_density": 18937.664, "network_distance_m": 569.55386065405287, "straight_line_distance_m": 449.74310888327062, "network_penalty_ratio": 1.2663981935560435 }, "geometry": { "type": "Point", "coordinates": [ 467917.336105463735294, 993407.780925765866414 ] } },
{ "type": "Feature", "properties": { "population_density": 11996.399, "network_distance_m": 960.70353519806508, "straight_line_distance_m": 782.21495401758466, "network_penalty_ratio": 1.2281835450265093 }, "geometry": { "type": "Point", "coordinates": [ 465417.336105463735294, 992407.780925765866414 ] } },
{ "type": "Feature", "properties": { "population_density": 20529.086, "network_distance_m": 627.12616556511443, "straight_line_distance_m": 480.66746498581898, "network_penalty_ratio": 1.3046985936183892 }, "geometry": { "type": "Point", "coordinates": [ 466417.336105463735294, 992407.780925765866414 ] } },
{ "type": "Feature", "properties": { "population_density": 23393.277, "network_distance_m": 615.00732416152596, "straight_line_distance_m": 480.76597864790858, "network_penalty_ratio": 1.2792238874538369 }, "geometry": { "type": "Point", "coordinates": [ 465917.336105463735294, 992407.780925765866414 ] } },
{ "type": "Feature", "properties": { "population_density": 23155.396, "network_distance_m": 169.78130404832194, "straight_line_distance_m": 146.02200866036071, "network_penalty_ratio": 1.1627103722646637 }, "geometry": { "type": "Point", "coordinates": [ 466417.336105463735294, 992907.780925765866414 ] } },
{ "type": "Feature", "properties": { "population_density": 22019.977, "network_distance_m": 945.54949553019367, "straight_line_distance_m": 631.82909798669812, "network_penalty_ratio": 1.4965273023087333 }, "geometry": { "type": "Point", "coordinates": [ 465417.336105463735294, 992907.780925765866414 ] } },
{ "type": "Feature", "properties": { "population_density": 20672.912, "network_distance_m": 681.73055439990867, "straight_line_distance_m": 559.33212720727545, "network_penalty_ratio": 1.2188296027331096 }, "geometry": { "type": "Point", "coordinates": [ 464917.336105463735294, 992907.780925765866414 ] } },
{ "type": "Feature", "properties": { "population_density": 22820.557, "network_distance_m": 268.7190640841236, "straight_line_distance_m": 135.95477556611925, "network_penalty_ratio": 1.9765327327794877 }, "geometry": { "type": "Point", "coordinates": [ 465917.336105463735294, 992907.780925765866414 ] } },
{ "type": "Feature", "properties": { "population_density": 18551.182, "network_distance_m": 754.26366485315089, "straight_line_distance_m": 553.02032130219811, "network_penalty_ratio": 1.363898641332175 }, "geometry": { "type": "Point", "coordinates": [ 465917.336105463735294, 993407.780925765866414 ] } },
{ "type": "Feature", "properties": { "population_density": 16427.646, "network_distance_m": 420.85411992847401, "straight_line_distance_m": 286.44196812663853, "network_penalty_ratio": 1.4692474104996049 }, "geometry": { "type": "Point", "coordinates": [ 464917.336105463735294, 993407.780925765866414 ] } },
{ "type": "Feature", "properties": { "population_density": 13905.575, "network_distance_m": 672.7702694447978, "straight_line_distance_m": 345.43337913406219, "network_penalty_ratio": 1.94761221724232 }, "geometry": { "type": "Point", "coordinates": [ 466417.336105463735294, 993407.780925765866414 ] } },
{ "type": "Feature", "properties": { "population_density": 21238.498, "network_distance_m": 1235.3562701304954, "straight_line_distance_m": 601.85148600948776, "network_penalty_ratio": 2.052593204216199 }, "geometry": { "type": "Point", "coordinates": [ 468917.336105463735294, 992407.780925765866414 ] } },
{ "type": "Feature", "properties": { "population_density": 13249.506, "network_distance_m": 436.73434025228636, "straight_line_distance_m": 413.6195585477434, "network_penalty_ratio": 1.0558841602793183 }, "geometry": { "type": "Point", "coordinates": [ 469417.336105463735294, 992407.780925765866414 ] } },
{ "type": "Feature", "properties": { "population_density": 8641.1436, "network_distance_m": 1034.7693204311024, "straight_line_distance_m": 596.87771260641989, "network_penalty_ratio": 1.7336370559264416 }, "geometry": { "type": "Point", "coordinates": [ 468417.336105463735294, 992407.780925765866414 ] } },
{ "type": "Feature", "properties": { "population_density": 21573.855, "network_distance_m": 685.02490610511416, "straight_line_distance_m": 565.69928119547865, "network_penalty_ratio": 1.2109347295924922 }, "geometry": { "type": "Point", "coordinates": [ 467917.336105463735294, 992907.780925765866414 ] } },
{ "type": "Feature", "properties": { "population_density": 2012.4241, "network_distance_m": 873.65965549272448, "straight_line_distance_m": 668.12798018620367, "network_penalty_ratio": 1.307623212021805 }, "geometry": { "type": "Point", "coordinates": [ 469417.336105463735294, 992907.780925765866414 ] } },
{ "type": "Feature", "properties": { "population_density": 22617.498, "network_distance_m": 428.65803688216607, "straight_line_distance_m": 284.47254336628083, "network_penalty_ratio": 1.506852056123515 }, "geometry": { "type": "Point", "coordinates": [ 468417.336105463735294, 992907.780925765866414 ] } },
{ "type": "Feature", "properties": { "population_density": 21669.344, "network_distance_m": 887.44850312596725, "straight_line_distance_m": 388.32676624477381, "network_penalty_ratio": 2.2853137621901198 }, "geometry": { "type": "Point", "coordinates": [ 468917.336105463735294, 992907.780925765866414 ] } },
{ "type": "Feature", "properties": { "population_density": 10949.143, "network_distance_m": 786.25903766616466, "straight_line_distance_m": 424.99224743979516, "network_penalty_ratio": 1.8500550125388979 }, "geometry": { "type": "Point", "coordinates": [ 468917.336105463735294, 993407.780925765866414 ] } },
{ "type": "Feature", "properties": { "population_density": 10801.727, "network_distance_m": 85.615866588507487, "straight_line_distance_m": 81.167218114192792, "network_penalty_ratio": 1.0548084384025083 }, "geometry": { "type": "Point", "coordinates": [ 468417.336105463735294, 993407.780925765866414 ] } },
{ "type": "Feature", "properties": { "population_density": 8690.9404, "network_distance_m": 294.22286827317271, "straight_line_distance_m": 266.94748784629274, "network_penalty_ratio": 1.1021750781284183 }, "geometry": { "type": "Point", "coordinates": [ 468417.336105463735294, 993907.780925765866414 ] } },
{ "type": "Feature", "properties": { "population_density": 20902.049, "network_distance_m": 443.68332000354837, "straight_line_distance_m": 332.7188765411795, "network_penalty_ratio": 1.3335081093562036 }, "geometry": { "type": "Point", "coordinates": [ 470917.336105463735294, 992907.780925765866414 ] } },
{ "type": "Feature", "properties": { "population_density": 6642.2588, "network_distance_m": 444.52364692340922, "straight_line_distance_m": 351.39851455634027, "network_penalty_ratio": 1.2650128799908118 }, "geometry": { "type": "Point", "coordinates": [ 469917.336105463735294, 992907.780925765866414 ] } },
{ "type": "Feature", "properties": { "population_density": 24207.516, "network_distance_m": 191.09407425158463, "straight_line_distance_m": 148.82012609518586, "network_penalty_ratio": 1.2840606930366409 }, "geometry": { "type": "Point", "coordinates": [ 470417.336105463735294, 992907.780925765866414 ] } },
{ "type": "Feature", "properties": { "population_density": 17518.867, "network_distance_m": 370.1391961750071, "straight_line_distance_m": 302.76892971640615, "network_penalty_ratio": 1.2225138045759996 }, "geometry": { "type": "Point", "coordinates": [ 469917.336105463735294, 993407.780925765866414 ] } },
{ "type": "Feature", "properties": { "population_density": 18580.592, "network_distance_m": 257.13571710296594, "straight_line_distance_m": 216.67564348383169, "network_penalty_ratio": 1.1867310647777232 }, "geometry": { "type": "Point", "coordinates": [ 469417.336105463735294, 993407.780925765866414 ] } },
{ "type": "Feature", "properties": { "population_density": 23074.209, "network_distance_m": 724.70528329813305, "straight_line_distance_m": 528.11686980513673, "network_penalty_ratio": 1.37224414657599 }, "geometry": { "type": "Point", "coordinates": [ 470417.336105463735294, 993407.780925765866414 ] } },
{ "type": "Feature", "properties": { "population_density": 17840.275, "network_distance_m": 742.29523235743011, "straight_line_distance_m": 354.72611505134364, "network_penalty_ratio": 2.0925869307648495 }, "geometry": { "type": "Point", "coordinates": [ 470917.336105463735294, 993407.780925765866414 ] } },
{ "type": "Feature", "properties": { "population_density": 20835.209, "network_distance_m": 247.49274673830925, "straight_line_distance_m": 269.80782057266197, "network_penalty_ratio": 0.91729270935516471 }, "geometry": { "type": "Point", "coordinates": [ 470417.336105463735294, 993907.780925765866414 ] } },
{ "type": "Feature", "properties": { "population_density": 10365.488, "network_distance_m": 351.57730077827853, "straight_line_distance_m": 271.01311011422916, "network_penalty_ratio": 1.2972704554037715 }, "geometry": { "type": "Point", "coordinates": [ 469917.336105463735294, 993907.780925765866414 ] } },
{ "type": "Feature", "properties": { "population_density": 21095.072, "network_distance_m": 588.62939355420133, "straight_line_distance_m": 528.12947159519433, "network_penalty_ratio": 1.1145550953183305 }, "geometry": { "type": "Point", "coordinates": [ 470917.336105463735294, 993907.780925765866414 ] } },
{ "type": "Feature", "properties": { "population_density": 2875.5969, "network_distance_m": 1086.8708508929437, "straight_line_distance_m": 786.03243821996273, "network_penalty_ratio": 1.3827302768245229 }, "geometry": { "type": "Point", "coordinates": [ 465417.336105463735294, 993407.780925765866414 ] } },
{ "type": "Feature", "properties": { "population_density": 19437.605, "network_distance_m": 1082.2603630570773, "straight_line_distance_m": 909.55237221602488, "network_penalty_ratio": 1.1898824038249367 }, "geometry": { "type": "Point", "coordinates": [ 465417.336105463735294, 993907.780925765866414 ] } },
{ "type": "Feature", "properties": { "population_density": 20832.156, "network_distance_m": 1305.6106641598678, "straight_line_distance_m": 844.89989662190362, "network_penalty_ratio": 1.5452844406538426 }, "geometry": { "type": "Point", "coordinates": [ 466417.336105463735294, 993907.780925765866414 ] } },
{ "type": "Feature", "properties": { "population_density": 19405.99, "network_distance_m": 1000.5055088916861, "straight_line_distance_m": 592.65974528586696, "network_penalty_ratio": 1.6881617434791296 }, "geometry": { "type": "Point", "coordinates": [ 464917.336105463735294, 993907.780925765866414 ] } },
{ "type": "Feature", "properties": { "population_density": 15698.992, "network_distance_m": 1242.4036550651726, "straight_line_distance_m": 994.38396668399457, "network_penalty_ratio": 1.2494204418925394 }, "geometry": { "type": "Point", "coordinates": [ 465917.336105463735294, 993907.780925765866414 ] } },
{ "type": "Feature", "properties": { "population_density": 8921.0127, "network_distance_m": 1111.313451277482, "straight_line_distance_m": 993.87953359392702, "network_penalty_ratio": 1.1181570942093022 }, "geometry": { "type": "Point", "coordinates": [ 465917.336105463735294, 994407.780925765866414 ] } },
{ "type": "Feature", "properties": { "population_density": 2430.9155, "network_distance_m": 1197.6797284246161, "straight_line_distance_m": 967.80386310464598, "network_penalty_ratio": 1.2375231946094374 }, "geometry": { "type": "Point", "coordinates": [ 466417.336105463735294, 994407.780925765866414 ] } },
{ "type": "Feature", "properties": { "population_density": 19942.25, "network_distance_m": 716.21979689665943, "straight_line_distance_m": 550.56144748604061, "network_penalty_ratio": 1.3008898464777068 }, "geometry": { "type": "Point", "coordinates": [ 465417.336105463735294, 994407.780925765866414 ] } },
{ "type": "Feature", "properties": { "population_density": 23631.898, "network_distance_m": 549.35430693536273, "straight_line_distance_m": 275.0941318062541, "network_penalty_ratio": 1.9969684679506983 }, "geometry": { "type": "Point", "coordinates": [ 464917.336105463735294, 994407.780925765866414 ] } },
{ "type": "Feature", "properties": { "population_density": 23480.557, "network_distance_m": 699.83876196988524, "straight_line_distance_m": 489.37576753856888, "network_penalty_ratio": 1.4300641927774433 }, "geometry": { "type": "Point", "coordinates": [ 466417.336105463735294, 994907.780925765866414 ] } },
{ "type": "Feature", "properties": { "population_density": 24053.271, "network_distance_m": 311.89748561049328, "straight_line_distance_m": 235.22122148616776, "network_penalty_ratio": 1.3259751124489185 }, "geometry": { "type": "Point", "coordinates": [ 468917.336105463735294, 993907.780925765866414 ] } },
{ "type": "Feature", "properties": { "population_density": 21717.236, "network_distance_m": 468.65977742616326, "straight_line_distance_m": 211.85569610513764, "network_penalty_ratio": 2.2121651012563825 }, "geometry": { "type": "Point", "coordinates": [ 469417.336105463735294, 993907.780925765866414 ] } },
{ "type": "Feature", "properties": { "population_density": 23689.809, "network_distance_m": 71.69488607219111, "straight_line_distance_m": 146.6133467887577, "network_penalty_ratio": 0.48900654437341218 }, "geometry": { "type": "Point", "coordinates": [ 468917.336105463735294, 994407.780925765866414 ] } },
{ "type": "Feature", "properties": { "population_density": 16065.318, "network_distance_m": 908.73404636407486, "straight_line_distance_m": 400.97703526315144, "network_penalty_ratio": 2.2662994796390143 }, "geometry": { "type": "Point", "coordinates": [ 469417.336105463735294, 994407.780925765866414 ] } },
{ "type": "Feature", "properties": { "population_density": 19941.133, "network_distance_m": 488.75190560600231, "straight_line_distance_m": 338.75140839930083, "network_penalty_ratio": 1.4428040547949235 }, "geometry": { "type": "Point", "coordinates": [ 468417.336105463735294, 994407.780925765866414 ] } },
{ "type": "Feature", "properties": { "population_density": 20879.049, "network_distance_m": 348.98721171736508, "straight_line_distance_m": 209.1574599216811, "network_penalty_ratio": 1.6685382001103053 }, "geometry": { "type": "Point", "coordinates": [ 468917.336105463735294, 994907.780925765866414 ] } },
{ "type": "Feature", "properties": { "population_density": 3547.9854, "network_distance_m": 333.59895664465091, "straight_line_distance_m": 437.58837857725416, "network_penalty_ratio": 0.76235789837310675 }, "geometry": { "type": "Point", "coordinates": [ 468417.336105463735294, 994907.780925765866414 ] } },
{ "type": "Feature", "properties": { "population_density": 5565.9751, "network_distance_m": 987.74468996751477, "straight_line_distance_m": 806.29518529467578, "network_penalty_ratio": 1.2250410370570735 }, "geometry": { "type": "Point", "coordinates": [ 467917.336105463735294, 995407.780925765866414 ] } },
{ "type": "Feature", "properties": { "population_density": 18534.402, "network_distance_m": 414.95232376293347, "straight_line_distance_m": 88.479911665582023, "network_penalty_ratio": 4.6897913430483973 }, "geometry": { "type": "Point", "coordinates": [ 468917.336105463735294, 995407.780925765866414 ] } },
{ "type": "Feature", "properties": { "population_density": 3802.7476, "network_distance_m": 680.99347826364499, "straight_line_distance_m": 353.40141666681501, "network_penalty_ratio": 1.9269687277617285 }, "geometry": { "type": "Point", "coordinates": [ 468417.336105463735294, 995407.780925765866414 ] } },
{ "type": "Feature", "properties": { "population_density": 18953.195, "network_distance_m": 1700.31331958183, "straight_line_distance_m": 968.97481774564778, "network_penalty_ratio": 1.7547549104915499 }, "geometry": { "type": "Point", "coordinates": [ 466917.336105463735294, 993907.780925765866414 ] } },
{ "type": "Feature", "properties": { "population_density": 2695.187, "network_distance_m": 753.03052392729512, "straight_line_distance_m": 573.01327798795239, "network_penalty_ratio": 1.3141589433519683 }, "geometry": { "type": "Point", "coordinates": [ 467417.336105463735294, 993907.780925765866414 ] } },
{ "type": "Feature", "properties": { "population_density": 22327.846, "network_distance_m": 519.50361973691884, "straight_line_distance_m": 456.22404899273619, "network_penalty_ratio": 1.1387028388439693 }, "geometry": { "type": "Point", "coordinates": [ 467917.336105463735294, 993907.780925765866414 ] } },
{ "type": "Feature", "properties": { "population_density": 19938.824, "network_distance_m": 474.16885179601826, "straight_line_distance_m": 375.46408338920838, "network_penalty_ratio": 1.2628873779772216 }, "geometry": { "type": "Point", "coordinates": [ 467417.336105463735294, 994407.780925765866414 ] } },
{ "type": "Feature", "properties": { "population_density": 10891.528, "network_distance_m": 1560.0255065489812, "straight_line_distance_m": 872.45464740952013, "network_penalty_ratio": 1.7880877947994049 }, "geometry": { "type": "Point", "coordinates": [ 466917.336105463735294, 994407.780925765866414 ] } },
{ "type": "Feature", "properties": { "population_density": 21883.916, "network_distance_m": 313.78580939328441, "straight_line_distance_m": 144.1160783678443, "network_penalty_ratio": 2.1773129892722465 }, "geometry": { "type": "Point", "coordinates": [ 467917.336105463735294, 994407.780925765866414 ] } },
{ "type": "Feature", "properties": { "population_density": 19920.566, "network_distance_m": 1076.6528483847553, "straight_line_distance_m": 515.74755001013284, "network_penalty_ratio": 2.0875578533792405 }, "geometry": { "type": "Point", "coordinates": [ 466917.336105463735294, 994907.780925765866414 ] } },
{ "type": "Feature", "properties": { "population_density": 20720.623, "network_distance_m": 803.64268766761438, "straight_line_distance_m": 589.77075414680849, "network_penalty_ratio": 1.3626357055127354 }, "geometry": { "type": "Point", "coordinates": [ 467417.336105463735294, 994907.780925765866414 ] } },
{ "type": "Feature", "properties": { "population_density": 15802.778, "network_distance_m": 935.85383079893234, "straight_line_distance_m": 577.40670693102163, "network_penalty_ratio": 1.6207879464599493 }, "geometry": { "type": "Point", "coordinates": [ 467917.336105463735294, 994907.780925765866414 ] } },
{ "type": "Feature", "properties": { "population_density": 15987.562, "network_distance_m": 440.78641789145473, "straight_line_distance_m": 332.06706680052048, "network_penalty_ratio": 1.3274017870499764 }, "geometry": { "type": "Point", "coordinates": [ 467417.336105463735294, 995407.780925765866414 ] } },
{ "type": "Feature", "properties": { "population_density": 18961.568, "network_distance_m": 758.6801317544581, "straight_line_distance_m": 528.1574548485047, "network_penalty_ratio": 1.4364658205422396 }, "geometry": { "type": "Point", "coordinates": [ 465417.336105463735294, 994907.780925765866414 ] } },
{ "type": "Feature", "properties": { "population_density": 5299.6816, "network_distance_m": 758.51296989576292, "straight_line_distance_m": 539.11116823023531, "network_penalty_ratio": 1.4069694983054568 }, "geometry": { "type": "Point", "coordinates": [ 465917.336105463735294, 994907.780925765866414 ] } },
{ "type": "Feature", "properties": { "population_density": 21996.076, "network_distance_m": 436.87725406682921, "straight_line_distance_m": 305.75345643877199, "network_penalty_ratio": 1.428854669887649 }, "geometry": { "type": "Point", "coordinates": [ 465917.336105463735294, 995407.780925765866414 ] } },
{ "type": "Feature", "properties": { "population_density": 18495.803, "network_distance_m": 353.46420327872244, "straight_line_distance_m": 151.33970403770601, "network_penalty_ratio": 2.3355682206875299 }, "geometry": { "type": "Point", "coordinates": [ 466417.336105463735294, 995407.780925765866414 ] } },
{ "type": "Feature", "properties": { "population_density": 21332.379, "network_distance_m": 922.61304544347865, "straight_line_distance_m": 802.89313484476975, "network_penalty_ratio": 1.1491106417566459 }, "geometry": { "type": "Point", "coordinates": [ 465417.336105463735294, 995407.780925765866414 ] } },
{ "type": "Feature", "properties": { "population_density": 15715.726, "network_distance_m": 946.50263382252251, "straight_line_distance_m": 629.54705982789164, "network_penalty_ratio": 1.5034660539615285 }, "geometry": { "type": "Point", "coordinates": [ 465917.336105463735294, 995907.780925765866414 ] } },
{ "type": "Feature", "properties": { "population_density": 2536.5762, "network_distance_m": 1201.345029672809, "straight_line_distance_m": 973.38672191197918, "network_penalty_ratio": 1.2341908951799361 }, "geometry": { "type": "Point", "coordinates": [ 465417.336105463735294, 995907.780925765866414 ] } },
{ "type": "Feature", "properties": { "population_density": 18020.145, "network_distance_m": 630.79536911121693, "straight_line_distance_m": 549.79655642545379, "network_penalty_ratio": 1.1473250636787968 }, "geometry": { "type": "Point", "coordinates": [ 466417.336105463735294, 995907.780925765866414 ] } },
{ "type": "Feature", "properties": { "population_density": 20961.965, "network_distance_m": 871.11296909474709, "straight_line_distance_m": 584.2338612531297, "network_penalty_ratio": 1.4910347154926749 }, "geometry": { "type": "Point", "coordinates": [ 464917.336105463735294, 995907.780925765866414 ] } },
{ "type": "Feature", "properties": { "population_density": 13945.994, "network_distance_m": 1971.4732767126948, "straight_line_distance_m": 1289.7414293313384, "network_penalty_ratio": 1.5285802501783614 }, "geometry": { "type": "Point", "coordinates": [ 465417.336105463735294, 996407.780925765866414 ] } },
{ "type": "Feature", "properties": { "population_density": 21467.23, "network_distance_m": 1419.6027183125905, "straight_line_distance_m": 1086.8685575390177, "network_penalty_ratio": 1.3061402029395148 }, "geometry": { "type": "Point", "coordinates": [ 470417.336105463735294, 990407.780925765866414 ] } },
{ "type": "Feature", "properties": { "population_density": 22998.639, "network_distance_m": 836.61450292479719, "straight_line_distance_m": 569.96493057477142, "network_penalty_ratio": 1.4678350509760794 }, "geometry": { "type": "Point", "coordinates": [ 469917.336105463735294, 990907.780925765866414 ] } },
{ "type": "Feature", "properties": { "population_density": 11297.03, "network_distance_m": 1116.6441818566518, "straight_line_distance_m": 665.93009079224146, "network_penalty_ratio": 1.6768189293386733 }, "geometry": { "type": "Point", "coordinates": [ 470417.336105463735294, 990907.780925765866414 ] } },
{ "type": "Feature", "properties": { "population_density": 9761.584, "network_distance_m": 1229.1829998125752, "straight_line_distance_m": 728.3525622319363, "network_penalty_ratio": 1.6876208906932555 }, "geometry": { "type": "Point", "coordinates": [ 470917.336105463735294, 990907.780925765866414 ] } },
{ "type": "Feature", "properties": { "population_density": 19292.479, "network_distance_m": 296.05347825662869, "straight_line_distance_m": 218.58855475657148, "network_penalty_ratio": 1.3543869146594847 }, "geometry": { "type": "Point", "coordinates": [ 470417.336105463735294, 991407.780925765866414 ] } },
{ "type": "Feature", "properties": { "population_density": 20558.855, "network_distance_m": 697.45902747997775, "straight_line_distance_m": 411.9721337884539, "network_penalty_ratio": 1.6929762240620874 }, "geometry": { "type": "Point", "coordinates": [ 469917.336105463735294, 991407.780925765866414 ] } },
{ "type": "Feature", "properties": { "population_density": 23743.945, "network_distance_m": 354.0959926467329, "straight_line_distance_m": 266.71015230830739, "network_penalty_ratio": 1.3276434720692993 }, "geometry": { "type": "Point", "coordinates": [ 470417.336105463735294, 991907.780925765866414 ] } },
{ "type": "Feature", "properties": { "population_density": 22908.053, "network_distance_m": 308.91314455445752, "straight_line_distance_m": 223.77826434029831, "network_penalty_ratio": 1.3804430267842953 }, "geometry": { "type": "Point", "coordinates": [ 469917.336105463735294, 991907.780925765866414 ] } },
{ "type": "Feature", "properties": { "population_density": 11904.152, "network_distance_m": 624.40313450485564, "straight_line_distance_m": 533.66316918064354, "network_penalty_ratio": 1.1700322798433498 }, "geometry": { "type": "Point", "coordinates": [ 469917.336105463735294, 992407.780925765866414 ] } },
{ "type": "Feature", "properties": { "population_density": 4896.1226, "network_distance_m": 844.7544741726241, "straight_line_distance_m": 515.15767653136868, "network_penalty_ratio": 1.6397978961712818 }, "geometry": { "type": "Point", "coordinates": [ 470417.336105463735294, 992407.780925765866414 ] } },
{ "type": "Feature", "properties": { "population_density": 21417.932, "network_distance_m": 510.16480284886086, "straight_line_distance_m": 211.08195666759332, "network_penalty_ratio": 2.4169038931748008 }, "geometry": { "type": "Point", "coordinates": [ 473917.336105463735294, 990907.780925765866414 ] } },
{ "type": "Feature", "properties": { "population_density": 24117.107, "network_distance_m": 43.355017899730804, "straight_line_distance_m": 118.21906271840247, "network_penalty_ratio": 0.36673457649552132 }, "geometry": { "type": "Point", "coordinates": [ 473417.336105463735294, 990907.780925765866414 ] } },
{ "type": "Feature", "properties": { "population_density": 20869.127, "network_distance_m": 639.23005319714275, "straight_line_distance_m": 264.72978162961334, "network_penalty_ratio": 2.4146510802909864 }, "geometry": { "type": "Point", "coordinates": [ 472917.336105463735294, 990907.780925765866414 ] } },
{ "type": "Feature", "properties": { "population_density": 3326.9182, "network_distance_m": 515.92515081822626, "straight_line_distance_m": 277.05779387273822, "network_penalty_ratio": 1.8621571463721671 }, "geometry": { "type": "Point", "coordinates": [ 473917.336105463735294, 991407.780925765866414 ] } },
{ "type": "Feature", "properties": { "population_density": 10565.67, "network_distance_m": 473.15182274572265, "straight_line_distance_m": 318.15191977214664, "network_penalty_ratio": 1.4871883315511141 }, "geometry": { "type": "Point", "coordinates": [ 473417.336105463735294, 991407.780925765866414 ] } },
{ "type": "Feature", "properties": { "population_density": 13632.41, "network_distance_m": 556.92638668838333, "straight_line_distance_m": 245.59836396720854, "network_penalty_ratio": 2.2676306865087352 }, "geometry": { "type": "Point", "coordinates": [ 472917.336105463735294, 991407.780925765866414 ] } },
{ "type": "Feature", "properties": { "population_density": 21785.16, "network_distance_m": 278.0670511917188, "straight_line_distance_m": 263.08843887436564, "network_penalty_ratio": 1.0569337534611545 }, "geometry": { "type": "Point", "coordinates": [ 472417.336105463735294, 991907.780925765866414 ] } },
{ "type": "Feature", "properties": { "population_density": 14301.379, "network_distance_m": 802.85307710854704, "straight_line_distance_m": 367.58390633187366, "network_penalty_ratio": 2.1841355491328014 }, "geometry": { "type": "Point", "coordinates": [ 473417.336105463735294, 991907.780925765866414 ] } },
{ "type": "Feature", "properties": { "population_density": 24147.982, "network_distance_m": 299.97565402147359, "straight_line_distance_m": 137.31111217175334, "network_penalty_ratio": 2.1846422279811848 }, "geometry": { "type": "Point", "coordinates": [ 473917.336105463735294, 991907.780925765866414 ] } },
{ "type": "Feature", "properties": { "population_density": 8916.7256, "network_distance_m": 679.74831683990715, "straight_line_distance_m": 545.69755431168142, "network_penalty_ratio": 1.2456502901086142 }, "geometry": { "type": "Point", "coordinates": [ 472917.336105463735294, 991907.780925765866414 ] } },
{ "type": "Feature", "properties": { "population_density": 22024.279, "network_distance_m": 195.65907925835006, "straight_line_distance_m": 83.877499795741073, "network_penalty_ratio": 2.3326765787585475 }, "geometry": { "type": "Point", "coordinates": [ 471917.336105463735294, 991907.780925765866414 ] } },
{ "type": "Feature", "properties": { "population_density": 8620.0117, "network_distance_m": 1051.625674063657, "straight_line_distance_m": 735.1779100807928, "network_penalty_ratio": 1.4304369862637576 }, "geometry": { "type": "Point", "coordinates": [ 470917.336105463735294, 992407.780925765866414 ] } },
{ "type": "Feature", "properties": { "population_density": 20223.482, "network_distance_m": 153.09427503872087, "straight_line_distance_m": 128.23041215625392, "network_penalty_ratio": 1.1938998905514655 }, "geometry": { "type": "Point", "coordinates": [ 472417.336105463735294, 992407.780925765866414 ] } },
{ "type": "Feature", "properties": { "population_density": 23215.914, "network_distance_m": 500.75515797695465, "straight_line_distance_m": 415.40270659048804, "network_penalty_ratio": 1.2054691749291098 }, "geometry": { "type": "Point", "coordinates": [ 471917.336105463735294, 992407.780925765866414 ] } },
{ "type": "Feature", "properties": { "population_density": 18568.264, "network_distance_m": 309.0224482837645, "straight_line_distance_m": 327.80146372920404, "network_penalty_ratio": 0.94271222821337719 }, "geometry": { "type": "Point", "coordinates": [ 471417.336105463735294, 992407.780925765866414 ] } },
{ "type": "Feature", "properties": { "population_density": 24440.346, "network_distance_m": 715.34092977328487, "straight_line_distance_m": 384.80640505466647, "network_penalty_ratio": 1.8589631575172505 }, "geometry": { "type": "Point", "coordinates": [ 471917.336105463735294, 992907.780925765866414 ] } },
{ "type": "Feature", "properties": { "population_density": 20702.346, "network_distance_m": 615.99781637972512, "straight_line_distance_m": 284.14573876194572, "network_penalty_ratio": 2.1678939091738467 }, "geometry": { "type": "Point", "coordinates": [ 471417.336105463735294, 992907.780925765866414 ] } },
{ "type": "Feature", "properties": { "population_density": 21631.15, "network_distance_m": 0.0, "straight_line_distance_m": 118.86046468696323, "network_penalty_ratio": 0.0 }, "geometry": { "type": "Point", "coordinates": [ 472417.336105463735294, 992907.780925765866414 ] } },
{ "type": "Feature", "properties": { "population_density": 8158.2534, "network_distance_m": 830.86535462085442, "straight_line_distance_m": 446.18563381755484, "network_penalty_ratio": 1.86215174054796 }, "geometry": { "type": "Point", "coordinates": [ 472417.336105463735294, 993407.780925765866414 ] } },
{ "type": "Feature", "properties": { "population_density": 7531.6128, "network_distance_m": 755.61657316538412, "straight_line_distance_m": 573.71303231448576, "network_penalty_ratio": 1.3170636374025864 }, "geometry": { "type": "Point", "coordinates": [ 471917.336105463735294, 993407.780925765866414 ] } },
{ "type": "Feature", "properties": { "population_density": 6311.2388, "network_distance_m": 432.42411202642705, "straight_line_distance_m": 325.97234707269314, "network_penalty_ratio": 1.3265668573107361 }, "geometry": { "type": "Point", "coordinates": [ 473417.336105463735294, 992407.780925765866414 ] } },
{ "type": "Feature", "properties": { "population_density": 22432.842, "network_distance_m": 154.42550423368161, "straight_line_distance_m": 175.35371039716836, "network_penalty_ratio": 0.88065147799789756 }, "geometry": { "type": "Point", "coordinates": [ 473917.336105463735294, 992407.780925765866414 ] } },
{ "type": "Feature", "properties": { "population_density": 8891.2256, "network_distance_m": 647.49668716346241, "straight_line_distance_m": 60.569215184423953, "network_penalty_ratio": 10.690194436099832 }, "geometry": { "type": "Point", "coordinates": [ 472917.336105463735294, 992407.780925765866414 ] } },
{ "type": "Feature", "properties": { "population_density": 9900.1162, "network_distance_m": 676.93915914285299, "straight_line_distance_m": 431.4509825245093, "network_penalty_ratio": 1.5689827733893231 }, "geometry": { "type": "Point", "coordinates": [ 472917.336105463735294, 992907.780925765866414 ] } },
{ "type": "Feature", "properties": { "population_density": 7081.728, "network_distance_m": 792.67589298877886, "straight_line_distance_m": 424.60795375787848, "network_penalty_ratio": 1.8668418383909535 }, "geometry": { "type": "Point", "coordinates": [ 473417.336105463735294, 992907.780925765866414 ] } },
{ "type": "Feature", "properties": { "population_density": 22922.492, "network_distance_m": 430.41002144631386, "straight_line_distance_m": 308.70842992473013, "network_penalty_ratio": 1.3942282740748519 }, "geometry": { "type": "Point", "coordinates": [ 473917.336105463735294, 992907.780925765866414 ] } },
{ "type": "Feature", "properties": { "population_density": 22198.848, "network_distance_m": 717.15480109315638, "straight_line_distance_m": 262.68021290733526, "network_penalty_ratio": 2.7301439767986806 }, "geometry": { "type": "Point", "coordinates": [ 472917.336105463735294, 993407.780925765866414 ] } },
{ "type": "Feature", "properties": { "population_density": 17683.602, "network_distance_m": 325.9875660931877, "straight_line_distance_m": 125.07503801697526, "network_penalty_ratio": 2.6063359345047288 }, "geometry": { "type": "Point", "coordinates": [ 473417.336105463735294, 993407.780925765866414 ] } },
{ "type": "Feature", "properties": { "population_density": 14922.081, "network_distance_m": 607.0751942902665, "straight_line_distance_m": 417.39327482667255, "network_penalty_ratio": 1.454444119978602 }, "geometry": { "type": "Point", "coordinates": [ 473917.336105463735294, 993407.780925765866414 ] } },
{ "type": "Feature", "properties": { "population_density": 24407.346, "network_distance_m": 545.24238912839871, "straight_line_distance_m": 313.65955156881637, "network_penalty_ratio": 1.7383254755077129 }, "geometry": { "type": "Point", "coordinates": [ 473417.336105463735294, 993907.780925765866414 ] } },
{ "type": "Feature", "properties": { "population_density": 23264.613, "network_distance_m": 983.71184810179261, "straight_line_distance_m": 582.15635392300635, "network_penalty_ratio": 1.6897725868193383 }, "geometry": { "type": "Point", "coordinates": [ 474417.336105463735294, 992407.780925765866414 ] } },
{ "type": "Feature", "properties": { "population_density": 21947.074, "network_distance_m": 263.45808242410027, "straight_line_distance_m": 162.39998882970451, "network_penalty_ratio": 1.6222789442452921 }, "geometry": { "type": "Point", "coordinates": [ 475417.336105463735294, 992407.780925765866414 ] } },
{ "type": "Feature", "properties": { "population_density": 22876.74, "network_distance_m": 474.15722324334013, "straight_line_distance_m": 424.32562095543926, "network_penalty_ratio": 1.1174371751950702 }, "geometry": { "type": "Point", "coordinates": [ 474917.336105463735294, 992407.780925765866414 ] } },
{ "type": "Feature", "properties": { "population_density": 7728.0479, "network_distance_m": 103.7601453273591, "straight_line_distance_m": 123.2334289229224, "network_penalty_ratio": 0.84198050994959273 }, "geometry": { "type": "Point", "coordinates": [ 474417.336105463735294, 992907.780925765866414 ] } },
{ "type": "Feature", "properties": { "population_density": 23687.74, "network_distance_m": 681.95577684706882, "straight_line_distance_m": 547.08396416749042, "network_penalty_ratio": 1.2465285431731046 }, "geometry": { "type": "Point", "coordinates": [ 474917.336105463735294, 992907.780925765866414 ] } },
{ "type": "Feature", "properties": { "population_density": 22666.291, "network_distance_m": 408.2517911638451, "straight_line_distance_m": 292.63917507789631, "network_penalty_ratio": 1.3950688285502937 }, "geometry": { "type": "Point", "coordinates": [ 475417.336105463735294, 992907.780925765866414 ] } },
{ "type": "Feature", "properties": { "population_density": 19142.121, "network_distance_m": 418.12469377445746, "straight_line_distance_m": 318.31155727199047, "network_penalty_ratio": 1.3135705701605387 }, "geometry": { "type": "Point", "coordinates": [ 475417.336105463735294, 993407.780925765866414 ] } },
{ "type": "Feature", "properties": { "population_density": 22767.207, "network_distance_m": 255.67247756155476, "straight_line_distance_m": 216.91885960156543, "network_penalty_ratio": 1.1786549036407974 }, "geometry": { "type": "Point", "coordinates": [ 474417.336105463735294, 993407.780925765866414 ] } },
{ "type": "Feature", "properties": { "population_density": 17643.33, "network_distance_m": 733.91706514627731, "straight_line_distance_m": 607.0004281335963, "network_penalty_ratio": 1.2090882166309569 }, "geometry": { "type": "Point", "coordinates": [ 474917.336105463735294, 993407.780925765866414 ] } },
{ "type": "Feature", "properties": { "population_density": 10905.586, "network_distance_m": 663.35074712615722, "straight_line_distance_m": 494.2358040888945, "network_penalty_ratio": 1.3421746090391404 }, "geometry": { "type": "Point", "coordinates": [ 475417.336105463735294, 993907.780925765866414 ] } },
{ "type": "Feature", "properties": { "population_density": 17549.1, "network_distance_m": 170.39399224010322, "straight_line_distance_m": 129.59997156984389, "network_penalty_ratio": 1.3147687470616045 }, "geometry": { "type": "Point", "coordinates": [ 471417.336105463735294, 993407.780925765866414 ] } },
{ "type": "Feature", "properties": { "population_density": 23412.812, "network_distance_m": 586.11516992603583, "straight_line_distance_m": 432.20890025813674, "network_penalty_ratio": 1.3560923191909713 }, "geometry": { "type": "Point", "coordinates": [ 471917.336105463735294, 993907.780925765866414 ] } },
{ "type": "Feature", "properties": { "population_density": 13837.815, "network_distance_m": 85.619359994948127, "straight_line_distance_m": 73.708164824222166, "network_penalty_ratio": 1.1615993994577338 }, "geometry": { "type": "Point", "coordinates": [ 471417.336105463735294, 993907.780925765866414 ] } },
{ "type": "Feature", "properties": { "population_density": 21014.561, "network_distance_m": 521.04079893443691, "straight_line_distance_m": 421.04328772921764, "network_penalty_ratio": 1.2374993596134227 }, "geometry": { "type": "Point", "coordinates": [ 472417.336105463735294, 993907.780925765866414 ] } },
{ "type": "Feature", "properties": { "population_density": 21434.607, "network_distance_m": 557.48528750683397, "straight_line_distance_m": 376.81292813497544, "network_penalty_ratio": 1.4794749486597796 }, "geometry": { "type": "Point", "coordinates": [ 471417.336105463735294, 994407.780925765866414 ] } },
{ "type": "Feature", "properties": { "population_density": 22046.578, "network_distance_m": 146.53684695229282, "straight_line_distance_m": 110.93961814502673, "network_penalty_ratio": 1.3208703022641679 }, "geometry": { "type": "Point", "coordinates": [ 471917.336105463735294, 994407.780925765866414 ] } },
{ "type": "Feature", "properties": { "population_density": 19971.463, "network_distance_m": 828.29991830772076, "straight_line_distance_m": 586.16580606175785, "network_penalty_ratio": 1.4130812642804549 }, "geometry": { "type": "Point", "coordinates": [ 472417.336105463735294, 994407.780925765866414 ] } },
{ "type": "Feature", "properties": { "population_density": 19735.771, "network_distance_m": 359.93841386814398, "straight_line_distance_m": 208.56992201820509, "network_penalty_ratio": 1.7257445866845875 }, "geometry": { "type": "Point", "coordinates": [ 472417.336105463735294, 994907.780925765866414 ] } },
{ "type": "Feature", "properties": { "population_density": 5813.3975, "network_distance_m": 737.63935764273356, "straight_line_distance_m": 470.94918159176206, "network_penalty_ratio": 1.5662822794374223 }, "geometry": { "type": "Point", "coordinates": [ 471917.336105463735294, 994907.780925765866414 ] } },
{ "type": "Feature", "properties": { "population_density": 13267.468, "network_distance_m": 430.33951957494685, "straight_line_distance_m": 441.22015301195148, "network_penalty_ratio": 0.97533967258129772 }, "geometry": { "type": "Point", "coordinates": [ 471417.336105463735294, 994907.780925765866414 ] } },
{ "type": "Feature", "properties": { "population_density": 22486.959, "network_distance_m": 234.71037283088583, "straight_line_distance_m": 101.85631290991311, "network_penalty_ratio": 2.3043281866925183 }, "geometry": { "type": "Point", "coordinates": [ 472917.336105463735294, 993907.780925765866414 ] } },
{ "type": "Feature", "properties": { "population_density": 22417.781, "network_distance_m": 1029.697437037647, "straight_line_distance_m": 713.8410163411944, "network_penalty_ratio": 1.4424744634531939 }, "geometry": { "type": "Point", "coordinates": [ 473917.336105463735294, 993907.780925765866414 ] } },
{ "type": "Feature", "properties": { "population_density": 17193.326, "network_distance_m": 463.17727162237207, "straight_line_distance_m": 320.32351698998434, "network_penalty_ratio": 1.4459671146681821 }, "geometry": { "type": "Point", "coordinates": [ 472917.336105463735294, 994407.780925765866414 ] } },
{ "type": "Feature", "properties": { "population_density": 22162.236, "network_distance_m": 593.95085911951469, "straight_line_distance_m": 205.82598514071535, "network_penalty_ratio": 2.8856942368741887 }, "geometry": { "type": "Point", "coordinates": [ 473417.336105463735294, 994407.780925765866414 ] } },
{ "type": "Feature", "properties": { "population_density": 22450.01, "network_distance_m": 457.50288643454957, "straight_line_distance_m": 276.2116437009974, "network_penalty_ratio": 1.6563490239021286 }, "geometry": { "type": "Point", "coordinates": [ 473917.336105463735294, 994407.780925765866414 ] } },
{ "type": "Feature", "properties": { "population_density": 18963.533, "network_distance_m": 292.99164906740975, "straight_line_distance_m": 128.77790304877715, "network_penalty_ratio": 2.2751702126756439 }, "geometry": { "type": "Point", "coordinates": [ 473917.336105463735294, 994907.780925765866414 ] } },
{ "type": "Feature", "properties": { "population_density": 24176.148, "network_distance_m": 232.07160866689361, "straight_line_distance_m": 218.78483342341511, "network_penalty_ratio": 1.0607298734358088 }, "geometry": { "type": "Point", "coordinates": [ 472917.336105463735294, 994907.780925765866414 ] } },
{ "type": "Feature", "properties": { "population_density": 23603.512, "network_distance_m": 675.90519495681565, "straight_line_distance_m": 418.68164097410278, "network_penalty_ratio": 1.6143654959034213 }, "geometry": { "type": "Point", "coordinates": [ 473417.336105463735294, 994907.780925765866414 ] } },
{ "type": "Feature", "properties": { "population_density": 21409.963, "network_distance_m": 585.8463362955099, "straight_line_distance_m": 361.59949187018657, "network_penalty_ratio": 1.6201525429848431 }, "geometry": { "type": "Point", "coordinates": [ 473417.336105463735294, 995407.780925765866414 ] } },
{ "type": "Feature", "properties": { "population_density": 22262.996, "network_distance_m": 239.93154367038045, "straight_line_distance_m": 157.2610632806894, "network_penalty_ratio": 1.5256894406350006 }, "geometry": { "type": "Point", "coordinates": [ 473917.336105463735294, 995407.780925765866414 ] } },
{ "type": "Feature", "properties": { "population_density": 23815.146, "network_distance_m": 342.79097064412417, "straight_line_distance_m": 151.26951165324073, "network_penalty_ratio": 2.2660942505712147 }, "geometry": { "type": "Point", "coordinates": [ 470417.336105463735294, 994407.780925765866414 ] } },
{ "type": "Feature", "properties": { "population_density": 9475.7725, "network_distance_m": 0.0, "straight_line_distance_m": 77.320684371985465, "network_penalty_ratio": 0.0 }, "geometry": { "type": "Point", "coordinates": [ 469917.336105463735294, 994407.780925765866414 ] } },
{ "type": "Feature", "properties": { "population_density": 21149.17, "network_distance_m": 106.77981248528052, "straight_line_distance_m": 124.16559058866204, "network_penalty_ratio": 0.85997909709963494 }, "geometry": { "type": "Point", "coordinates": [ 470917.336105463735294, 994407.780925765866414 ] } },
{ "type": "Feature", "properties": { "population_density": 2794.7476, "network_distance_m": 515.49199876264686, "straight_line_distance_m": 342.10846569080394, "network_penalty_ratio": 1.5068086600012587 }, "geometry": { "type": "Point", "coordinates": [ 469417.336105463735294, 994907.780925765866414 ] } },
{ "type": "Feature", "properties": { "population_density": 164.71042, "network_distance_m": 1528.9440622127918, "straight_line_distance_m": 456.74112888641531, "network_penalty_ratio": 3.347506860046793 }, "geometry": { "type": "Point", "coordinates": [ 469917.336105463735294, 994907.780925765866414 ] } },
{ "type": "Feature", "properties": { "population_density": 1047.3334, "network_distance_m": 599.06625676540853, "straight_line_distance_m": 403.77748687252722, "network_penalty_ratio": 1.4836544290903819 }, "geometry": { "type": "Point", "coordinates": [ 470417.336105463735294, 994907.780925765866414 ] } },
{ "type": "Feature", "properties": { "population_density": 14014.438, "network_distance_m": 516.2476217407866, "straight_line_distance_m": 501.90980166265263, "network_penalty_ratio": 1.0285665273533966 }, "geometry": { "type": "Point", "coordinates": [ 470917.336105463735294, 994907.780925765866414 ] } },
{ "type": "Feature", "properties": { "population_density": 1283.8093, "network_distance_m": 1255.5353950766757, "straight_line_distance_m": 666.12313339946115, "network_penalty_ratio": 1.8848398023188837 }, "geometry": { "type": "Point", "coordinates": [ 469917.336105463735294, 995407.780925765866414 ] } },
{ "type": "Feature", "properties": { "population_density": 19606.463, "network_distance_m": 156.24489960662891, "straight_line_distance_m": 169.2669205134209, "network_penalty_ratio": 0.92306812892150714 }, "geometry": { "type": "Point", "coordinates": [ 470917.336105463735294, 995407.780925765866414 ] } },
{ "type": "Feature", "properties": { "population_density": 1791.1772, "network_distance_m": 890.99677909600859, "straight_line_distance_m": 531.65800111003432, "network_penalty_ratio": 1.6758833258141899 }, "geometry": { "type": "Point", "coordinates": [ 469417.336105463735294, 995407.780925765866414 ] } },
{ "type": "Feature", "properties": { "population_density": 17028.625, "network_distance_m": 177.22353962407027, "straight_line_distance_m": 199.40527298089489, "network_penalty_ratio": 0.88876054767644053 }, "geometry": { "type": "Point", "coordinates": [ 470417.336105463735294, 995407.780925765866414 ] } },
{ "type": "Feature", "properties": { "population_density": 20587.834, "network_distance_m": 737.46541970009014, "straight_line_distance_m": 496.9165709655332, "network_penalty_ratio": 1.4840829684290036 }, "geometry": { "type": "Point", "coordinates": [ 470417.336105463735294, 995907.780925765866414 ] } },
{ "type": "Feature", "properties": { "population_density": 10761.476, "network_distance_m": 1021.6499131586665, "straight_line_distance_m": 456.18269670066957, "network_penalty_ratio": 2.2395630534602149 }, "geometry": { "type": "Point", "coordinates": [ 469917.336105463735294, 995907.780925765866414 ] } },
{ "type": "Feature", "properties": { "population_density": 22989.896, "network_distance_m": 142.99638412710448, "straight_line_distance_m": 162.87647781450883, "network_penalty_ratio": 0.87794374022475663 }, "geometry": { "type": "Point", "coordinates": [ 470917.336105463735294, 995907.780925765866414 ] } },
{ "type": "Feature", "properties": { "population_density": 11842.442, "network_distance_m": 184.16346304148757, "straight_line_distance_m": 186.64161960758699, "network_penalty_ratio": 0.98672237965299636 }, "geometry": { "type": "Point", "coordinates": [ 470417.336105463735294, 996407.780925765866414 ] } },
{ "type": "Feature", "properties": { "population_density": 12786.783, "network_distance_m": 212.30820950501626, "straight_line_distance_m": 87.283659513204739, "network_penalty_ratio": 2.4323935395135114 }, "geometry": { "type": "Point", "coordinates": [ 470917.336105463735294, 996407.780925765866414 ] } },
{ "type": "Feature", "properties": { "population_density": 22273.541, "network_distance_m": 666.63932376983928, "straight_line_distance_m": 275.9716461833188, "network_penalty_ratio": 2.4156080270906268 }, "geometry": { "type": "Point", "coordinates": [ 469917.336105463735294, 996407.780925765866414 ] } },
{ "type": "Feature", "properties": { "population_density": 22975.182, "network_distance_m": 311.76979271456162, "straight_line_distance_m": 194.13155823943887, "network_penalty_ratio": 1.6059717211460773 }, "geometry": { "type": "Point", "coordinates": [ 470417.336105463735294, 996907.780925765866414 ] } },
{ "type": "Feature", "properties": { "population_density": 19691.701, "network_distance_m": 560.78328675422995, "straight_line_distance_m": 228.0132747167016, "network_penalty_ratio": 2.4594326249249447 }, "geometry": { "type": "Point", "coordinates": [ 469917.336105463735294, 996907.780925765866414 ] } },
{ "type": "Feature", "properties": { "population_density": 19478.658, "network_distance_m": 1158.167978835553, "straight_line_distance_m": 638.57165118599823, "network_penalty_ratio": 1.8136852406218245 }, "geometry": { "type": "Point", "coordinates": [ 469417.336105463735294, 996907.780925765866414 ] } },
{ "type": "Feature", "properties": { "population_density": 12358.466, "network_distance_m": 360.51377814275264, "straight_line_distance_m": 200.42060327217314, "network_penalty_ratio": 1.7987860142960024 }, "geometry": { "type": "Point", "coordinates": [ 472917.336105463735294, 995407.780925765866414 ] } },
{ "type": "Feature", "properties": { "population_density": 16489.568, "network_distance_m": 374.65940428406947, "straight_line_distance_m": 233.66412690345157, "network_penalty_ratio": 1.6034100280993333 }, "geometry": { "type": "Point", "coordinates": [ 473917.336105463735294, 995907.780925765866414 ] } },
{ "type": "Feature", "properties": { "population_density": 21649.873, "network_distance_m": 618.16797049680724, "straight_line_distance_m": 191.45552589125782, "network_penalty_ratio": 3.2287810321437886 }, "geometry": { "type": "Point", "coordinates": [ 473417.336105463735294, 995907.780925765866414 ] } },
{ "type": "Feature", "properties": { "population_density": 11070.925, "network_distance_m": 608.99072436393681, "straight_line_distance_m": 396.43559332492055, "network_penalty_ratio": 1.5361656082802964 }, "geometry": { "type": "Point", "coordinates": [ 472917.336105463735294, 995907.780925765866414 ] } },
{ "type": "Feature", "properties": { "population_density": 10328.595, "network_distance_m": 137.7037088216164, "straight_line_distance_m": 99.979884185443396, "network_penalty_ratio": 1.3773141461756706 }, "geometry": { "type": "Point", "coordinates": [ 472417.336105463735294, 996407.780925765866414 ] } },
{ "type": "Feature", "properties": { "population_density": 8719.4473, "network_distance_m": 272.91555143706785, "straight_line_distance_m": 332.28140154094223, "network_penalty_ratio": 0.82133863096589954 }, "geometry": { "type": "Point", "coordinates": [ 473417.336105463735294, 996407.780925765866414 ] } },
{ "type": "Feature", "properties": { "population_density": 5473.7842, "network_distance_m": 788.46902203914806, "straight_line_distance_m": 561.42081421699436, "network_penalty_ratio": 1.4044171538934027 }, "geometry": { "type": "Point", "coordinates": [ 473917.336105463735294, 996407.780925765866414 ] } },
{ "type": "Feature", "properties": { "population_density": 17054.582, "network_distance_m": 90.797246350790275, "straight_line_distance_m": 195.10865649507471, "network_penalty_ratio": 0.46536759558427049 }, "geometry": { "type": "Point", "coordinates": [ 472917.336105463735294, 996407.780925765866414 ] } },
{ "type": "Feature", "properties": { "population_density": 10458.232, "network_distance_m": 833.7658696622384, "straight_line_distance_m": 707.53405385232293, "network_penalty_ratio": 1.1784109402545628 }, "geometry": { "type": "Point", "coordinates": [ 473917.336105463735294, 996907.780925765866414 ] } },
{ "type": "Feature", "properties": { "population_density": 14475.404, "network_distance_m": 210.90804031823242, "straight_line_distance_m": 238.09298777848363, "network_penalty_ratio": 0.88582214153428374 }, "geometry": { "type": "Point", "coordinates": [ 472917.336105463735294, 996907.780925765866414 ] } },
{ "type": "Feature", "properties": { "population_density": 8882.4258, "network_distance_m": 2304.6602661423453, "straight_line_distance_m": 1870.6530793910438, "network_penalty_ratio": 1.2320083780005775 }, "geometry": { "type": "Point", "coordinates": [ 462917.336105463735294, 990907.780925765866414 ] } },
{ "type": "Feature", "properties": { "population_density": 359.37875, "network_distance_m": 3140.7364694931425, "straight_line_distance_m": 2642.6840381364973, "network_penalty_ratio": 1.1884646155837266 }, "geometry": { "type": "Point", "coordinates": [ 461917.336105463735294, 990907.780925765866414 ] } },
{ "type": "Feature", "properties": { "population_density": 7728.4971, "network_distance_m": 1850.4751539716426, "straight_line_distance_m": 1533.1951514518926, "network_penalty_ratio": 1.2069403899557698 }, "geometry": { "type": "Point", "coordinates": [ 462917.336105463735294, 991407.780925765866414 ] } },
{ "type": "Feature", "properties": { "population_density": 5836.4741, "network_distance_m": 2340.7566301937059, "straight_line_distance_m": 1960.3329725913163, "network_penalty_ratio": 1.1940607350492691 }, "geometry": { "type": "Point", "coordinates": [ 462417.336105463735294, 991407.780925765866414 ] } },
{ "type": "Feature", "properties": { "population_density": 1656.428, "network_distance_m": 2603.1084177450216, "straight_line_distance_m": 2277.3817825349834, "network_penalty_ratio": 1.1430268028435127 }, "geometry": { "type": "Point", "coordinates": [ 461917.336105463735294, 991907.780925765866414 ] } },
{ "type": "Feature", "properties": { "population_density": 9547.9785, "network_distance_m": 2041.0682703230846, "straight_line_distance_m": 1787.2464274489691, "network_penalty_ratio": 1.1420183803284523 }, "geometry": { "type": "Point", "coordinates": [ 462417.336105463735294, 991907.780925765866414 ] } },
{ "type": "Feature", "properties": { "population_density": 11782.354, "network_distance_m": 1565.5246335167876, "straight_line_distance_m": 1304.6194086537228, "network_penalty_ratio": 1.199985699379025 }, "geometry": { "type": "Point", "coordinates": [ 462917.336105463735294, 991907.780925765866414 ] } },
{ "type": "Feature", "properties": { "population_density": 4347.5415, "network_distance_m": 1974.5831280302586, "straight_line_distance_m": 1745.1630930745414, "network_penalty_ratio": 1.1314605126971464 }, "geometry": { "type": "Point", "coordinates": [ 462417.336105463735294, 992407.780925765866414 ] } },
{ "type": "Feature", "properties": { "population_density": 8606.6895, "network_distance_m": 1840.2339716128963, "straight_line_distance_m": 1246.3451490002224, "network_penalty_ratio": 1.4765042998635429 }, "geometry": { "type": "Point", "coordinates": [ 462917.336105463735294, 992407.780925765866414 ] } },
{ "type": "Feature", "properties": { "population_density": 18140.945, "network_distance_m": 2040.0866615003829, "straight_line_distance_m": 1583.3903348328486, "network_penalty_ratio": 1.2884294015320901 }, "geometry": { "type": "Point", "coordinates": [ 463417.336105463735294, 990907.780925765866414 ] } },
{ "type": "Feature", "properties": { "population_density": 14210.534, "network_distance_m": 1691.0605397160032, "straight_line_distance_m": 1422.2127022551342, "network_penalty_ratio": 1.189034901062668 }, "geometry": { "type": "Point", "coordinates": [ 464417.336105463735294, 990907.780925765866414 ] } },
{ "type": "Feature", "properties": { "population_density": 17963.066, "network_distance_m": 2160.6815147177635, "straight_line_distance_m": 1419.4741848476729, "network_penalty_ratio": 1.5221703485573648 }, "geometry": { "type": "Point", "coordinates": [ 463917.336105463735294, 990907.780925765866414 ] } },
{ "type": "Feature", "properties": { "population_density": 2724.8315, "network_distance_m": 1416.1248323970701, "straight_line_distance_m": 1165.5339469283927, "network_penalty_ratio": 1.2150009325160163 }, "geometry": { "type": "Point", "coordinates": [ 463417.336105463735294, 991407.780925765866414 ] } },
{ "type": "Feature", "properties": { "population_density": 17893.35, "network_distance_m": 1205.4772497235519, "straight_line_distance_m": 934.89753420160878, "network_penalty_ratio": 1.2894217875470331 }, "geometry": { "type": "Point", "coordinates": [ 464417.336105463735294, 991407.780925765866414 ] } },
{ "type": "Feature", "properties": { "population_density": 19806.184, "network_distance_m": 1215.0614436739588, "straight_line_distance_m": 930.72627041969906, "network_penalty_ratio": 1.3054981709348792 }, "geometry": { "type": "Point", "coordinates": [ 463917.336105463735294, 991407.780925765866414 ] } },
{ "type": "Feature", "properties": { "population_density": 12223.496, "network_distance_m": 1286.26744403419, "straight_line_distance_m": 842.50448689776999, "network_penalty_ratio": 1.5267188057008727 }, "geometry": { "type": "Point", "coordinates": [ 463417.336105463735294, 991907.780925765866414 ] } },
{ "type": "Feature", "properties": { "population_density": 13383.263, "network_distance_m": 776.16715481790004, "straight_line_distance_m": 466.47167057578093, "network_penalty_ratio": 1.6639105947416957 }, "geometry": { "type": "Point", "coordinates": [ 463917.336105463735294, 991907.780925765866414 ] } },
{ "type": "Feature", "properties": { "population_density": 8716.2129, "network_distance_m": 629.85035266664795, "straight_line_distance_m": 473.8024163613469, "network_penalty_ratio": 1.329352343754808 }, "geometry": { "type": "Point", "coordinates": [ 464417.336105463735294, 991907.780925765866414 ] } },
{ "type": "Feature", "properties": { "population_density": 14872.643, "network_distance_m": 312.67555613019999, "straight_line_distance_m": 262.56475096660847, "network_penalty_ratio": 1.1908512280460843 }, "geometry": { "type": "Point", "coordinates": [ 463917.336105463735294, 992407.780925765866414 ] } },
{ "type": "Feature", "properties": { "population_density": 3670.2544, "network_distance_m": 3035.7883007934229, "straight_line_distance_m": 2771.0441668106509, "network_penalty_ratio": 1.0955394854956357 }, "geometry": { "type": "Point", "coordinates": [ 461417.336105463735294, 991907.780925765866414 ] } },
{ "type": "Feature", "properties": { "population_density": 8018.3975, "network_distance_m": 840.15170563189304, "straight_line_distance_m": 749.10495889646324, "network_penalty_ratio": 1.1215407075525898 }, "geometry": { "type": "Point", "coordinates": [ 463417.336105463735294, 992407.780925765866414 ] } },
{ "type": "Feature", "properties": { "population_density": 8822.7578, "network_distance_m": 1106.1629254080322, "straight_line_distance_m": 531.76995371748967, "network_penalty_ratio": 2.0801531144719339 }, "geometry": { "type": "Point", "coordinates": [ 464917.336105463735294, 992407.780925765866414 ] } },
{ "type": "Feature", "properties": { "population_density": 10548.57, "network_distance_m": 0.0, "straight_line_distance_m": 40.986436548185154, "network_penalty_ratio": 0.0 }, "geometry": { "type": "Point", "coordinates": [ 464417.336105463735294, 992407.780925765866414 ] } },
{ "type": "Feature", "properties": { "population_density": 17485.467, "network_distance_m": 744.00646118445275, "straight_line_distance_m": 526.35960682451537, "network_penalty_ratio": 1.4134945986318805 }, "geometry": { "type": "Point", "coordinates": [ 464417.336105463735294, 992907.780925765866414 ] } },
{ "type": "Feature", "properties": { "population_density": 12782.925, "network_distance_m": 745.15944002312551, "straight_line_distance_m": 648.29366605771668, "network_penalty_ratio": 1.1494165052613441 }, "geometry": { "type": "Point", "coordinates": [ 463917.336105463735294, 992907.780925765866414 ] } },
{ "type": "Feature", "properties": { "population_density": 17643.637, "network_distance_m": 1052.694254790486, "straight_line_distance_m": 714.45994670432549, "network_penalty_ratio": 1.4734125539806313 }, "geometry": { "type": "Point", "coordinates": [ 463917.336105463735294, 993407.780925765866414 ] } },
{ "type": "Feature", "properties": { "population_density": 14470.604, "network_distance_m": 542.52003834757522, "straight_line_distance_m": 215.06047585389771, "network_penalty_ratio": 2.5226394398761518 }, "geometry": { "type": "Point", "coordinates": [ 464417.336105463735294, 993407.780925765866414 ] } },
{ "type": "Feature", "properties": { "population_density": 20202.758, "network_distance_m": 848.25109749616411, "straight_line_distance_m": 561.64720319124831, "network_penalty_ratio": 1.510291678969375 }, "geometry": { "type": "Point", "coordinates": [ 464417.336105463735294, 993907.780925765866414 ] } },
{ "type": "Feature", "properties": { "population_density": 12010.023, "network_distance_m": 1634.8763833069429, "straight_line_distance_m": 1320.5497321922551, "network_penalty_ratio": 1.238027121169357 }, "geometry": { "type": "Point", "coordinates": [ 463417.336105463735294, 993907.780925765866414 ] } },
{ "type": "Feature", "properties": { "population_density": 18942.826, "network_distance_m": 1161.6433442571613, "straight_line_distance_m": 882.97768263008447, "network_penalty_ratio": 1.3155976273341681 }, "geometry": { "type": "Point", "coordinates": [ 463917.336105463735294, 993907.780925765866414 ] } },
{ "type": "Feature", "properties": { "population_density": 5520.6328, "network_distance_m": 1575.7666312769277, "straight_line_distance_m": 1380.1161760651833, "network_penalty_ratio": 1.1417637577218744 }, "geometry": { "type": "Point", "coordinates": [ 462917.336105463735294, 992907.780925765866414 ] } },
{ "type": "Feature", "properties": { "population_density": 6069.293, "network_distance_m": 1070.5424328721888, "straight_line_distance_m": 955.25005545337137, "network_penalty_ratio": 1.1206934003935738 }, "geometry": { "type": "Point", "coordinates": [ 463417.336105463735294, 992907.780925765866414 ] } },
{ "type": "Feature", "properties": { "population_density": 9607.29, "network_distance_m": 1582.3778971503248, "straight_line_distance_m": 1214.3537469020262, "network_penalty_ratio": 1.303061732371787 }, "geometry": { "type": "Point", "coordinates": [ 463417.336105463735294, 993407.780925765866414 ] } },
{ "type": "Feature", "properties": { "population_density": 0.0, "network_distance_m": 2053.8435969662569, "straight_line_distance_m": 1660.1400809682239, "network_penalty_ratio": 1.237150780534386 }, "geometry": { "type": "Point", "coordinates": [ 462917.336105463735294, 993407.780925765866414 ] } },
{ "type": "Feature", "properties": { "population_density": 6073.0469, "network_distance_m": 2190.2887428684744, "straight_line_distance_m": 1791.1040177396956, "network_penalty_ratio": 1.2228707663960994 }, "geometry": { "type": "Point", "coordinates": [ 462917.336105463735294, 993907.780925765866414 ] } },
{ "type": "Feature", "properties": { "population_density": 3502.2783, "network_distance_m": 2478.8461876444921, "straight_line_distance_m": 1562.4016679345782, "network_penalty_ratio": 1.5865614064028815 }, "geometry": { "type": "Point", "coordinates": [ 462917.336105463735294, 994407.780925765866414 ] } },
{ "type": "Feature", "properties": { "population_density": 4920.6572, "network_distance_m": 2096.6685833437014, "straight_line_distance_m": 1750.1085283720636, "network_penalty_ratio": 1.1980220365499306 }, "geometry": { "type": "Point", "coordinates": [ 462417.336105463735294, 994907.780925765866414 ] } },
{ "type": "Feature", "properties": { "population_density": 8769.5186, "network_distance_m": 1535.8215279208873, "straight_line_distance_m": 1284.0887325976691, "network_penalty_ratio": 1.196040031294388 }, "geometry": { "type": "Point", "coordinates": [ 462917.336105463735294, 994907.780925765866414 ] } },
{ "type": "Feature", "properties": { "population_density": 14610.9, "network_distance_m": 1008.8833125489691, "straight_line_distance_m": 857.25602085254945, "network_penalty_ratio": 1.1768751551556615 }, "geometry": { "type": "Point", "coordinates": [ 463417.336105463735294, 994907.780925765866414 ] } },
{ "type": "Feature", "properties": { "population_density": 30.05258, "network_distance_m": 2204.850619514039, "straight_line_distance_m": 2164.4077134857262, "network_penalty_ratio": 1.018685437949757 }, "geometry": { "type": "Point", "coordinates": [ 461917.336105463735294, 995407.780925765866414 ] } },
{ "type": "Feature", "properties": { "population_density": 1254.845, "network_distance_m": 2204.850619514039, "straight_line_distance_m": 1664.5313942068401, "network_penalty_ratio": 1.3246074103424552 }, "geometry": { "type": "Point", "coordinates": [ 462417.336105463735294, 995407.780925765866414 ] } },
{ "type": "Feature", "properties": { "population_density": 19259.9, "network_distance_m": 788.32676641760736, "straight_line_distance_m": 590.11495087868184, "network_penalty_ratio": 1.3358867882330179 }, "geometry": { "type": "Point", "coordinates": [ 464417.336105463735294, 994407.780925765866414 ] } },
{ "type": "Feature", "properties": { "population_density": 21731.666, "network_distance_m": 1194.3868646998576, "straight_line_distance_m": 961.25792134550511, "network_penalty_ratio": 1.2425248605785573 }, "geometry": { "type": "Point", "coordinates": [ 463917.336105463735294, 994407.780925765866414 ] } },
{ "type": "Feature", "properties": { "population_density": 14593.921, "network_distance_m": 1416.3872236835218, "straight_line_distance_m": 1235.7600835390379, "network_penalty_ratio": 1.1461668349306073 }, "geometry": { "type": "Point", "coordinates": [ 463417.336105463735294, 994407.780925765866414 ] } },
{ "type": "Feature", "properties": { "population_density": 23524.127, "network_distance_m": 492.78391024730661, "straight_line_distance_m": 321.95362886766469, "network_penalty_ratio": 1.5306052364760259 }, "geometry": { "type": "Point", "coordinates": [ 464417.336105463735294, 994907.780925765866414 ] } },
{ "type": "Feature", "properties": { "population_density": 21970.4, "network_distance_m": 724.12751863124686, "straight_line_distance_m": 566.47320977395293, "network_penalty_ratio": 1.2783084992142961 }, "geometry": { "type": "Point", "coordinates": [ 463917.336105463735294, 994907.780925765866414 ] } },
{ "type": "Feature", "properties": { "population_density": 21777.701, "network_distance_m": 291.00671896309728, "straight_line_distance_m": 226.95631960437393, "network_penalty_ratio": 1.2822146546541415 }, "geometry": { "type": "Point", "coordinates": [ 464917.336105463735294, 994907.780925765866414 ] } },
{ "type": "Feature", "properties": { "population_density": 19341.121, "network_distance_m": 741.77723755515069, "straight_line_distance_m": 372.87350742901691, "network_penalty_ratio": 1.9893535549622312 }, "geometry": { "type": "Point", "coordinates": [ 464917.336105463735294, 995407.780925765866414 ] } },
{ "type": "Feature", "properties": { "population_density": 18518.354, "network_distance_m": 92.243892007387416, "straight_line_distance_m": 138.65588604829787, "network_penalty_ratio": 0.66527209652864061 }, "geometry": { "type": "Point", "coordinates": [ 464417.336105463735294, 995407.780925765866414 ] } },
{ "type": "Feature", "properties": { "population_density": 10110.559, "network_distance_m": 986.39906977270982, "straight_line_distance_m": 665.33659639875759, "network_penalty_ratio": 1.4825564610630995 }, "geometry": { "type": "Point", "coordinates": [ 463417.336105463735294, 995407.780925765866414 ] } },
{ "type": "Feature", "properties": { "population_density": 21478.303, "network_distance_m": 133.06301633648707, "straight_line_distance_m": 169.34225288197089, "network_penalty_ratio": 0.78576382486909557 }, "geometry": { "type": "Point", "coordinates": [ 463917.336105463735294, 995407.780925765866414 ] } },
{ "type": "Feature", "properties": { "population_density": 0.0, "network_distance_m": 2204.850619514039, "straight_line_distance_m": 2211.8873505258007, "network_penalty_ratio": 0.99681867568432503 }, "geometry": { "type": "Point", "coordinates": [ 461917.336105463735294, 995907.780925765866414 ] } },
{ "type": "Feature", "properties": { "population_density": 5337.5264, "network_distance_m": 1697.9280525657355, "straight_line_distance_m": 1164.7612521044066, "network_penalty_ratio": 1.4577477139611585 }, "geometry": { "type": "Point", "coordinates": [ 462917.336105463735294, 995407.780925765866414 ] } },
{ "type": "Feature", "properties": { "population_density": 0.0, "network_distance_m": 1680.7223790142536, "straight_line_distance_m": 1725.8185488398551, "network_penalty_ratio": 0.97386969223623399 }, "geometry": { "type": "Point", "coordinates": [ 462417.336105463735294, 995907.780925765866414 ] } },
{ "type": "Feature", "properties": { "population_density": 0.0, "network_distance_m": 833.0678426066811, "straight_line_distance_m": 806.50957075971507, "network_penalty_ratio": 1.0329298904933624 }, "geometry": { "type": "Point", "coordinates": [ 463417.336105463735294, 995907.780925765866414 ] } },
{ "type": "Feature", "properties": { "population_density": 9080.251, "network_distance_m": 1262.8640666947267, "straight_line_distance_m": 1250.781226123642, "network_penalty_ratio": 1.0096602349945172 }, "geometry": { "type": "Point", "coordinates": [ 462917.336105463735294, 995907.780925765866414 ] } },
{ "type": "Feature", "properties": { "population_density": 14444.128, "network_distance_m": 335.42721438853073, "straight_line_distance_m": 168.62541252154284, "network_penalty_ratio": 1.989185433990728 }, "geometry": { "type": "Point", "coordinates": [ 466917.336105463735294, 995407.780925765866414 ] } },
{ "type": "Feature", "properties": { "population_density": 17550.053, "network_distance_m": 772.77393525075854, "straight_line_distance_m": 610.49777334574071, "network_penalty_ratio": 1.2658095884866014 }, "geometry": { "type": "Point", "coordinates": [ 467417.336105463735294, 995907.780925765866414 ] } },
{ "type": "Feature", "properties": { "population_density": 18446.754, "network_distance_m": 1050.8731973225554, "straight_line_distance_m": 823.66316465198383, "network_penalty_ratio": 1.2758530943490387 }, "geometry": { "type": "Point", "coordinates": [ 467917.336105463735294, 995907.780925765866414 ] } },
{ "type": "Feature", "properties": { "population_density": 4661.0518, "network_distance_m": 729.22694204172046, "straight_line_distance_m": 539.32691769896542, "network_penalty_ratio": 1.3521055933068615 }, "geometry": { "type": "Point", "coordinates": [ 466917.336105463735294, 995907.780925765866414 ] } },
{ "type": "Feature", "properties": { "population_density": 1274.8612, "network_distance_m": 1015.5178070939285, "straight_line_distance_m": 1040.0234617047606, "network_penalty_ratio": 0.97643740212296404 }, "geometry": { "type": "Point", "coordinates": [ 466417.336105463735294, 996407.780925765866414 ] } },
{ "type": "Feature", "properties": { "population_density": 3036.7117, "network_distance_m": 1371.8225013204958, "straight_line_distance_m": 1026.3101473537483, "network_penalty_ratio": 1.336654913583015 }, "geometry": { "type": "Point", "coordinates": [ 466917.336105463735294, 996407.780925765866414 ] } },
{ "type": "Feature", "properties": { "population_density": 19531.953, "network_distance_m": 1399.0209415175216, "straight_line_distance_m": 1065.4325533165925, "network_penalty_ratio": 1.3131013663535054 }, "geometry": { "type": "Point", "coordinates": [ 467417.336105463735294, 996407.780925765866414 ] } },
{ "type": "Feature", "properties": { "population_density": 23817.514, "network_distance_m": 1741.431765868886, "straight_line_distance_m": 1382.3409253759753, "network_penalty_ratio": 1.2597701000534609 }, "geometry": { "type": "Point", "coordinates": [ 467417.336105463735294, 996907.780925765866414 ] } },
{ "type": "Feature", "properties": { "population_density": 23685.891, "network_distance_m": 2158.0820656814158, "straight_line_distance_m": 1521.759347915392, "network_penalty_ratio": 1.4181493733800297 }, "geometry": { "type": "Point", "coordinates": [ 466917.336105463735294, 996907.780925765866414 ] } },
{ "type": "Feature", "properties": { "population_density": 22975.992, "network_distance_m": 2129.08140197073, "straight_line_distance_m": 1536.5615341844987, "network_penalty_ratio": 1.385614148606616 }, "geometry": { "type": "Point", "coordinates": [ 466417.336105463735294, 996907.780925765866414 ] } },
{ "type": "Feature", "properties": { "population_density": 6468.7603, "network_distance_m": 523.16769014591989, "straight_line_distance_m": 391.40981627605771, "network_penalty_ratio": 1.3366238361710749 }, "geometry": { "type": "Point", "coordinates": [ 468417.336105463735294, 995907.780925765866414 ] } },
{ "type": "Feature", "properties": { "population_density": 21579.986, "network_distance_m": 447.00349252076848, "straight_line_distance_m": 357.74611074055514, "network_penalty_ratio": 1.2494992373095137 }, "geometry": { "type": "Point", "coordinates": [ 468917.336105463735294, 995907.780925765866414 ] } },
{ "type": "Feature", "properties": { "population_density": 8581.043, "network_distance_m": 938.28214253266833, "straight_line_distance_m": 456.7907723309408, "network_penalty_ratio": 2.0540742050123799 }, "geometry": { "type": "Point", "coordinates": [ 469417.336105463735294, 995907.780925765866414 ] } },
{ "type": "Feature", "properties": { "population_density": 10135.737, "network_distance_m": 783.45005746247273, "straight_line_distance_m": 276.97564227695761, "network_penalty_ratio": 2.8285882867601537 }, "geometry": { "type": "Point", "coordinates": [ 469417.336105463735294, 996407.780925765866414 ] } },
{ "type": "Feature", "properties": { "population_density": 3299.425, "network_distance_m": 396.6596999488728, "straight_line_distance_m": 387.45234458300069, "network_penalty_ratio": 1.0237638395911157 }, "geometry": { "type": "Point", "coordinates": [ 468417.336105463735294, 996407.780925765866414 ] } },
{ "type": "Feature", "properties": { "population_density": 8194.2598, "network_distance_m": 243.417711325277, "straight_line_distance_m": 121.12780960079996, "network_penalty_ratio": 2.0095939332801191 }, "geometry": { "type": "Point", "coordinates": [ 468917.336105463735294, 996407.780925765866414 ] } },
{ "type": "Feature", "properties": { "population_density": 23329.688, "network_distance_m": 858.50068682747246, "straight_line_distance_m": 886.32200265312213, "network_penalty_ratio": 0.96861037439850395 }, "geometry": { "type": "Point", "coordinates": [ 467917.336105463735294, 996407.780925765866414 ] } },
{ "type": "Feature", "properties": { "population_density": 7219.0527, "network_distance_m": 863.93590944531775, "straight_line_distance_m": 539.40973293620925, "network_penalty_ratio": 1.6016320371947887 }, "geometry": { "type": "Point", "coordinates": [ 468917.336105463735294, 996907.780925765866414 ] } },
{ "type": "Feature", "properties": { "population_density": 6573.9189, "network_distance_m": 1110.8557734451683, "straight_line_distance_m": 662.93650587347281, "network_penalty_ratio": 1.6756593785426335 }, "geometry": { "type": "Point", "coordinates": [ 468417.336105463735294, 996907.780925765866414 ] } },
{ "type": "Feature", "properties": { "population_density": 18700.756, "network_distance_m": 1147.2717797976477, "straight_line_distance_m": 976.38098906447078, "network_penalty_ratio": 1.1750247010615371 }, "geometry": { "type": "Point", "coordinates": [ 467917.336105463735294, 996907.780925765866414 ] } },
{ "type": "Feature", "properties": { "population_density": 14795.325, "network_distance_m": 1429.4321036638673, "straight_line_distance_m": 1087.7439133355806, "network_penalty_ratio": 1.3141255824456839 }, "geometry": { "type": "Point", "coordinates": [ 465917.336105463735294, 996407.780925765866414 ] } },
{ "type": "Feature", "properties": { "population_density": 7193.8418, "network_distance_m": 2498.7598172779344, "straight_line_distance_m": 1692.8459784120844, "network_penalty_ratio": 1.4760703862862998 }, "geometry": { "type": "Point", "coordinates": [ 465417.336105463735294, 996907.780925765866414 ] } },
{ "type": "Feature", "properties": { "population_density": 14741.604, "network_distance_m": 2923.6277342845819, "straight_line_distance_m": 1569.2543988906546, "network_penalty_ratio": 1.8630680508854192 }, "geometry": { "type": "Point", "coordinates": [ 465917.336105463735294, 996907.780925765866414 ] } },
{ "type": "Feature", "properties": { "population_density": 12945.644, "network_distance_m": 1792.1236914543827, "straight_line_distance_m": 1498.638818668257, "network_penalty_ratio": 1.195834292512806 }, "geometry": { "type": "Point", "coordinates": [ 464917.336105463735294, 996907.780925765866414 ] } },
{ "type": "Feature", "properties": { "population_density": 16975.451, "network_distance_m": 2646.929095244273, "straight_line_distance_m": 1218.9415107182911, "network_penalty_ratio": 2.1714980349504263 }, "geometry": { "type": "Point", "coordinates": [ 465917.336105463735294, 997407.780925765866414 ] } },
{ "type": "Feature", "properties": { "population_density": 7968.5625, "network_distance_m": 2111.5896235362738, "straight_line_distance_m": 1512.746940194183, "network_penalty_ratio": 1.3958644155414526 }, "geometry": { "type": "Point", "coordinates": [ 465417.336105463735294, 997407.780925765866414 ] } },
{ "type": "Feature", "properties": { "population_density": 3873.0474, "network_distance_m": 2408.5439662433969, "straight_line_distance_m": 1894.9902911575923, "network_penalty_ratio": 1.2710059663535744 }, "geometry": { "type": "Point", "coordinates": [ 464917.336105463735294, 997407.780925765866414 ] } },
{ "type": "Feature", "properties": { "population_density": 5360.9165, "network_distance_m": 1583.4431630326587, "straight_line_distance_m": 805.80693064582567, "network_penalty_ratio": 1.9650403872346758 }, "geometry": { "type": "Point", "coordinates": [ 465917.336105463735294, 997907.780925765866414 ] } },
{ "type": "Feature", "properties": { "population_density": 5062.2432, "network_distance_m": 1715.288532428272, "straight_line_distance_m": 1204.9521600426797, "network_penalty_ratio": 1.4235324764823163 }, "geometry": { "type": "Point", "coordinates": [ 465417.336105463735294, 997907.780925765866414 ] } },
{ "type": "Feature", "properties": { "population_density": 4278.9932, "network_distance_m": 786.90513925848484, "straight_line_distance_m": 559.31316129830475, "network_penalty_ratio": 1.4069133246067063 }, "geometry": { "type": "Point", "coordinates": [ 465917.336105463735294, 998407.780925765866414 ] } },
{ "type": "Feature", "properties": { "population_density": 23262.873, "network_distance_m": 1927.3031255932708, "straight_line_distance_m": 1175.0100465625148, "network_penalty_ratio": 1.6402439547062471 }, "geometry": { "type": "Point", "coordinates": [ 466917.336105463735294, 997407.780925765866414 ] } },
{ "type": "Feature", "properties": { "population_density": 4499.707, "network_distance_m": 1692.9803627498311, "straight_line_distance_m": 1219.8517687086735, "network_penalty_ratio": 1.3878574480750299 }, "geometry": { "type": "Point", "coordinates": [ 467417.336105463735294, 997407.780925765866414 ] } },
{ "type": "Feature", "properties": { "population_density": 6627.3755, "network_distance_m": 1517.1204162186441, "straight_line_distance_m": 728.34863867442357, "network_penalty_ratio": 2.0829590880814517 }, "geometry": { "type": "Point", "coordinates": [ 467917.336105463735294, 997407.780925765866414 ] } },
{ "type": "Feature", "properties": { "population_density": 9959.9531, "network_distance_m": 2157.5593391818556, "straight_line_distance_m": 1087.7653736157979, "network_penalty_ratio": 1.9834785988912278 }, "geometry": { "type": "Point", "coordinates": [ 466417.336105463735294, 997407.780925765866414 ] } },
{ "type": "Feature", "properties": { "population_density": 10165.654, "network_distance_m": 1909.6528155322781, "straight_line_distance_m": 737.66863322734571, "network_penalty_ratio": 2.5887678145909896 }, "geometry": { "type": "Point", "coordinates": [ 466917.336105463735294, 997907.780925765866414 ] } },
{ "type": "Feature", "properties": { "population_density": 11082.463, "network_distance_m": 1476.5473478693236, "straight_line_distance_m": 750.86851788034346, "network_penalty_ratio": 1.9664525981692877 }, "geometry": { "type": "Point", "coordinates": [ 467417.336105463735294, 997907.780925765866414 ] } },
{ "type": "Feature", "properties": { "population_density": 9594.8691, "network_distance_m": 1213.1788337971961, "straight_line_distance_m": 779.5278334423075, "network_penalty_ratio": 1.5562995723192261 }, "geometry": { "type": "Point", "coordinates": [ 467917.336105463735294, 997907.780925765866414 ] } },
{ "type": "Feature", "properties": { "population_density": 4327.5889, "network_distance_m": 1120.324097084902, "straight_line_distance_m": 588.84625409539069, "network_penalty_ratio": 1.9025748899532169 }, "geometry": { "type": "Point", "coordinates": [ 466417.336105463735294, 997907.780925765866414 ] } },
{ "type": "Feature", "properties": { "population_density": 8615.9541, "network_distance_m": 590.45207078088026, "straight_line_distance_m": 455.69882090275058, "network_penalty_ratio": 1.2957068214729637 }, "geometry": { "type": "Point", "coordinates": [ 466917.336105463735294, 998407.780925765866414 ] } },
{ "type": "Feature", "properties": { "population_density": 12424.281, "network_distance_m": 362.60059332134392, "straight_line_distance_m": 272.02648014610037, "network_penalty_ratio": 1.3329606482670286 }, "geometry": { "type": "Point", "coordinates": [ 467417.336105463735294, 998407.780925765866414 ] } },
{ "type": "Feature", "properties": { "population_density": 25639.215, "network_distance_m": 427.85832110305262, "straight_line_distance_m": 312.37466597355393, "network_penalty_ratio": 1.3696959699647209 }, "geometry": { "type": "Point", "coordinates": [ 468917.336105463735294, 997407.780925765866414 ] } },
{ "type": "Feature", "properties": { "population_density": 25634.887, "network_distance_m": 447.40463535732431, "straight_line_distance_m": 270.08358205580163, "network_penalty_ratio": 1.6565414008204564 }, "geometry": { "type": "Point", "coordinates": [ 468417.336105463735294, 997407.780925765866414 ] } },
{ "type": "Feature", "properties": { "population_density": 23730.26, "network_distance_m": 797.47530346285293, "straight_line_distance_m": 482.10100746181388, "network_penalty_ratio": 1.654166432178674 }, "geometry": { "type": "Point", "coordinates": [ 469417.336105463735294, 997407.780925765866414 ] } },
{ "type": "Feature", "properties": { "population_density": 25738.279, "network_distance_m": 291.29758949156241, "straight_line_distance_m": 183.37780366623679, "network_penalty_ratio": 1.5885106248831991 }, "geometry": { "type": "Point", "coordinates": [ 468917.336105463735294, 997907.780925765866414 ] } },
{ "type": "Feature", "properties": { "population_density": 26929.797, "network_distance_m": 550.46042497752819, "straight_line_distance_m": 387.44940953428329, "network_penalty_ratio": 1.4207285168899475 }, "geometry": { "type": "Point", "coordinates": [ 468417.336105463735294, 997907.780925765866414 ] } },
{ "type": "Feature", "properties": { "population_density": 13356.979, "network_distance_m": 588.80016675475144, "straight_line_distance_m": 130.81438968401378, "network_penalty_ratio": 4.5010351550545513 }, "geometry": { "type": "Point", "coordinates": [ 469417.336105463735294, 997907.780925765866414 ] } },
{ "type": "Feature", "properties": { "population_density": 24033.725, "network_distance_m": 684.74462537205147, "straight_line_distance_m": 530.50153564933589, "network_penalty_ratio": 1.2907495631165731 }, "geometry": { "type": "Point", "coordinates": [ 468917.336105463735294, 998407.780925765866414 ] } },
{ "type": "Feature", "properties": { "population_density": 20946.496, "network_distance_m": 475.09259061911689, "straight_line_distance_m": 282.000981119568, "network_penalty_ratio": 1.6847196372613977 }, "geometry": { "type": "Point", "coordinates": [ 469417.336105463735294, 998407.780925765866414 ] } },
{ "type": "Feature", "properties": { "population_density": 24596.508, "network_distance_m": 634.75004916878572, "straight_line_distance_m": 435.33702304804331, "network_penalty_ratio": 1.4580658560223936 }, "geometry": { "type": "Point", "coordinates": [ 468417.336105463735294, 998407.780925765866414 ] } },
{ "type": "Feature", "properties": { "population_density": 23365.0, "network_distance_m": 597.09520562411058, "straight_line_distance_m": 442.24154349455512, "network_penalty_ratio": 1.3501562989897218 }, "geometry": { "type": "Point", "coordinates": [ 467917.336105463735294, 998407.780925765866414 ] } },
{ "type": "Feature", "properties": { "population_density": 3917.6621, "network_distance_m": 546.67977749659099, "straight_line_distance_m": 101.22407760424531, "network_penalty_ratio": 5.4006891486227122 }, "geometry": { "type": "Point", "coordinates": [ 466417.336105463735294, 998407.780925765866414 ] } },
{ "type": "Feature", "properties": { "population_density": 19614.652, "network_distance_m": 1323.2116088037581, "straight_line_distance_m": 1056.1326199470295, "network_penalty_ratio": 1.2528839501900091 }, "geometry": { "type": "Point", "coordinates": [ 465417.336105463735294, 998407.780925765866414 ] } },
{ "type": "Feature", "properties": { "population_density": 2177.5889, "network_distance_m": 1632.6140029109613, "straight_line_distance_m": 1606.7070088710966, "network_penalty_ratio": 1.016124280218375 }, "geometry": { "type": "Point", "coordinates": [ 464917.336105463735294, 998907.780925765866414 ] } },
{ "type": "Feature", "properties": { "population_density": 10920.834, "network_distance_m": 1121.0771959809465, "straight_line_distance_m": 690.17216354048958, "network_penalty_ratio": 1.6243442653931051 }, "geometry": { "type": "Point", "coordinates": [ 465917.336105463735294, 998907.780925765866414 ] } },
{ "type": "Feature", "properties": { "population_density": 13924.245, "network_distance_m": 1288.1384098756557, "straight_line_distance_m": 1130.8945635384553, "network_penalty_ratio": 1.1390437724319766 }, "geometry": { "type": "Point", "coordinates": [ 465417.336105463735294, 998907.780925765866414 ] } },
{ "type": "Feature", "properties": { "population_density": 4165.834, "network_distance_m": 2057.736495671485, "straight_line_distance_m": 1801.3921880812527, "network_penalty_ratio": 1.1423034413529221 }, "geometry": { "type": "Point", "coordinates": [ 464917.336105463735294, 999407.780925765866414 ] } },
{ "type": "Feature", "properties": { "population_density": 7871.0054, "network_distance_m": 1431.1658602155997, "straight_line_distance_m": 928.93105849704239, "network_penalty_ratio": 1.5406588542008108 }, "geometry": { "type": "Point", "coordinates": [ 465917.336105463735294, 999407.780925765866414 ] } },
{ "type": "Feature", "properties": { "population_density": 8393.0771, "network_distance_m": 1942.1530207777962, "straight_line_distance_m": 1393.7104852750051, "network_penalty_ratio": 1.3935125273844611 }, "geometry": { "type": "Point", "coordinates": [ 465417.336105463735294, 999407.780925765866414 ] } },
{ "type": "Feature", "properties": { "population_density": 12916.521, "network_distance_m": 1931.1614991604104, "straight_line_distance_m": 1022.7171731755571, "network_penalty_ratio": 1.8882654460217143 }, "geometry": { "type": "Point", "coordinates": [ 465917.336105463735294, 999907.780925765866414 ] } },
{ "type": "Feature", "properties": { "population_density": 26711.242, "network_distance_m": 476.16328910239793, "straight_line_distance_m": 290.16078414825432, "network_penalty_ratio": 1.6410325416652711 }, "geometry": { "type": "Point", "coordinates": [ 467417.336105463735294, 998907.780925765866414 ] } },
{ "type": "Feature", "properties": { "population_density": 13208.621, "network_distance_m": 753.49296340863543, "straight_line_distance_m": 571.70499745339919, "network_penalty_ratio": 1.3179751213737714 }, "geometry": { "type": "Point", "coordinates": [ 466917.336105463735294, 998907.780925765866414 ] } },
{ "type": "Feature", "properties": { "population_density": 22842.791, "network_distance_m": 730.29307479389411, "straight_line_distance_m": 453.6214914984734, "network_penalty_ratio": 1.6099172734992688 }, "geometry": { "type": "Point", "coordinates": [ 467917.336105463735294, 998907.780925765866414 ] } },
{ "type": "Feature", "properties": { "population_density": 11763.415, "network_distance_m": 440.58108982216163, "straight_line_distance_m": 416.83655887108455, "network_penalty_ratio": 1.0569636478512927 }, "geometry": { "type": "Point", "coordinates": [ 466417.336105463735294, 998907.780925765866414 ] } },
{ "type": "Feature", "properties": { "population_density": 16459.078, "network_distance_m": 306.90482446642932, "straight_line_distance_m": 186.43095544877923, "network_penalty_ratio": 1.6462117234106519 }, "geometry": { "type": "Point", "coordinates": [ 467917.336105463735294, 999407.780925765866414 ] } },
{ "type": "Feature", "properties": { "population_density": 18579.297, "network_distance_m": 585.9864816479195, "straight_line_distance_m": 431.73893756609084, "network_penalty_ratio": 1.3572704026914792 }, "geometry": { "type": "Point", "coordinates": [ 466417.336105463735294, 999407.780925765866414 ] } },
{ "type": "Feature", "properties": { "population_density": 22786.695, "network_distance_m": 93.41695633664699, "straight_line_distance_m": 99.418856264584718, "network_penalty_ratio": 0.93963016520764642 }, "geometry": { "type": "Point", "coordinates": [ 466917.336105463735294, 999407.780925765866414 ] } },
{ "type": "Feature", "properties": { "population_density": 13712.106, "network_distance_m": 523.24601446923066, "straight_line_distance_m": 350.50980643353131, "network_penalty_ratio": 1.492814194824692 }, "geometry": { "type": "Point", "coordinates": [ 467417.336105463735294, 999407.780925765866414 ] } },
{ "type": "Feature", "properties": { "population_density": 23733.826, "network_distance_m": 555.49701340975639, "straight_line_distance_m": 439.22843014623396, "network_penalty_ratio": 1.2647109687886384 }, "geometry": { "type": "Point", "coordinates": [ 466917.336105463735294, 999907.780925765866414 ] } },
{ "type": "Feature", "properties": { "population_density": 19646.453, "network_distance_m": 726.48873114782964, "straight_line_distance_m": 529.54457074475704, "network_penalty_ratio": 1.371912339930307 }, "geometry": { "type": "Point", "coordinates": [ 467417.336105463735294, 999907.780925765866414 ] } },
{ "type": "Feature", "properties": { "population_density": 25482.504, "network_distance_m": 318.94657925869075, "straight_line_distance_m": 184.11693107735945, "network_penalty_ratio": 1.7323044512657046 }, "geometry": { "type": "Point", "coordinates": [ 468417.336105463735294, 998907.780925765866414 ] } },
{ "type": "Feature", "properties": { "population_density": 10953.333, "network_distance_m": 298.16629817453918, "straight_line_distance_m": 300.82619662302307, "network_penalty_ratio": 0.99115802254476826 }, "geometry": { "type": "Point", "coordinates": [ 468917.336105463735294, 998907.780925765866414 ] } },
{ "type": "Feature", "properties": { "population_density": 21449.055, "network_distance_m": 233.48883661090963, "straight_line_distance_m": 120.87769321352343, "network_penalty_ratio": 1.9316122801786526 }, "geometry": { "type": "Point", "coordinates": [ 469417.336105463735294, 998907.780925765866414 ] } },
{ "type": "Feature", "properties": { "population_density": 16385.24, "network_distance_m": 53.983388011468037, "straight_line_distance_m": 67.036758978653623, "network_penalty_ratio": 0.80528039890260594 }, "geometry": { "type": "Point", "coordinates": [ 468917.336105463735294, 999407.780925765866414 ] } },
{ "type": "Feature", "properties": { "population_density": 11019.981, "network_distance_m": 105.89758053072103, "straight_line_distance_m": 172.66905922643474, "network_penalty_ratio": 0.61329795277247134 }, "geometry": { "type": "Point", "coordinates": [ 468417.336105463735294, 999407.780925765866414 ] } },
{ "type": "Feature", "properties": { "population_density": 20725.258, "network_distance_m": 473.25833040425596, "straight_line_distance_m": 278.7210316618129, "network_penalty_ratio": 1.6979641887178629 }, "geometry": { "type": "Point", "coordinates": [ 469417.336105463735294, 999907.780925765866414 ] } },
{ "type": "Feature", "properties": { "population_density": 17992.637, "network_distance_m": 263.57495588257063, "straight_line_distance_m": 238.53503595734628, "network_penalty_ratio": 1.1049737612956021 }, "geometry": { "type": "Point", "coordinates": [ 468417.336105463735294, 999907.780925765866414 ] } },
{ "type": "Feature", "properties": { "population_density": 22791.791, "network_distance_m": 663.26517289481853, "straight_line_distance_m": 508.48942307700111, "network_penalty_ratio": 1.3043834203693545 }, "geometry": { "type": "Point", "coordinates": [ 468917.336105463735294, 999907.780925765866414 ] } },
{ "type": "Feature", "properties": { "population_density": 20936.625, "network_distance_m": 533.28955131333078, "straight_line_distance_m": 438.5394271313836, "network_penalty_ratio": 1.2160583936585494 }, "geometry": { "type": "Point", "coordinates": [ 467917.336105463735294, 999907.780925765866414 ] } },
{ "type": "Feature", "properties": { "population_density": 23319.746, "network_distance_m": 394.75749413852748, "straight_line_distance_m": 311.69794463881306, "network_penalty_ratio": 1.2664744857267556 }, "geometry": { "type": "Point", "coordinates": [ 469417.336105463735294, 1000407.780925765866414 ] } },
{ "type": "Feature", "properties": { "population_density": 0.0, "network_distance_m": 2041.1318790098762, "straight_line_distance_m": 1490.7933517218075, "network_penalty_ratio": 1.3691581577369187 }, "geometry": { "type": "Point", "coordinates": [ 465417.336105463735294, 999907.780925765866414 ] } },
{ "type": "Feature", "properties": { "population_density": 8254.6309, "network_distance_m": 1479.976671851573, "straight_line_distance_m": 1078.3144685574971, "network_penalty_ratio": 1.3724907853934252 }, "geometry": { "type": "Point", "coordinates": [ 465917.336105463735294, 1000407.780925765866414 ] } },
{ "type": "Feature", "properties": { "population_density": 0.0, "network_distance_m": 2056.0336068289434, "straight_line_distance_m": 1535.5716115166963, "network_penalty_ratio": 1.3389369739638406 }, "geometry": { "type": "Point", "coordinates": [ 465417.336105463735294, 1000407.780925765866414 ] } },
{ "type": "Feature", "properties": { "population_density": 9352.0615, "network_distance_m": 1160.2049653398533, "straight_line_distance_m": 945.40832406946356, "network_penalty_ratio": 1.2271998625374994 }, "geometry": { "type": "Point", "coordinates": [ 465917.336105463735294, 1000907.780925765866414 ] } },
{ "type": "Feature", "properties": { "population_density": 0.0, "network_distance_m": 1450.7387546705152, "straight_line_distance_m": 1351.9267857883647, "network_penalty_ratio": 1.0730897337939267 }, "geometry": { "type": "Point", "coordinates": [ 465417.336105463735294, 1000907.780925765866414 ] } },
{ "type": "Feature", "properties": { "population_density": 18278.932, "network_distance_m": 1074.3087190430981, "straight_line_distance_m": 445.6218331997274, "network_penalty_ratio": 2.4108080865992796 }, "geometry": { "type": "Point", "coordinates": [ 466417.336105463735294, 1000907.780925765866414 ] } },
{ "type": "Feature", "properties": { "population_density": 24263.99, "network_distance_m": 898.72233840614433, "straight_line_distance_m": 649.62118729313261, "network_penalty_ratio": 1.3834560140363898 }, "geometry": { "type": "Point", "coordinates": [ 465917.336105463735294, 1001407.780925765866414 ] } },
{ "type": "Feature", "properties": { "population_density": 0.0, "network_distance_m": 1421.930414038339, "straight_line_distance_m": 1096.2996371803506, "network_penalty_ratio": 1.2970271683164112 }, "geometry": { "type": "Point", "coordinates": [ 465417.336105463735294, 1001407.780925765866414 ] } },
{ "type": "Feature", "properties": { "population_density": 20521.045, "network_distance_m": 674.01194618501324, "straight_line_distance_m": 431.0892175289822, "network_penalty_ratio": 1.5635091734571147 }, "geometry": { "type": "Point", "coordinates": [ 467917.336105463735294, 1000407.780925765866414 ] } },
{ "type": "Feature", "properties": { "population_density": 11723.328, "network_distance_m": 714.84963671352989, "straight_line_distance_m": 282.64160024929481, "network_penalty_ratio": 2.529173469450428 }, "geometry": { "type": "Point", "coordinates": [ 468417.336105463735294, 1000407.780925765866414 ] } },
{ "type": "Feature", "properties": { "population_density": 15553.308, "network_distance_m": 1039.8844081194779, "straight_line_distance_m": 678.29158260519478, "network_penalty_ratio": 1.5330934877969011 }, "geometry": { "type": "Point", "coordinates": [ 468917.336105463735294, 1000407.780925765866414 ] } },
{ "type": "Feature", "properties": { "population_density": 22673.477, "network_distance_m": 1357.0882864578887, "straight_line_distance_m": 757.01118081136235, "network_penalty_ratio": 1.7926925266854916 }, "geometry": { "type": "Point", "coordinates": [ 468417.336105463735294, 1000907.780925765866414 ] } },
{ "type": "Feature", "properties": { "population_density": 24077.029, "network_distance_m": 182.98062965411916, "straight_line_distance_m": 199.45580200985901, "network_penalty_ratio": 0.91739938277190103 }, "geometry": { "type": "Point", "coordinates": [ 469417.336105463735294, 1000907.780925765866414 ] } },
{ "type": "Feature", "properties": { "population_density": 13902.565, "network_distance_m": 624.50469786578401, "straight_line_distance_m": 620.66111367321264, "network_penalty_ratio": 1.0061927259625212 }, "geometry": { "type": "Point", "coordinates": [ 468917.336105463735294, 1000907.780925765866414 ] } },
{ "type": "Feature", "properties": { "population_density": 23612.684, "network_distance_m": 1479.0120879824551, "straight_line_distance_m": 1159.2926211086835, "network_penalty_ratio": 1.2757884084244491 }, "geometry": { "type": "Point", "coordinates": [ 467917.336105463735294, 1001407.780925765866414 ] } },
{ "type": "Feature", "properties": { "population_density": 13650.388, "network_distance_m": 335.64951172362112, "straight_line_distance_m": 293.55804367091667, "network_penalty_ratio": 1.143383800785543 }, "geometry": { "type": "Point", "coordinates": [ 468917.336105463735294, 1001407.780925765866414 ] } },
{ "type": "Feature", "properties": { "population_density": 18856.975, "network_distance_m": 1414.814332918198, "straight_line_distance_m": 739.74195950165677, "network_penalty_ratio": 1.9125781831698696 }, "geometry": { "type": "Point", "coordinates": [ 468417.336105463735294, 1001407.780925765866414 ] } },
{ "type": "Feature", "properties": { "population_density": 20542.09, "network_distance_m": 851.04810267458265, "straight_line_distance_m": 353.74352765872743, "network_penalty_ratio": 2.4058337075657472 }, "geometry": { "type": "Point", "coordinates": [ 469417.336105463735294, 1001407.780925765866414 ] } },
{ "type": "Feature", "properties": { "population_density": 21230.713, "network_distance_m": 172.92109815710523, "straight_line_distance_m": 42.219211690654646, "network_penalty_ratio": 4.095791731596492 }, "geometry": { "type": "Point", "coordinates": [ 471417.336105463735294, 995407.780925765866414 ] } },
{ "type": "Feature", "properties": { "population_density": 22318.434, "network_distance_m": 261.99525947414884, "straight_line_distance_m": 190.88972748264248, "network_penalty_ratio": 1.3724953297865228 }, "geometry": { "type": "Point", "coordinates": [ 471917.336105463735294, 995407.780925765866414 ] } },
{ "type": "Feature", "properties": { "population_density": 10862.416, "network_distance_m": 176.21425462536683, "straight_line_distance_m": 132.81373439512592, "network_penalty_ratio": 1.3267773504592735 }, "geometry": { "type": "Point", "coordinates": [ 472417.336105463735294, 995407.780925765866414 ] } },
{ "type": "Feature", "properties": { "population_density": 20754.918, "network_distance_m": 686.82883929038155, "straight_line_distance_m": 423.32915731733817, "network_penalty_ratio": 1.6224463338241486 }, "geometry": { "type": "Point", "coordinates": [ 472417.336105463735294, 995907.780925765866414 ] } },
{ "type": "Feature", "properties": { "population_density": 13665.35, "network_distance_m": 332.40641392941785, "straight_line_distance_m": 286.79818808331106, "network_penalty_ratio": 1.1590255020469593 }, "geometry": { "type": "Point", "coordinates": [ 471917.336105463735294, 995907.780925765866414 ] } },
{ "type": "Feature", "properties": { "population_density": 21173.781, "network_distance_m": 400.2843633963916, "straight_line_distance_m": 256.12639932189376, "network_penalty_ratio": 1.5628391468281386 }, "geometry": { "type": "Point", "coordinates": [ 471417.336105463735294, 995907.780925765866414 ] } },
{ "type": "Feature", "properties": { "population_density": 20277.117, "network_distance_m": 347.45390527471949, "straight_line_distance_m": 82.754994931432392, "network_penalty_ratio": 4.198585300652927 }, "geometry": { "type": "Point", "coordinates": [ 471417.336105463735294, 996407.780925765866414 ] } },
{ "type": "Feature", "properties": { "population_density": 14826.623, "network_distance_m": 288.76752606657726, "straight_line_distance_m": 222.62679313243402, "network_penalty_ratio": 1.2970924209234695 }, "geometry": { "type": "Point", "coordinates": [ 471917.336105463735294, 996407.780925765866414 ] } },
{ "type": "Feature", "properties": { "population_density": 14706.39, "network_distance_m": 229.4759923212809, "straight_line_distance_m": 125.52366824531441, "network_penalty_ratio": 1.8281491891458235 }, "geometry": { "type": "Point", "coordinates": [ 472417.336105463735294, 996907.780925765866414 ] } },
{ "type": "Feature", "properties": { "population_density": 23740.762, "network_distance_m": 509.19060286084061, "straight_line_distance_m": 393.62359038093848, "network_penalty_ratio": 1.2935977804787042 }, "geometry": { "type": "Point", "coordinates": [ 471417.336105463735294, 996907.780925765866414 ] } },
{ "type": "Feature", "properties": { "population_density": 12981.119, "network_distance_m": 292.86807444089595, "straight_line_distance_m": 231.46864579667007, "network_penalty_ratio": 1.265260240465403 }, "geometry": { "type": "Point", "coordinates": [ 470917.336105463735294, 996907.780925765866414 ] } },
{ "type": "Feature", "properties": { "population_density": 22645.279, "network_distance_m": 251.12852977336249, "straight_line_distance_m": 223.92977338468478, "network_penalty_ratio": 1.1214610990649889 }, "geometry": { "type": "Point", "coordinates": [ 470917.336105463735294, 997407.780925765866414 ] } },
{ "type": "Feature", "properties": { "population_density": 21445.574, "network_distance_m": 274.28701566843779, "straight_line_distance_m": 239.57318917521187, "network_penalty_ratio": 1.1448986283178706 }, "geometry": { "type": "Point", "coordinates": [ 469917.336105463735294, 997407.780925765866414 ] } },
{ "type": "Feature", "properties": { "population_density": 22030.426, "network_distance_m": 0.0, "straight_line_distance_m": 38.851307054879115, "network_penalty_ratio": 0.0 }, "geometry": { "type": "Point", "coordinates": [ 470417.336105463735294, 997407.780925765866414 ] } },
{ "type": "Feature", "properties": { "population_density": 24776.969, "network_distance_m": 299.92727364214949, "straight_line_distance_m": 238.65376649273162, "network_penalty_ratio": 1.2567464492595133 }, "geometry": { "type": "Point", "coordinates": [ 470417.336105463735294, 997907.780925765866414 ] } },
{ "type": "Feature", "properties": { "population_density": 16783.527, "network_distance_m": 0.0, "straight_line_distance_m": 27.43652911654933, "network_penalty_ratio": 0.0 }, "geometry": { "type": "Point", "coordinates": [ 469917.336105463735294, 997907.780925765866414 ] } },
{ "type": "Feature", "properties": { "population_density": 16117.256, "network_distance_m": 848.72367718171711, "straight_line_distance_m": 677.47345456542621, "network_penalty_ratio": 1.2527777604602108 }, "geometry": { "type": "Point", "coordinates": [ 470917.336105463735294, 997907.780925765866414 ] } },
{ "type": "Feature", "properties": { "population_density": 24765.902, "network_distance_m": 523.14074728107528, "straight_line_distance_m": 354.99877054920091, "network_penalty_ratio": 1.4736410114089982 }, "geometry": { "type": "Point", "coordinates": [ 470417.336105463735294, 998407.780925765866414 ] } },
{ "type": "Feature", "properties": { "population_density": 22749.494, "network_distance_m": 456.38665281042233, "straight_line_distance_m": 96.157387907420571, "network_penalty_ratio": 4.7462463648641027 }, "geometry": { "type": "Point", "coordinates": [ 469917.336105463735294, 998407.780925765866414 ] } },
{ "type": "Feature", "properties": { "population_density": 82.98896, "network_distance_m": 673.19120056561815, "straight_line_distance_m": 406.17059209130258, "network_penalty_ratio": 1.6574099988368738 }, "geometry": { "type": "Point", "coordinates": [ 470917.336105463735294, 998407.780925765866414 ] } },
{ "type": "Feature", "properties": { "population_density": 13874.57, "network_distance_m": 236.42089361889279, "straight_line_distance_m": 207.53498889738532, "network_penalty_ratio": 1.1391857097204461 }, "geometry": { "type": "Point", "coordinates": [ 473417.336105463735294, 996907.780925765866414 ] } },
{ "type": "Feature", "properties": { "population_density": 5813.0938, "network_distance_m": 672.46759667704612, "straight_line_distance_m": 359.35732224180902, "network_penalty_ratio": 1.8713062321422447 }, "geometry": { "type": "Point", "coordinates": [ 473417.336105463735294, 997407.780925765866414 ] } },
{ "type": "Feature", "properties": { "population_density": 1911.5542, "network_distance_m": 969.03434661511392, "straight_line_distance_m": 777.62898006416879, "network_penalty_ratio": 1.2461397034549184 }, "geometry": { "type": "Point", "coordinates": [ 473917.336105463735294, 997407.780925765866414 ] } },
{ "type": "Feature", "properties": { "population_density": 8532.1416, "network_distance_m": 0.0, "straight_line_distance_m": 105.81912445327866, "network_penalty_ratio": 0.0 }, "geometry": { "type": "Point", "coordinates": [ 472917.336105463735294, 997407.780925765866414 ] } },
{ "type": "Feature", "properties": { "population_density": 14741.612, "network_distance_m": 438.71698246195689, "straight_line_distance_m": 278.7603024128947, "network_penalty_ratio": 1.5738144156987506 }, "geometry": { "type": "Point", "coordinates": [ 473417.336105463735294, 997907.780925765866414 ] } },
{ "type": "Feature", "properties": { "population_density": 18266.107, "network_distance_m": 219.37118046753105, "straight_line_distance_m": 254.76408287195224, "network_penalty_ratio": 0.86107577643819544 }, "geometry": { "type": "Point", "coordinates": [ 472917.336105463735294, 997907.780925765866414 ] } },
{ "type": "Feature", "properties": { "population_density": 5974.5312, "network_distance_m": 421.06598278360798, "straight_line_distance_m": 278.5072782439899, "network_penalty_ratio": 1.5118670701838093 }, "geometry": { "type": "Point", "coordinates": [ 473917.336105463735294, 997907.780925765866414 ] } },
{ "type": "Feature", "properties": { "population_density": 14567.824, "network_distance_m": 443.64065062574076, "straight_line_distance_m": 224.55684677629193, "network_penalty_ratio": 1.9756273611541426 }, "geometry": { "type": "Point", "coordinates": [ 473917.336105463735294, 998407.780925765866414 ] } },
{ "type": "Feature", "properties": { "population_density": 19773.553, "network_distance_m": 426.71179339596802, "straight_line_distance_m": 302.29153521276521, "network_penalty_ratio": 1.4115902818636012 }, "geometry": { "type": "Point", "coordinates": [ 472917.336105463735294, 998407.780925765866414 ] } },
{ "type": "Feature", "properties": { "population_density": 22265.883, "network_distance_m": 343.2847441579778, "straight_line_distance_m": 343.95422222667617, "network_penalty_ratio": 0.99805358380436693 }, "geometry": { "type": "Point", "coordinates": [ 473417.336105463735294, 998407.780925765866414 ] } },
{ "type": "Feature", "properties": { "population_density": 21979.484, "network_distance_m": 461.71055710612001, "straight_line_distance_m": 395.67863782150033, "network_penalty_ratio": 1.1668826996781367 }, "geometry": { "type": "Point", "coordinates": [ 471917.336105463735294, 996907.780925765866414 ] } },
{ "type": "Feature", "properties": { "population_density": 14786.221, "network_distance_m": 340.80231771544675, "straight_line_distance_m": 320.79485301776776, "network_penalty_ratio": 1.0623684093103913 }, "geometry": { "type": "Point", "coordinates": [ 471917.336105463735294, 997407.780925765866414 ] } },
{ "type": "Feature", "properties": { "population_density": 23317.623, "network_distance_m": 229.7422725814576, "straight_line_distance_m": 243.19480285172361, "network_penalty_ratio": 0.94468413752053715 }, "geometry": { "type": "Point", "coordinates": [ 471417.336105463735294, 997407.780925765866414 ] } },
{ "type": "Feature", "properties": { "population_density": 24543.275, "network_distance_m": 274.81926020792775, "straight_line_distance_m": 212.44178635291178, "network_penalty_ratio": 1.2936214900367742 }, "geometry": { "type": "Point", "coordinates": [ 472417.336105463735294, 997407.780925765866414 ] } },
{ "type": "Feature", "properties": { "population_density": 16045.975, "network_distance_m": 392.16106314106497, "straight_line_distance_m": 288.22889630456052, "network_penalty_ratio": 1.3605889907952993 }, "geometry": { "type": "Point", "coordinates": [ 471917.336105463735294, 997907.780925765866414 ] } },
{ "type": "Feature", "properties": { "population_density": 22725.197, "network_distance_m": 278.63913166058904, "straight_line_distance_m": 103.50192578178601, "network_penalty_ratio": 2.6921154322098921 }, "geometry": { "type": "Point", "coordinates": [ 472417.336105463735294, 997907.780925765866414 ] } },
{ "type": "Feature", "properties": { "population_density": 1893.9595, "network_distance_m": 495.9445567250545, "straight_line_distance_m": 327.10139537336812, "network_penalty_ratio": 1.5161798871538328 }, "geometry": { "type": "Point", "coordinates": [ 471417.336105463735294, 997907.780925765866414 ] } },
{ "type": "Feature", "properties": { "population_density": 19679.291, "network_distance_m": 254.58968504665529, "straight_line_distance_m": 234.18168064885651, "network_penalty_ratio": 1.0871460326924527 }, "geometry": { "type": "Point", "coordinates": [ 471917.336105463735294, 998407.780925765866414 ] } },
{ "type": "Feature", "properties": { "population_density": 16930.834, "network_distance_m": 88.665459289106892, "straight_line_distance_m": 131.8808646087985, "network_penalty_ratio": 0.67231481649834079 }, "geometry": { "type": "Point", "coordinates": [ 472417.336105463735294, 998407.780925765866414 ] } },
{ "type": "Feature", "properties": { "population_density": 1599.1543, "network_distance_m": 276.07285736466918, "straight_line_distance_m": 205.21233251256302, "network_penalty_ratio": 1.3453034424613253 }, "geometry": { "type": "Point", "coordinates": [ 471417.336105463735294, 998407.780925765866414 ] } },
{ "type": "Feature", "properties": { "population_density": 22919.957, "network_distance_m": 921.39691924542115, "straight_line_distance_m": 430.92573321785591, "network_penalty_ratio": 2.1381803132643413 }, "geometry": { "type": "Point", "coordinates": [ 474417.336105463735294, 996907.780925765866414 ] } },
{ "type": "Feature", "properties": { "population_density": 22095.537, "network_distance_m": 506.11755467208724, "straight_line_distance_m": 295.5692425898967, "network_penalty_ratio": 1.7123485185308236 }, "geometry": { "type": "Point", "coordinates": [ 475417.336105463735294, 996907.780925765866414 ] } },
{ "type": "Feature", "properties": { "population_density": 23447.043, "network_distance_m": 315.40014197457805, "straight_line_distance_m": 222.56552598755829, "network_penalty_ratio": 1.4171113903426775 }, "geometry": { "type": "Point", "coordinates": [ 474917.336105463735294, 997407.780925765866414 ] } },
{ "type": "Feature", "properties": { "population_density": 22865.828, "network_distance_m": 795.77632878761324, "straight_line_distance_m": 570.29930928041415, "network_penalty_ratio": 1.3953661101075134 }, "geometry": { "type": "Point", "coordinates": [ 474417.336105463735294, 997407.780925765866414 ] } },
{ "type": "Feature", "properties": { "population_density": 10911.999, "network_distance_m": 572.08580844127994, "straight_line_distance_m": 449.22114122300451, "network_penalty_ratio": 1.2735059772204318 }, "geometry": { "type": "Point", "coordinates": [ 475417.336105463735294, 997407.780925765866414 ] } },
{ "type": "Feature", "properties": { "population_density": 23580.273, "network_distance_m": 776.79813775248715, "straight_line_distance_m": 625.9969775338933, "network_penalty_ratio": 1.2408975851811186 }, "geometry": { "type": "Point", "coordinates": [ 474917.336105463735294, 997907.780925765866414 ] } },
{ "type": "Feature", "properties": { "population_density": 22414.344, "network_distance_m": 241.21012115373549, "straight_line_distance_m": 155.41361111596609, "network_penalty_ratio": 1.5520527412090694 }, "geometry": { "type": "Point", "coordinates": [ 475417.336105463735294, 997907.780925765866414 ] } },
{ "type": "Feature", "properties": { "population_density": 10466.042, "network_distance_m": 858.60984547861176, "straight_line_distance_m": 590.32527828759498, "network_penalty_ratio": 1.4544690479276983 }, "geometry": { "type": "Point", "coordinates": [ 474417.336105463735294, 997907.780925765866414 ] } },
{ "type": "Feature", "properties": { "population_density": 21000.488, "network_distance_m": 424.02875651982015, "straight_line_distance_m": 298.1348573888028, "network_penalty_ratio": 1.4222716532835238 }, "geometry": { "type": "Point", "coordinates": [ 474917.336105463735294, 998407.780925765866414 ] } },
{ "type": "Feature", "properties": { "population_density": 20771.258, "network_distance_m": 504.59393990565206, "straight_line_distance_m": 398.60977116274807, "network_penalty_ratio": 1.2658845226842967 }, "geometry": { "type": "Point", "coordinates": [ 475417.336105463735294, 998407.780925765866414 ] } },
{ "type": "Feature", "properties": { "population_density": 21432.311, "network_distance_m": 295.47680257800937, "straight_line_distance_m": 213.29817508361049, "network_penalty_ratio": 1.3852758114887096 }, "geometry": { "type": "Point", "coordinates": [ 474417.336105463735294, 998407.780925765866414 ] } },
{ "type": "Feature", "properties": { "population_density": 23162.297, "network_distance_m": 119.97665477856386, "straight_line_distance_m": 86.437734192966786, "network_penalty_ratio": 1.3880124912890885 }, "geometry": { "type": "Point", "coordinates": [ 474917.336105463735294, 998907.780925765866414 ] } },
{ "type": "Feature", "properties": { "population_density": 24492.455, "network_distance_m": 225.05832009770091, "straight_line_distance_m": 195.14137489597562, "network_penalty_ratio": 1.1533090828004731 }, "geometry": { "type": "Point", "coordinates": [ 475417.336105463735294, 998907.780925765866414 ] } },
{ "type": "Feature", "properties": { "population_density": 23552.842, "network_distance_m": 281.57842209923655, "straight_line_distance_m": 188.79919338064818, "network_penalty_ratio": 1.4914175058551824 }, "geometry": { "type": "Point", "coordinates": [ 474417.336105463735294, 998907.780925765866414 ] } },
{ "type": "Feature", "properties": { "population_density": 2075.9771, "network_distance_m": 517.3625240713651, "straight_line_distance_m": 337.67344925558859, "network_penalty_ratio": 1.5321385948818498 }, "geometry": { "type": "Point", "coordinates": [ 474917.336105463735294, 999407.780925765866414 ] } },
{ "type": "Feature", "properties": { "population_density": 24037.309, "network_distance_m": 601.52466078339012, "straight_line_distance_m": 320.58899181778281, "network_penalty_ratio": 1.8763110279384958 }, "geometry": { "type": "Point", "coordinates": [ 475417.336105463735294, 999407.780925765866414 ] } },
{ "type": "Feature", "properties": { "population_density": 24151.795, "network_distance_m": 165.70702070692408, "straight_line_distance_m": 140.35240776095642, "network_penalty_ratio": 1.1806496472019974 }, "geometry": { "type": "Point", "coordinates": [ 474417.336105463735294, 999407.780925765866414 ] } },
{ "type": "Feature", "properties": { "population_density": 14861.503, "network_distance_m": 758.25399722772806, "straight_line_distance_m": 453.56394739683299, "network_penalty_ratio": 1.6717686702825945 }, "geometry": { "type": "Point", "coordinates": [ 474417.336105463735294, 999907.780925765866414 ] } },
{ "type": "Feature", "properties": { "population_density": 11005.366, "network_distance_m": 1156.9514283259675, "straight_line_distance_m": 761.99895487615333, "network_penalty_ratio": 1.5183110435026848 }, "geometry": { "type": "Point", "coordinates": [ 474917.336105463735294, 999907.780925765866414 ] } },
{ "type": "Feature", "properties": { "population_density": 22332.479, "network_distance_m": 1125.6403911904249, "straight_line_distance_m": 811.90872224269151, "network_penalty_ratio": 1.3864124874544141 }, "geometry": { "type": "Point", "coordinates": [ 475417.336105463735294, 999907.780925765866414 ] } },
{ "type": "Feature", "properties": { "population_density": 24288.848, "network_distance_m": 100.22073538507992, "straight_line_distance_m": 128.16142374781435, "network_penalty_ratio": 0.7819883117269838 }, "geometry": { "type": "Point", "coordinates": [ 469917.336105463735294, 998907.780925765866414 ] } },
{ "type": "Feature", "properties": { "population_density": 23767.385, "network_distance_m": 92.519260843182863, "straight_line_distance_m": 114.61097207859949, "network_penalty_ratio": 0.80724610537055508 }, "geometry": { "type": "Point", "coordinates": [ 470417.336105463735294, 998907.780925765866414 ] } },
{ "type": "Feature", "properties": { "population_density": 23442.539, "network_distance_m": 263.72359825936542, "straight_line_distance_m": 250.24606839485804, "network_penalty_ratio": 1.0538571093282532 }, "geometry": { "type": "Point", "coordinates": [ 470917.336105463735294, 998907.780925765866414 ] } },
{ "type": "Feature", "properties": { "population_density": 22692.867, "network_distance_m": 492.94355681186045, "straight_line_distance_m": 448.20217495526623, "network_penalty_ratio": 1.0998241069692705 }, "geometry": { "type": "Point", "coordinates": [ 470917.336105463735294, 999407.780925765866414 ] } },
{ "type": "Feature", "properties": { "population_density": 23340.992, "network_distance_m": 599.52325400778363, "straight_line_distance_m": 491.53152462325215, "network_penalty_ratio": 1.219704584497006 }, "geometry": { "type": "Point", "coordinates": [ 469917.336105463735294, 999407.780925765866414 ] } },
{ "type": "Feature", "properties": { "population_density": 24129.607, "network_distance_m": 127.47173635056939, "straight_line_distance_m": 117.83201904072799, "network_penalty_ratio": 1.0818089801763431 }, "geometry": { "type": "Point", "coordinates": [ 470417.336105463735294, 999407.780925765866414 ] } },
{ "type": "Feature", "properties": { "population_density": 21810.166, "network_distance_m": 142.93155179295127, "straight_line_distance_m": 173.85339947740025, "network_penalty_ratio": 0.82213837763656383 }, "geometry": { "type": "Point", "coordinates": [ 469417.336105463735294, 999407.780925765866414 ] } },
{ "type": "Feature", "properties": { "population_density": 22359.023, "network_distance_m": 422.25515594643605, "straight_line_distance_m": 205.09421098578352, "network_penalty_ratio": 2.0588350783616485 }, "geometry": { "type": "Point", "coordinates": [ 469917.336105463735294, 999907.780925765866414 ] } },
{ "type": "Feature", "properties": { "population_density": 21848.953, "network_distance_m": 0.0, "straight_line_distance_m": 57.53544504117238, "network_penalty_ratio": 0.0 }, "geometry": { "type": "Point", "coordinates": [ 470417.336105463735294, 999907.780925765866414 ] } },
{ "type": "Feature", "properties": { "population_density": 19941.061, "network_distance_m": 119.34052319660748, "straight_line_distance_m": 177.09254609225579, "network_penalty_ratio": 0.67388789550994099 }, "geometry": { "type": "Point", "coordinates": [ 470917.336105463735294, 999907.780925765866414 ] } },
{ "type": "Feature", "properties": { "population_density": 14640.013, "network_distance_m": 587.17922146832882, "straight_line_distance_m": 249.36710929768071, "network_penalty_ratio": 2.3546779008749974 }, "geometry": { "type": "Point", "coordinates": [ 471917.336105463735294, 998907.780925765866414 ] } },
{ "type": "Feature", "properties": { "population_density": 22818.65, "network_distance_m": 610.15468712269922, "straight_line_distance_m": 126.44324572971344, "network_penalty_ratio": 4.8255221827109134 }, "geometry": { "type": "Point", "coordinates": [ 471417.336105463735294, 998907.780925765866414 ] } },
{ "type": "Feature", "properties": { "population_density": 20923.09, "network_distance_m": 100.07485661393451, "straight_line_distance_m": 76.18754250754435, "network_penalty_ratio": 1.3135330701082104 }, "geometry": { "type": "Point", "coordinates": [ 472417.336105463735294, 998907.780925765866414 ] } },
{ "type": "Feature", "properties": { "population_density": 23887.926, "network_distance_m": 0.0, "straight_line_distance_m": 68.672250294161373, "network_penalty_ratio": 0.0 }, "geometry": { "type": "Point", "coordinates": [ 472417.336105463735294, 999407.780925765866414 ] } },
{ "type": "Feature", "properties": { "population_density": 15867.821, "network_distance_m": 127.01114437726049, "straight_line_distance_m": 85.238365910817592, "network_penalty_ratio": 1.4900701464660706 }, "geometry": { "type": "Point", "coordinates": [ 471917.336105463735294, 999407.780925765866414 ] } },
{ "type": "Feature", "properties": { "population_density": 22366.984, "network_distance_m": 0.0, "straight_line_distance_m": 71.483321208018324, "network_penalty_ratio": 0.0 }, "geometry": { "type": "Point", "coordinates": [ 471417.336105463735294, 999407.780925765866414 ] } },
{ "type": "Feature", "properties": { "population_density": 23757.619, "network_distance_m": 126.16722267630489, "straight_line_distance_m": 45.724206307956173, "network_penalty_ratio": 2.7593091901160314 }, "geometry": { "type": "Point", "coordinates": [ 471917.336105463735294, 999907.780925765866414 ] } },
{ "type": "Feature", "properties": { "population_density": 22821.992, "network_distance_m": 418.8833028795886, "straight_line_distance_m": 197.07893622680129, "network_penalty_ratio": 2.1254595285491678 }, "geometry": { "type": "Point", "coordinates": [ 472417.336105463735294, 999907.780925765866414 ] } },
{ "type": "Feature", "properties": { "population_density": 19776.023, "network_distance_m": 370.9469249119054, "straight_line_distance_m": 347.27644433421261, "network_penalty_ratio": 1.0681603401666735 }, "geometry": { "type": "Point", "coordinates": [ 471417.336105463735294, 999907.780925765866414 ] } },
{ "type": "Feature", "properties": { "population_density": 22561.131, "network_distance_m": 464.46900851783079, "straight_line_distance_m": 380.96277938495302, "network_penalty_ratio": 1.2191978682738895 }, "geometry": { "type": "Point", "coordinates": [ 472417.336105463735294, 1000407.780925765866414 ] } },
{ "type": "Feature", "properties": { "population_density": 20359.533, "network_distance_m": 105.89083626861223, "straight_line_distance_m": 62.435660206024878, "network_penalty_ratio": 1.6959993042308543 }, "geometry": { "type": "Point", "coordinates": [ 472917.336105463735294, 998907.780925765866414 ] } },
{ "type": "Feature", "properties": { "population_density": 13505.445, "network_distance_m": 11.293108664415458, "straight_line_distance_m": 55.536129159214198, "network_penalty_ratio": 0.20334706137044084 }, "geometry": { "type": "Point", "coordinates": [ 473917.336105463735294, 998907.780925765866414 ] } },
{ "type": "Feature", "properties": { "population_density": 16470.172, "network_distance_m": 225.91171624498193, "straight_line_distance_m": 143.18529321733803, "network_penalty_ratio": 1.5777578211337331 }, "geometry": { "type": "Point", "coordinates": [ 473417.336105463735294, 998907.780925765866414 ] } },
{ "type": "Feature", "properties": { "population_density": 22736.271, "network_distance_m": 255.22513932732065, "straight_line_distance_m": 221.20764703493268, "network_penalty_ratio": 1.1537808152130291 }, "geometry": { "type": "Point", "coordinates": [ 473417.336105463735294, 999407.780925765866414 ] } },
{ "type": "Feature", "properties": { "population_density": 12973.247, "network_distance_m": 166.98164360741728, "straight_line_distance_m": 102.67601662717475, "network_penalty_ratio": 1.6262964720743081 }, "geometry": { "type": "Point", "coordinates": [ 473917.336105463735294, 999407.780925765866414 ] } },
{ "type": "Feature", "properties": { "population_density": 13810.626, "network_distance_m": 421.10362138065335, "straight_line_distance_m": 352.93533848633859, "network_penalty_ratio": 1.1931466630308922 }, "geometry": { "type": "Point", "coordinates": [ 472917.336105463735294, 999407.780925765866414 ] } },
{ "type": "Feature", "properties": { "population_density": 12425.014, "network_distance_m": 720.49736116531381, "straight_line_distance_m": 351.14096843026073, "network_penalty_ratio": 2.0518749617460545 }, "geometry": { "type": "Point", "coordinates": [ 473417.336105463735294, 999907.780925765866414 ] } },
{ "type": "Feature", "properties": { "population_density": 5325.5225, "network_distance_m": 936.32884207578218, "straight_line_distance_m": 285.42493308334537, "network_penalty_ratio": 3.2804731946888817 }, "geometry": { "type": "Point", "coordinates": [ 472917.336105463735294, 999907.780925765866414 ] } },
{ "type": "Feature", "properties": { "population_density": 7198.4067, "network_distance_m": 431.11566251661657, "straight_line_distance_m": 397.54078342899049, "network_penalty_ratio": 1.0844564394073628 }, "geometry": { "type": "Point", "coordinates": [ 473917.336105463735294, 999907.780925765866414 ] } },
{ "type": "Feature", "properties": { "population_density": 24775.029, "network_distance_m": 431.43988253817213, "straight_line_distance_m": 138.19070840391663, "network_penalty_ratio": 3.1220614433578238 }, "geometry": { "type": "Point", "coordinates": [ 473417.336105463735294, 1000407.780925765866414 ] } },
{ "type": "Feature", "properties": { "population_density": 14373.936, "network_distance_m": 559.40175113825046, "straight_line_distance_m": 372.41053053420956, "network_penalty_ratio": 1.5021104541158079 }, "geometry": { "type": "Point", "coordinates": [ 470417.336105463735294, 1000407.780925765866414 ] } },
{ "type": "Feature", "properties": { "population_density": 21225.881, "network_distance_m": 478.76208062194308, "straight_line_distance_m": 341.77164404861344, "network_penalty_ratio": 1.40082446557165 }, "geometry": { "type": "Point", "coordinates": [ 470917.336105463735294, 1000407.780925765866414 ] } },
{ "type": "Feature", "properties": { "population_density": 22267.102, "network_distance_m": 284.63037361743295, "straight_line_distance_m": 64.267633583251765, "network_penalty_ratio": 4.4288292216131637 }, "geometry": { "type": "Point", "coordinates": [ 469917.336105463735294, 1000407.780925765866414 ] } },
{ "type": "Feature", "properties": { "population_density": 22163.801, "network_distance_m": 274.48796732248684, "straight_line_distance_m": 398.09307914980388, "network_penalty_ratio": 0.68950700652395924 }, "geometry": { "type": "Point", "coordinates": [ 469917.336105463735294, 1000907.780925765866414 ] } },
{ "type": "Feature", "properties": { "population_density": 21343.121, "network_distance_m": 832.9425872914145, "straight_line_distance_m": 746.09751019550436, "network_penalty_ratio": 1.11639909785137 }, "geometry": { "type": "Point", "coordinates": [ 470417.336105463735294, 1000907.780925765866414 ] } },
{ "type": "Feature", "properties": { "population_density": 22729.994, "network_distance_m": 1007.9899310927215, "straight_line_distance_m": 734.26305579696384, "network_penalty_ratio": 1.3727912948019105 }, "geometry": { "type": "Point", "coordinates": [ 470917.336105463735294, 1000907.780925765866414 ] } },
{ "type": "Feature", "properties": { "population_density": 23285.537, "network_distance_m": 1002.2951964859668, "straight_line_distance_m": 525.95608737683563, "network_penalty_ratio": 1.9056632683630201 }, "geometry": { "type": "Point", "coordinates": [ 470417.336105463735294, 1001407.780925765866414 ] } },
{ "type": "Feature", "properties": { "population_density": 12361.649, "network_distance_m": 643.29381974220655, "straight_line_distance_m": 503.95280561368691, "network_penalty_ratio": 1.2764961571328839 }, "geometry": { "type": "Point", "coordinates": [ 470917.336105463735294, 1001407.780925765866414 ] } },
{ "type": "Feature", "properties": { "population_density": 22691.881, "network_distance_m": 863.69290352252585, "straight_line_distance_m": 755.95071010979302, "network_penalty_ratio": 1.142525421263358 }, "geometry": { "type": "Point", "coordinates": [ 469917.336105463735294, 1001407.780925765866414 ] } },
{ "type": "Feature", "properties": { "population_density": 21246.766, "network_distance_m": 491.2825064309817, "straight_line_distance_m": 455.80283237470309, "network_penalty_ratio": 1.0778399595970736 }, "geometry": { "type": "Point", "coordinates": [ 470917.336105463735294, 1001907.780925765866414 ] } },
{ "type": "Feature", "properties": { "population_density": 19880.896, "network_distance_m": 581.4529082417929, "straight_line_distance_m": 486.2732769037159, "network_penalty_ratio": 1.1957328026415956 }, "geometry": { "type": "Point", "coordinates": [ 463917.336105463735294, 995907.780925765866414 ] } },
{ "type": "Feature", "properties": { "population_density": 22330.082, "network_distance_m": 596.99341364557995, "straight_line_distance_m": 470.65911956336566, "network_penalty_ratio": 1.2684199430777325 }, "geometry": { "type": "Point", "coordinates": [ 464417.336105463735294, 995907.780925765866414 ] } },
{ "type": "Feature", "properties": { "population_density": 3008.1829, "network_distance_m": 1332.9959932572015, "straight_line_distance_m": 1021.5790506500538, "network_penalty_ratio": 1.3048388104757884 }, "geometry": { "type": "Point", "coordinates": [ 464917.336105463735294, 996407.780925765866414 ] } },
{ "type": "Feature", "properties": { "population_density": 4854.2051, "network_distance_m": 1084.7426038941915, "straight_line_distance_m": 971.72352088966875, "network_penalty_ratio": 1.1163078597717253 }, "geometry": { "type": "Point", "coordinates": [ 463917.336105463735294, 996407.780925765866414 ] } },
{ "type": "Feature", "properties": { "population_density": 17541.621, "network_distance_m": 1111.4669118505774, "straight_line_distance_m": 961.15272403530469, "network_penalty_ratio": 1.1563894936323891 }, "geometry": { "type": "Point", "coordinates": [ 464417.336105463735294, 996407.780925765866414 ] } },
{ "type": "Feature", "properties": { "population_density": 13863.163, "network_distance_m": 1563.5646913931182, "straight_line_distance_m": 1466.9804028240292, "network_penalty_ratio": 1.0658388403711176 }, "geometry": { "type": "Point", "coordinates": [ 463917.336105463735294, 996907.780925765866414 ] } },
{ "type": "Feature", "properties": { "population_density": 10753.356, "network_distance_m": 1667.036324671044, "straight_line_distance_m": 1458.1183460243583, "network_penalty_ratio": 1.1432791646962761 }, "geometry": { "type": "Point", "coordinates": [ 464417.336105463735294, 996907.780925765866414 ] } },
{ "type": "Feature", "properties": { "population_density": 3679.4683, "network_distance_m": 2257.6209308461239, "straight_line_distance_m": 1956.6306915473688, "network_penalty_ratio": 1.1538308892930234 }, "geometry": { "type": "Point", "coordinates": [ 464417.336105463735294, 997407.780925765866414 ] } },
{ "type": "Feature", "properties": { "population_density": 13993.153, "network_distance_m": 2134.089885295065, "straight_line_distance_m": 1964.6415458014949, "network_penalty_ratio": 1.0862489851421939 }, "geometry": { "type": "Point", "coordinates": [ 463917.336105463735294, 997407.780925765866414 ] } },
{ "type": "Feature", "properties": { "population_density": 0.0, "network_distance_m": 2572.133851894514, "straight_line_distance_m": 2463.2501506564095, "network_penalty_ratio": 1.044203265839277 }, "geometry": { "type": "Point", "coordinates": [ 463917.336105463735294, 997907.780925765866414 ] } },
{ "type": "Feature", "properties": { "population_density": 2157.854, "network_distance_m": 2218.5980727100996, "straight_line_distance_m": 1659.6670167555276, "network_penalty_ratio": 1.336773009472239 }, "geometry": { "type": "Point", "coordinates": [ 464917.336105463735294, 997907.780925765866414 ] } },
{ "type": "Feature", "properties": { "population_density": 10934.618, "network_distance_m": 2831.692368987588, "straight_line_distance_m": 2134.7317173408151, "network_penalty_ratio": 1.3264862961398074 }, "geometry": { "type": "Point", "coordinates": [ 464417.336105463735294, 997907.780925765866414 ] } },
{ "type": "Feature", "properties": { "population_density": 1264.6917, "network_distance_m": 1976.7736815819937, "straight_line_distance_m": 1554.9922859714929, "network_penalty_ratio": 1.2712434006365438 }, "geometry": { "type": "Point", "coordinates": [ 464917.336105463735294, 998407.780925765866414 ] } },
{ "type": "Feature", "properties": { "population_density": 8166.1147, "network_distance_m": 2526.0494349891428, "straight_line_distance_m": 2054.4064612304751, "network_penalty_ratio": 1.2295762706451867 }, "geometry": { "type": "Point", "coordinates": [ 464417.336105463735294, 998407.780925765866414 ] } },
{ "type": "Feature", "properties": { "population_density": 0.0, "network_distance_m": 2690.1006265001788, "straight_line_distance_m": 2093.8224162689107, "network_penalty_ratio": 1.2847797433049775 }, "geometry": { "type": "Point", "coordinates": [ 464417.336105463735294, 998907.780925765866414 ] } },
{ "type": "Feature", "properties": { "population_density": 0.0, "network_distance_m": 3306.0360492667405, "straight_line_distance_m": 2246.6861627283051, "network_penalty_ratio": 1.4715166292972555 }, "geometry": { "type": "Point", "coordinates": [ 464417.336105463735294, 999407.780925765866414 ] } },
{ "type": "Feature", "properties": { "population_density": 12286.163, "network_distance_m": 1036.2297317767204, "straight_line_distance_m": 607.81248348356894, "network_penalty_ratio": 1.7048510189158248 }, "geometry": { "type": "Point", "coordinates": [ 466417.336105463735294, 999907.780925765866414 ] } },
{ "type": "Feature", "properties": { "population_density": 8457.4736, "network_distance_m": 759.36505173743694, "straight_line_distance_m": 521.84857105231686, "network_penalty_ratio": 1.4551444496746708 }, "geometry": { "type": "Point", "coordinates": [ 466917.336105463735294, 1000407.780925765866414 ] } },
{ "type": "Feature", "properties": { "population_density": 4218.7554, "network_distance_m": 1521.182282543261, "straight_line_distance_m": 683.77190064003878, "network_penalty_ratio": 2.2246925928359609 }, "geometry": { "type": "Point", "coordinates": [ 466417.336105463735294, 1000407.780925765866414 ] } },
{ "type": "Feature", "properties": { "population_density": 21162.297, "network_distance_m": 1054.3231636649664, "straight_line_distance_m": 759.67614818012999, "network_penalty_ratio": 1.3878587160998654 }, "geometry": { "type": "Point", "coordinates": [ 467417.336105463735294, 1000407.780925765866414 ] } },
{ "type": "Feature", "properties": { "population_density": 6515.1245, "network_distance_m": 264.63029057814742, "straight_line_distance_m": 57.971865838003644, "network_penalty_ratio": 4.564805475083884 }, "geometry": { "type": "Point", "coordinates": [ 466917.336105463735294, 1000907.780925765866414 ] } },
{ "type": "Feature", "properties": { "population_density": 24024.602, "network_distance_m": 1012.268121624104, "straight_line_distance_m": 824.02522240018914, "network_penalty_ratio": 1.2284431278397137 }, "geometry": { "type": "Point", "coordinates": [ 467917.336105463735294, 1000907.780925765866414 ] } },
{ "type": "Feature", "properties": { "population_density": 3549.1963, "network_distance_m": 1090.6023384039113, "straight_line_distance_m": 555.10598648653865, "network_penalty_ratio": 1.9646740711746196 }, "geometry": { "type": "Point", "coordinates": [ 467417.336105463735294, 1000907.780925765866414 ] } },
{ "type": "Feature", "properties": { "population_density": 11253.701, "network_distance_m": 821.01691945275093, "straight_line_distance_m": 734.28704356851335, "network_penalty_ratio": 1.1181144031396015 }, "geometry": { "type": "Point", "coordinates": [ 467417.336105463735294, 1001407.780925765866414 ] } },
{ "type": "Feature", "properties": { "population_density": 10596.733, "network_distance_m": 626.57901015461391, "straight_line_distance_m": 484.14413488973918, "network_penalty_ratio": 1.2941993199965407 }, "geometry": { "type": "Point", "coordinates": [ 466917.336105463735294, 1001407.780925765866414 ] } },
{ "type": "Feature", "properties": { "population_density": 19655.238, "network_distance_m": 1570.0136074859749, "straight_line_distance_m": 978.04852887009736, "network_penalty_ratio": 1.6052512335965092 }, "geometry": { "type": "Point", "coordinates": [ 467417.336105463735294, 1001907.780925765866414 ] } },
{ "type": "Feature", "properties": { "population_density": 20998.105, "network_distance_m": 561.35673119258354, "straight_line_distance_m": 377.01787686860467, "network_penalty_ratio": 1.4889392934230097 }, "geometry": { "type": "Point", "coordinates": [ 466417.336105463735294, 1001407.780925765866414 ] } },
{ "type": "Feature", "properties": { "population_density": 13737.323, "network_distance_m": 670.09167684089493, "straight_line_distance_m": 544.21920889458545, "network_penalty_ratio": 1.2312900130849493 }, "geometry": { "type": "Point", "coordinates": [ 465917.336105463735294, 1001907.780925765866414 ] } },
{ "type": "Feature", "properties": { "population_density": 21527.873, "network_distance_m": 259.94673349669267, "straight_line_distance_m": 127.70802570010834, "network_penalty_ratio": 2.035476878384411 }, "geometry": { "type": "Point", "coordinates": [ 466417.336105463735294, 1001907.780925765866414 ] } },
{ "type": "Feature", "properties": { "population_density": 0.0, "network_distance_m": 1305.7180216519373, "straight_line_distance_m": 1037.3233607855736, "network_penalty_ratio": 1.2587377003281852 }, "geometry": { "type": "Point", "coordinates": [ 465417.336105463735294, 1001907.780925765866414 ] } },
{ "type": "Feature", "properties": { "population_density": 22490.971, "network_distance_m": 687.00003477005873, "straight_line_distance_m": 551.51875130326187, "network_penalty_ratio": 1.2456512732280616 }, "geometry": { "type": "Point", "coordinates": [ 465917.336105463735294, 1002407.780925765866414 ] } },
{ "type": "Feature", "properties": { "population_density": 23945.492, "network_distance_m": 1362.448105142227, "straight_line_distance_m": 1051.391311948868, "network_penalty_ratio": 1.29585254287177 }, "geometry": { "type": "Point", "coordinates": [ 465417.336105463735294, 1002407.780925765866414 ] } },
{ "type": "Feature", "properties": { "population_density": 23093.254, "network_distance_m": 0.0, "straight_line_distance_m": 54.057147877563381, "network_penalty_ratio": 0.0 }, "geometry": { "type": "Point", "coordinates": [ 466417.336105463735294, 1002407.780925765866414 ] } },
{ "type": "Feature", "properties": { "population_density": 17003.27, "network_distance_m": 905.74446864952313, "straight_line_distance_m": 732.79042012075831, "network_penalty_ratio": 1.2360211648239934 }, "geometry": { "type": "Point", "coordinates": [ 465917.336105463735294, 1002907.780925765866414 ] } },
{ "type": "Feature", "properties": { "population_density": 3719.0115, "network_distance_m": 517.67286104547736, "straight_line_distance_m": 485.52141252297514, "network_penalty_ratio": 1.0662204543264728 }, "geometry": { "type": "Point", "coordinates": [ 466417.336105463735294, 1002907.780925765866414 ] } },
{ "type": "Feature", "properties": { "population_density": 5329.8389, "network_distance_m": 2009.6236190394097, "straight_line_distance_m": 615.47241397992832, "network_penalty_ratio": 3.2651725299014736 }, "geometry": { "type": "Point", "coordinates": [ 468417.336105463735294, 1001907.780925765866414 ] } },
{ "type": "Feature", "properties": { "population_density": 2444.7771, "network_distance_m": 1696.069835223625, "straight_line_distance_m": 1032.2193845576548, "network_penalty_ratio": 1.6431292229126808 }, "geometry": { "type": "Point", "coordinates": [ 467917.336105463735294, 1001907.780925765866414 ] } },
{ "type": "Feature", "properties": { "population_density": 10582.751, "network_distance_m": 472.15690094804836, "straight_line_distance_m": 363.48759095375306, "network_penalty_ratio": 1.2989629156504587 }, "geometry": { "type": "Point", "coordinates": [ 468917.336105463735294, 1001907.780925765866414 ] } },
{ "type": "Feature", "properties": { "population_density": 1242.5499, "network_distance_m": 3084.7058278377876, "straight_line_distance_m": 441.66998618163387, "network_penalty_ratio": 6.9841871178659236 }, "geometry": { "type": "Point", "coordinates": [ 468417.336105463735294, 1002407.780925765866414 ] } },
{ "type": "Feature", "properties": { "population_density": 19810.477, "network_distance_m": 197.94943010025966, "straight_line_distance_m": 91.661394312879111, "network_penalty_ratio": 2.1595725396078369 }, "geometry": { "type": "Point", "coordinates": [ 468917.336105463735294, 1002407.780925765866414 ] } },
{ "type": "Feature", "properties": { "population_density": 0.0, "network_distance_m": 2585.1515768154059, "straight_line_distance_m": 715.07933896672535, "network_penalty_ratio": 3.6151954558649333 }, "geometry": { "type": "Point", "coordinates": [ 468417.336105463735294, 1002907.780925765866414 ] } },
{ "type": "Feature", "properties": { "population_density": 238.08615, "network_distance_m": 1864.7915636549594, "straight_line_distance_m": 569.79636321302144, "network_penalty_ratio": 3.2727333553685689 }, "geometry": { "type": "Point", "coordinates": [ 468917.336105463735294, 1002907.780925765866414 ] } },
{ "type": "Feature", "properties": { "population_density": 2383.0989, "network_distance_m": 3063.4811047787225, "straight_line_distance_m": 1094.5359868471171, "network_penalty_ratio": 2.7988856845203247 }, "geometry": { "type": "Point", "coordinates": [ 467917.336105463735294, 1002907.780925765866414 ] } },
{ "type": "Feature", "properties": { "population_density": 1589.3781, "network_distance_m": 1364.3538305433947, "straight_line_distance_m": 798.74735057118153, "network_penalty_ratio": 1.7081168777182796 }, "geometry": { "type": "Point", "coordinates": [ 469417.336105463735294, 1002907.780925765866414 ] } },
{ "type": "Feature", "properties": { "population_density": 0.0, "network_distance_m": 2931.3727031176941, "straight_line_distance_m": 1152.2172301005107, "network_penalty_ratio": 2.5441146222591926 }, "geometry": { "type": "Point", "coordinates": [ 468417.336105463735294, 1003407.780925765866414 ] } },
{ "type": "Feature", "properties": { "population_density": 16618.998, "network_distance_m": 799.23786257936626, "straight_line_distance_m": 486.2552131613507, "network_penalty_ratio": 1.6436592162851746 }, "geometry": { "type": "Point", "coordinates": [ 466917.336105463735294, 1001907.780925765866414 ] } },
{ "type": "Feature", "properties": { "population_density": 132.84161, "network_distance_m": 1918.0846150085063, "straight_line_distance_m": 941.26429642433618, "network_penalty_ratio": 2.0377747485960147 }, "geometry": { "type": "Point", "coordinates": [ 467417.336105463735294, 1002407.780925765866414 ] } },
{ "type": "Feature", "properties": { "population_density": 0.0, "network_distance_m": 1911.8500236876919, "straight_line_distance_m": 939.01168372922189, "network_penalty_ratio": 2.0360236798065259 }, "geometry": { "type": "Point", "coordinates": [ 467917.336105463735294, 1002407.780925765866414 ] } },
{ "type": "Feature", "properties": { "population_density": 3200.0181, "network_distance_m": 961.40620666083316, "straight_line_distance_m": 441.2793038698569, "network_penalty_ratio": 2.1786795760183062 }, "geometry": { "type": "Point", "coordinates": [ 466917.336105463735294, 1002407.780925765866414 ] } },
{ "type": "Feature", "properties": { "population_density": 0.0, "network_distance_m": 2158.3458714189464, "straight_line_distance_m": 1064.5325389171533, "network_penalty_ratio": 2.02750577602299 }, "geometry": { "type": "Point", "coordinates": [ 467417.336105463735294, 1002907.780925765866414 ] } },
{ "type": "Feature", "properties": { "population_density": 0.0, "network_distance_m": 1512.3762650559074, "straight_line_distance_m": 659.15118464268323, "network_penalty_ratio": 2.2944300189276694 }, "geometry": { "type": "Point", "coordinates": [ 466917.336105463735294, 1002907.780925765866414 ] } },
{ "type": "Feature", "properties": { "population_density": 0.0, "network_distance_m": 1247.7829885800006, "straight_line_distance_m": 984.14425202810253, "network_penalty_ratio": 1.2678862737943115 }, "geometry": { "type": "Point", "coordinates": [ 466417.336105463735294, 1003407.780925765866414 ] } },
{ "type": "Feature", "properties": { "population_density": 0.0, "network_distance_m": 2587.8649413821795, "straight_line_distance_m": 1366.030158230428, "network_penalty_ratio": 1.8944420266200646 }, "geometry": { "type": "Point", "coordinates": [ 467417.336105463735294, 1003407.780925765866414 ] } },
{ "type": "Feature", "properties": { "population_density": 0.0, "network_distance_m": 3158.7944505056021, "straight_line_distance_m": 1419.2516023689375, "network_penalty_ratio": 2.2256761558226281 }, "geometry": { "type": "Point", "coordinates": [ 467917.336105463735294, 1003407.780925765866414 ] } },
{ "type": "Feature", "properties": { "population_density": 0.0, "network_distance_m": 1233.3576998230951, "straight_line_distance_m": 1080.4115655607825, "network_penalty_ratio": 1.1415628443249093 }, "geometry": { "type": "Point", "coordinates": [ 466917.336105463735294, 1003407.780925765866414 ] } },
{ "type": "Feature", "properties": { "population_density": 0.0, "network_distance_m": 2301.8246961483442, "straight_line_distance_m": 1068.1451117962342, "network_penalty_ratio": 2.1549737678221517 }, "geometry": { "type": "Point", "coordinates": [ 468917.336105463735294, 1003407.780925765866414 ] } },
{ "type": "Feature", "properties": { "population_density": 1187.6405, "network_distance_m": 1984.8953171006569, "straight_line_distance_m": 1205.9284449617589, "network_penalty_ratio": 1.6459478382762585 }, "geometry": { "type": "Point", "coordinates": [ 469417.336105463735294, 1003407.780925765866414 ] } },
{ "type": "Feature", "properties": { "population_density": 0.0, "network_distance_m": 3069.5539746446184, "straight_line_distance_m": 1567.5458730696191, "network_penalty_ratio": 1.9581908430110044 }, "geometry": { "type": "Point", "coordinates": [ 468917.336105463735294, 1003907.780925765866414 ] } },
{ "type": "Feature", "properties": { "population_density": 0.0, "network_distance_m": 3855.9463064110146, "straight_line_distance_m": 1625.9983486042961, "network_penalty_ratio": 2.3714331012210641 }, "geometry": { "type": "Point", "coordinates": [ 468417.336105463735294, 1003907.780925765866414 ] } },
{ "type": "Feature", "properties": { "population_density": 0.0, "network_distance_m": 3774.5496939364439, "straight_line_distance_m": 2067.2363552581496, "network_penalty_ratio": 1.8258916956136304 }, "geometry": { "type": "Point", "coordinates": [ 468917.336105463735294, 1004407.780925765866414 ] } },
{ "type": "Feature", "properties": { "population_density": 0.0, "network_distance_m": 2928.0075471554851, "straight_line_distance_m": 2141.6805511127691, "network_penalty_ratio": 1.3671541937634715 }, "geometry": { "type": "Point", "coordinates": [ 469417.336105463735294, 1004407.780925765866414 ] } },
{ "type": "Feature", "properties": { "population_density": 148.06561, "network_distance_m": 1776.4695207256088, "straight_line_distance_m": 1458.7704333044599, "network_penalty_ratio": 1.2177855268847788 }, "geometry": { "type": "Point", "coordinates": [ 470417.336105463735294, 1003407.780925765866414 ] } },
{ "type": "Feature", "properties": { "population_density": 0.0, "network_distance_m": 1663.2503305824648, "straight_line_distance_m": 1530.5916770087201, "network_penalty_ratio": 1.086671484999189 }, "geometry": { "type": "Point", "coordinates": [ 470917.336105463735294, 1003407.780925765866414 ] } },
{ "type": "Feature", "properties": { "population_density": 0.0, "network_distance_m": 1649.1603922756137, "straight_line_distance_m": 1505.8528642870733, "network_penalty_ratio": 1.0951670188948954 }, "geometry": { "type": "Point", "coordinates": [ 469917.336105463735294, 1003407.780925765866414 ] } },
{ "type": "Feature", "properties": { "population_density": 334.62292, "network_distance_m": 2651.7803027886525, "straight_line_distance_m": 1664.4907625731332, "network_penalty_ratio": 1.5931481041620623 }, "geometry": { "type": "Point", "coordinates": [ 469417.336105463735294, 1003907.780925765866414 ] } },
{ "type": "Feature", "properties": { "population_density": 48.279945, "network_distance_m": 2516.7668155135043, "straight_line_distance_m": 1893.1082729746302, "network_penalty_ratio": 1.3294362775980706 }, "geometry": { "type": "Point", "coordinates": [ 469917.336105463735294, 1003907.780925765866414 ] } },
{ "type": "Feature", "properties": { "population_density": 19.312143, "network_distance_m": 2527.1013157962134, "straight_line_distance_m": 1958.6613892790524, "network_penalty_ratio": 1.2902185797037604 }, "geometry": { "type": "Point", "coordinates": [ 470417.336105463735294, 1003907.780925765866414 ] } },
{ "type": "Feature", "properties": { "population_density": 0.0, "network_distance_m": 3281.4837591015953, "straight_line_distance_m": 2323.8169070579529, "network_penalty_ratio": 1.4121094261492777 }, "geometry": { "type": "Point", "coordinates": [ 469917.336105463735294, 1004407.780925765866414 ] } },
{ "type": "Feature", "properties": { "population_density": 0.0, "network_distance_m": 3745.8021994076817, "straight_line_distance_m": 1824.9770396227459, "network_penalty_ratio": 2.0525201786549618 }, "geometry": { "type": "Point", "coordinates": [ 467917.336105463735294, 1003907.780925765866414 ] } },
{ "type": "Feature", "properties": { "population_density": 24785.09, "network_distance_m": 841.25051919222142, "straight_line_distance_m": 627.44696039383427, "network_penalty_ratio": 1.3407516049869577 }, "geometry": { "type": "Point", "coordinates": [ 472917.336105463735294, 1000407.780925765866414 ] } },
{ "type": "Feature", "properties": { "population_density": 9619.8203, "network_distance_m": 77.542689553375723, "straight_line_distance_m": 134.15331055089499, "network_penalty_ratio": 0.57801547524209351 }, "geometry": { "type": "Point", "coordinates": [ 473917.336105463735294, 1000407.780925765866414 ] } },
{ "type": "Feature", "properties": { "population_density": 24799.406, "network_distance_m": 463.74434898711581, "straight_line_distance_m": 353.46606286036257, "network_penalty_ratio": 1.311991157607453 }, "geometry": { "type": "Point", "coordinates": [ 474417.336105463735294, 1000907.780925765866414 ] } },
{ "type": "Feature", "properties": { "population_density": 23717.289, "network_distance_m": 560.17264819150705, "straight_line_distance_m": 450.52023167623361, "network_penalty_ratio": 1.2433906599650228 }, "geometry": { "type": "Point", "coordinates": [ 473917.336105463735294, 1000907.780925765866414 ] } },
{ "type": "Feature", "properties": { "population_density": 19870.225, "network_distance_m": 702.06934753011603, "straight_line_distance_m": 497.68716633837096, "network_penalty_ratio": 1.4106639572312949 }, "geometry": { "type": "Point", "coordinates": [ 472917.336105463735294, 1000907.780925765866414 ] } },
{ "type": "Feature", "properties": { "population_density": 23217.547, "network_distance_m": 534.35305492789189, "straight_line_distance_m": 505.2338458376118, "network_penalty_ratio": 1.0576351116026368 }, "geometry": { "type": "Point", "coordinates": [ 473417.336105463735294, 1000907.780925765866414 ] } },
{ "type": "Feature", "properties": { "population_density": 21964.932, "network_distance_m": 505.30441162002666, "straight_line_distance_m": 320.03411283811477, "network_penalty_ratio": 1.5789079705875873 }, "geometry": { "type": "Point", "coordinates": [ 473917.336105463735294, 1001407.780925765866414 ] } },
{ "type": "Feature", "properties": { "population_density": 24557.877, "network_distance_m": 361.09767546923473, "straight_line_distance_m": 197.17792098958361, "network_penalty_ratio": 1.8313291551963902 }, "geometry": { "type": "Point", "coordinates": [ 473417.336105463735294, 1001407.780925765866414 ] } },
{ "type": "Feature", "properties": { "population_density": 3997.2939, "network_distance_m": 910.78253422859132, "straight_line_distance_m": 79.757630827752706, "network_penalty_ratio": 11.419377992753423 }, "geometry": { "type": "Point", "coordinates": [ 472917.336105463735294, 1001407.780925765866414 ] } },
{ "type": "Feature", "properties": { "population_density": 23513.066, "network_distance_m": 491.77150070397158, "straight_line_distance_m": 212.11507632529259, "network_penalty_ratio": 2.3184184227895579 }, "geometry": { "type": "Point", "coordinates": [ 473417.336105463735294, 1001907.780925765866414 ] } },
{ "type": "Feature", "properties": { "population_density": 23349.525, "network_distance_m": 268.45796947187728, "straight_line_distance_m": 180.04015361556901, "network_penalty_ratio": 1.4911005355233284 }, "geometry": { "type": "Point", "coordinates": [ 471917.336105463735294, 1000407.780925765866414 ] } },
{ "type": "Feature", "properties": { "population_density": 22751.713, "network_distance_m": 689.87992544912777, "straight_line_distance_m": 397.30728544291668, "network_penalty_ratio": 1.7363888122012467 }, "geometry": { "type": "Point", "coordinates": [ 471417.336105463735294, 1000407.780925765866414 ] } },
{ "type": "Feature", "properties": { "population_density": 20894.551, "network_distance_m": 403.41278573954105, "straight_line_distance_m": 314.07513749087491, "network_penalty_ratio": 1.2844467376895179 }, "geometry": { "type": "Point", "coordinates": [ 471417.336105463735294, 1000907.780925765866414 ] } },
{ "type": "Feature", "properties": { "population_density": 23577.184, "network_distance_m": 389.55938216070905, "straight_line_distance_m": 286.22712648333754, "network_penalty_ratio": 1.36101489382554 }, "geometry": { "type": "Point", "coordinates": [ 472417.336105463735294, 1000907.780925765866414 ] } },
{ "type": "Feature", "properties": { "population_density": 22339.332, "network_distance_m": 497.88332940088998, "straight_line_distance_m": 397.67341987053737, "network_penalty_ratio": 1.251990463840847 }, "geometry": { "type": "Point", "coordinates": [ 471917.336105463735294, 1000907.780925765866414 ] } },
{ "type": "Feature", "properties": { "population_density": 22404.947, "network_distance_m": 424.12662460826022, "straight_line_distance_m": 241.00660938610119, "network_penalty_ratio": 1.759813250303 }, "geometry": { "type": "Point", "coordinates": [ 471417.336105463735294, 1001407.780925765866414 ] } },
{ "type": "Feature", "properties": { "population_density": 22394.312, "network_distance_m": 229.54173967645053, "straight_line_distance_m": 241.60706511842412, "network_penalty_ratio": 0.95006219939777115 }, "geometry": { "type": "Point", "coordinates": [ 472417.336105463735294, 1001407.780925765866414 ] } },
{ "type": "Feature", "properties": { "population_density": 22705.531, "network_distance_m": 662.57587310573911, "straight_line_distance_m": 281.29329156452474, "network_penalty_ratio": 2.3554627606672001 }, "geometry": { "type": "Point", "coordinates": [ 471917.336105463735294, 1001407.780925765866414 ] } },
{ "type": "Feature", "properties": { "population_density": 23703.893, "network_distance_m": 369.14724891358514, "straight_line_distance_m": 270.61363801324273, "network_penalty_ratio": 1.3641117706548129 }, "geometry": { "type": "Point", "coordinates": [ 471417.336105463735294, 1001907.780925765866414 ] } },
{ "type": "Feature", "properties": { "population_density": 21243.701, "network_distance_m": 749.99261274915887, "straight_line_distance_m": 614.2861682966992, "network_penalty_ratio": 1.2209173044360551 }, "geometry": { "type": "Point", "coordinates": [ 471917.336105463735294, 1001907.780925765866414 ] } },
{ "type": "Feature", "properties": { "population_density": 6029.5615, "network_distance_m": 465.03260582582288, "straight_line_distance_m": 50.871330506999854, "network_penalty_ratio": 9.1413493846368876 }, "geometry": { "type": "Point", "coordinates": [ 470417.336105463735294, 1001907.780925765866414 ] } },
{ "type": "Feature", "properties": { "population_density": 24150.654, "network_distance_m": 677.83548691568637, "straight_line_distance_m": 413.6198582441466, "network_penalty_ratio": 1.6387885479995057 }, "geometry": { "type": "Point", "coordinates": [ 469417.336105463735294, 1001907.780925765866414 ] } },
{ "type": "Feature", "properties": { "population_density": 23358.072, "network_distance_m": 910.91951169685683, "straight_line_distance_m": 536.91869973991072, "network_penalty_ratio": 1.6965687954956983 }, "geometry": { "type": "Point", "coordinates": [ 469917.336105463735294, 1001907.780925765866414 ] } },
{ "type": "Feature", "properties": { "population_density": 15037.077, "network_distance_m": 910.82576389591793, "straight_line_distance_m": 567.21358033907973, "network_penalty_ratio": 1.6057897685584805 }, "geometry": { "type": "Point", "coordinates": [ 469417.336105463735294, 1002407.780925765866414 ] } },
{ "type": "Feature", "properties": { "population_density": 17427.018, "network_distance_m": 939.34719449264719, "straight_line_distance_m": 704.7162201196046, "network_penalty_ratio": 1.3329439108599217 }, "geometry": { "type": "Point", "coordinates": [ 469917.336105463735294, 1002407.780925765866414 ] } },
{ "type": "Feature", "properties": { "population_density": 19158.883, "network_distance_m": 686.06958967401988, "straight_line_distance_m": 652.70541608740564, "network_penalty_ratio": 1.0511167408210174 }, "geometry": { "type": "Point", "coordinates": [ 470917.336105463735294, 1002407.780925765866414 ] } },
{ "type": "Feature", "properties": { "population_density": 23186.502, "network_distance_m": 648.38675385285637, "straight_line_distance_m": 459.70061512330847, "network_penalty_ratio": 1.4104543968881473 }, "geometry": { "type": "Point", "coordinates": [ 470417.336105463735294, 1002407.780925765866414 ] } },
{ "type": "Feature", "properties": { "population_density": 924.83728, "network_distance_m": 1820.762292344566, "straight_line_distance_m": 958.9931784501988, "network_penalty_ratio": 1.8986186067423831 }, "geometry": { "type": "Point", "coordinates": [ 470417.336105463735294, 1002907.780925765866414 ] } },
{ "type": "Feature", "properties": { "population_density": 5425.4014, "network_distance_m": 1242.8922794359976, "straight_line_distance_m": 1065.0669560920103, "network_penalty_ratio": 1.1669616377889251 }, "geometry": { "type": "Point", "coordinates": [ 470917.336105463735294, 1002907.780925765866414 ] } },
{ "type": "Feature", "properties": { "population_density": 84.414513, "network_distance_m": 1372.4897947616132, "straight_line_distance_m": 1097.7104407214727, "network_penalty_ratio": 1.2503204341024043 }, "geometry": { "type": "Point", "coordinates": [ 469917.336105463735294, 1002907.780925765866414 ] } },
{ "type": "Feature", "properties": { "population_density": 24018.58, "network_distance_m": 319.22838884376756, "straight_line_distance_m": 206.65613080456973, "network_penalty_ratio": 1.5447322448210115 }, "geometry": { "type": "Point", "coordinates": [ 473917.336105463735294, 1001907.780925765866414 ] } },
{ "type": "Feature", "properties": { "population_density": 20666.85, "network_distance_m": 969.64645317068948, "straight_line_distance_m": 481.17904032510188, "network_penalty_ratio": 2.0151469035633003 }, "geometry": { "type": "Point", "coordinates": [ 472917.336105463735294, 1001907.780925765866414 ] } },
{ "type": "Feature", "properties": { "population_density": 11162.162, "network_distance_m": 1198.0353274509214, "straight_line_distance_m": 799.05548397511313, "network_penalty_ratio": 1.4993143173124566 }, "geometry": { "type": "Point", "coordinates": [ 472917.336105463735294, 1002407.780925765866414 ] } },
{ "type": "Feature", "properties": { "population_density": 22797.568, "network_distance_m": 580.85231343168039, "straight_line_distance_m": 497.48105440279949, "network_penalty_ratio": 1.1675868021325231 }, "geometry": { "type": "Point", "coordinates": [ 473917.336105463735294, 1002407.780925765866414 ] } },
{ "type": "Feature", "properties": { "population_density": 20116.635, "network_distance_m": 802.57953224420464, "straight_line_distance_m": 543.91109096710647, "network_penalty_ratio": 1.4755711835498155 }, "geometry": { "type": "Point", "coordinates": [ 473417.336105463735294, 1002407.780925765866414 ] } },
{ "type": "Feature", "properties": { "population_density": 13894.195, "network_distance_m": 960.72267884068515, "straight_line_distance_m": 746.91350211516692, "network_penalty_ratio": 1.286256944237903 }, "geometry": { "type": "Point", "coordinates": [ 474417.336105463735294, 1002407.780925765866414 ] } },
{ "type": "Feature", "properties": { "population_density": 15734.071, "network_distance_m": 790.32889548100832, "straight_line_distance_m": 450.9345649578857, "network_penalty_ratio": 1.7526465188021676 }, "geometry": { "type": "Point", "coordinates": [ 472917.336105463735294, 1002907.780925765866414 ] } },
{ "type": "Feature", "properties": { "population_density": 20300.301, "network_distance_m": 717.94568563137886, "straight_line_distance_m": 478.72112600766997, "network_penalty_ratio": 1.4997159026983824 }, "geometry": { "type": "Point", "coordinates": [ 473917.336105463735294, 1002907.780925765866414 ] } },
{ "type": "Feature", "properties": { "population_density": 14521.643, "network_distance_m": 406.2999152781756, "straight_line_distance_m": 201.58901390108147, "network_penalty_ratio": 2.0154863968804597 }, "geometry": { "type": "Point", "coordinates": [ 473417.336105463735294, 1002907.780925765866414 ] } },
{ "type": "Feature", "properties": { "population_density": 17434.848, "network_distance_m": 103.98917142983855, "straight_line_distance_m": 159.63062097535428, "network_penalty_ratio": 0.65143623945366769 }, "geometry": { "type": "Point", "coordinates": [ 473417.336105463735294, 1003407.780925765866414 ] } },
{ "type": "Feature", "properties": { "population_density": 22907.615, "network_distance_m": 748.02051215301458, "straight_line_distance_m": 636.97604590261733, "network_penalty_ratio": 1.1743306784685181 }, "geometry": { "type": "Point", "coordinates": [ 472417.336105463735294, 1001907.780925765866414 ] } },
{ "type": "Feature", "properties": { "population_density": 17384.414, "network_distance_m": 1046.8449804783247, "straight_line_distance_m": 767.0588610985078, "network_penalty_ratio": 1.3647518248849042 }, "geometry": { "type": "Point", "coordinates": [ 471417.336105463735294, 1002407.780925765866414 ] } },
{ "type": "Feature", "properties": { "population_density": 3402.3787, "network_distance_m": 1077.4115726152791, "straight_line_distance_m": 944.71956255368093, "network_penalty_ratio": 1.1404565072230717 }, "geometry": { "type": "Point", "coordinates": [ 471917.336105463735294, 1002407.780925765866414 ] } },
{ "type": "Feature", "properties": { "population_density": 21833.332, "network_distance_m": 1192.5268553880487, "straight_line_distance_m": 1063.4427451568154, "network_penalty_ratio": 1.1213832252080469 }, "geometry": { "type": "Point", "coordinates": [ 472417.336105463735294, 1002407.780925765866414 ] } },
{ "type": "Feature", "properties": { "population_density": 486.98724, "network_distance_m": 1765.7721095255231, "straight_line_distance_m": 1381.1743579948898, "network_penalty_ratio": 1.2784570603301457 }, "geometry": { "type": "Point", "coordinates": [ 471917.336105463735294, 1002907.780925765866414 ] } },
{ "type": "Feature", "properties": { "population_density": 1626.3319, "network_distance_m": 1400.9405061982236, "straight_line_distance_m": 929.79237689651575, "network_penalty_ratio": 1.5067240181881443 }, "geometry": { "type": "Point", "coordinates": [ 472417.336105463735294, 1002907.780925765866414 ] } },
{ "type": "Feature", "properties": { "population_density": 3807.0701, "network_distance_m": 1464.6670112541728, "straight_line_distance_m": 1266.3044072025957, "network_penalty_ratio": 1.1566468559402567 }, "geometry": { "type": "Point", "coordinates": [ 471417.336105463735294, 1002907.780925765866414 ] } },
{ "type": "Feature", "properties": { "population_density": 137.00159, "network_distance_m": 2178.4204378366694, "straight_line_distance_m": 1377.0433352893829, "network_penalty_ratio": 1.581954889879249 }, "geometry": { "type": "Point", "coordinates": [ 471917.336105463735294, 1003407.780925765866414 ] } },
{ "type": "Feature", "properties": { "population_density": 0.0, "network_distance_m": 2111.6121864689621, "straight_line_distance_m": 1748.5452771871398, "network_penalty_ratio": 1.2076394097531651 }, "geometry": { "type": "Point", "coordinates": [ 471417.336105463735294, 1003407.780925765866414 ] } },
{ "type": "Feature", "properties": { "population_density": 0.0, "network_distance_m": 1609.0421070962734, "straight_line_distance_m": 879.01054784774772, "network_penalty_ratio": 1.8305151298081732 }, "geometry": { "type": "Point", "coordinates": [ 472417.336105463735294, 1003407.780925765866414 ] } },
{ "type": "Feature", "properties": { "population_density": 612.23792, "network_distance_m": 1000.203213226363, "straight_line_distance_m": 386.09680028496405, "network_penalty_ratio": 2.5905503813762487 }, "geometry": { "type": "Point", "coordinates": [ 472917.336105463735294, 1003407.780925765866414 ] } },
{ "type": "Feature", "properties": { "population_density": 2850.8398, "network_distance_m": 794.68467585463327, "straight_line_distance_m": 535.89514071264671, "network_penalty_ratio": 1.4829107701888131 }, "geometry": { "type": "Point", "coordinates": [ 473917.336105463735294, 1003407.780925765866414 ] } },
{ "type": "Feature", "properties": { "population_density": 191.50725, "network_distance_m": 354.83857282470933, "straight_line_distance_m": 421.90400603351753, "network_penalty_ratio": 0.84104101347764804 }, "geometry": { "type": "Point", "coordinates": [ 473417.336105463735294, 1003907.780925765866414 ] } },
{ "type": "Feature", "properties": { "population_density": 719.01337, "network_distance_m": 842.69578255874649, "straight_line_distance_m": 549.17373785027314, "network_penalty_ratio": 1.5344793905430694 }, "geometry": { "type": "Point", "coordinates": [ 472917.336105463735294, 1003907.780925765866414 ] } },
{ "type": "Feature", "properties": { "population_density": 1171.1505, "network_distance_m": 649.26723604201641, "straight_line_distance_m": 744.58994505017336, "network_penalty_ratio": 0.87197959139545766 }, "geometry": { "type": "Point", "coordinates": [ 473917.336105463735294, 1003907.780925765866414 ] } },
{ "type": "Feature", "properties": { "population_density": 0.0, "network_distance_m": 1002.7213739334712, "straight_line_distance_m": 911.3309198426681, "network_penalty_ratio": 1.1002824024741538 }, "geometry": { "type": "Point", "coordinates": [ 473417.336105463735294, 1004407.780925765866414 ] } },
{ "type": "Feature", "properties": { "population_density": 646.23969, "network_distance_m": 1637.1590462947174, "straight_line_distance_m": 976.78700313763068, "network_penalty_ratio": 1.6760655506633921 }, "geometry": { "type": "Point", "coordinates": [ 472917.336105463735294, 1004407.780925765866414 ] } },
{ "type": "Feature", "properties": { "population_density": 428.10739, "network_distance_m": 1739.0195012196634, "straight_line_distance_m": 1098.6060446875274, "network_penalty_ratio": 1.5829327625029466 }, "geometry": { "type": "Point", "coordinates": [ 473917.336105463735294, 1004407.780925765866414 ] } },
{ "type": "Feature", "properties": { "population_density": 1311.3855, "network_distance_m": 2732.856325220278, "straight_line_distance_m": 1451.4247843594055, "network_penalty_ratio": 1.8828783652240302 }, "geometry": { "type": "Point", "coordinates": [ 472917.336105463735294, 1004907.780925765866414 ] } },
{ "type": "Feature", "properties": { "population_density": 4345.0801, "network_distance_m": 2334.8893094895807, "straight_line_distance_m": 1536.052178989414, "network_penalty_ratio": 1.520058590083659 }, "geometry": { "type": "Point", "coordinates": [ 473917.336105463735294, 1004907.780925765866414 ] } },
{ "type": "Feature", "properties": { "population_density": 0.0, "network_distance_m": 1609.0421070962734, "straight_line_distance_m": 961.86308712921857, "network_penalty_ratio": 1.672839023169741 }, "geometry": { "type": "Point", "coordinates": [ 472417.336105463735294, 1003907.780925765866414 ] } },
{ "type": "Feature", "properties": { "population_density": 0.0, "network_distance_m": 3305.569569923382, "straight_line_distance_m": 2012.7230665189966, "network_penalty_ratio": 1.6423370034906803 }, "geometry": { "type": "Point", "coordinates": [ 470917.336105463735294, 1003907.780925765866414 ] } },
{ "type": "Feature", "properties": { "population_density": 73.578575, "network_distance_m": 2205.1614886329162, "straight_line_distance_m": 1431.3522984992412, "network_penalty_ratio": 1.5406140689088257 }, "geometry": { "type": "Point", "coordinates": [ 471917.336105463735294, 1003907.780925765866414 ] } },
{ "type": "Feature", "properties": { "population_density": 923.16077, "network_distance_m": 3193.273952083654, "straight_line_distance_m": 1916.3397941013413, "network_penalty_ratio": 1.6663401563296998 }, "geometry": { "type": "Point", "coordinates": [ 471417.336105463735294, 1003907.780925765866414 ] } },
{ "type": "Feature", "properties": { "population_density": 0.0, "network_distance_m": 3701.1520762158034, "straight_line_distance_m": 2501.8787746945095, "network_penalty_ratio": 1.4793490850361966 }, "geometry": { "type": "Point", "coordinates": [ 470917.336105463735294, 1004407.780925765866414 ] } },
{ "type": "Feature", "properties": { "population_density": 962.18451, "network_distance_m": 3242.0113169186707, "straight_line_distance_m": 2079.6344057575416, "network_penalty_ratio": 1.5589332951710393 }, "geometry": { "type": "Point", "coordinates": [ 471417.336105463735294, 1004407.780925765866414 ] } },
{ "type": "Feature", "properties": { "population_density": 47.860966, "network_distance_m": 3469.6831848964857, "straight_line_distance_m": 1256.0659431478523, "network_penalty_ratio": 2.7623415823225352 }, "geometry": { "type": "Point", "coordinates": [ 472417.336105463735294, 1004407.780925765866414 ] } },
{ "type": "Feature", "properties": { "population_density": 0.0, "network_distance_m": 2980.826335205591, "straight_line_distance_m": 1643.560299342015, "network_penalty_ratio": 1.8136397772560817 }, "geometry": { "type": "Point", "coordinates": [ 471917.336105463735294, 1004407.780925765866414 ] } },
{ "type": "Feature", "properties": { "population_density": 176.50389, "network_distance_m": 2158.5642135343132, "straight_line_distance_m": 1408.2063416330138, "network_penalty_ratio": 1.5328465365602271 }, "geometry": { "type": "Point", "coordinates": [ 473417.336105463735294, 1004907.780925765866414 ] } },
{ "type": "Feature", "properties": { "population_density": 2507.8672, "network_distance_m": 2403.8683732883692, "straight_line_distance_m": 2002.9920997678148, "network_penalty_ratio": 1.2001387192525741 }, "geometry": { "type": "Point", "coordinates": [ 473917.336105463735294, 1005407.780925765866414 ] } },
{ "type": "Feature", "properties": { "population_density": 0.0, "network_distance_m": 4651.1100881721259, "straight_line_distance_m": 1503.4798221728756, "network_penalty_ratio": 3.0935633585359312 }, "geometry": { "type": "Point", "coordinates": [ 478417.336105463735294, 991907.780925765866414 ] } },
{ "type": "Feature", "properties": { "population_density": 0.0, "network_distance_m": 4651.1100881721259, "straight_line_distance_m": 1747.4263735165773, "network_penalty_ratio": 2.6616915932269474 }, "geometry": { "type": "Point", "coordinates": [ 478917.336105463735294, 991907.780925765866414 ] } },
{ "type": "Feature", "properties": { "population_density": 80.884453, "network_distance_m": 1423.8202994990404, "straight_line_distance_m": 1402.6418717907527, "network_penalty_ratio": 1.0150989558590955 }, "geometry": { "type": "Point", "coordinates": [ 477917.336105463735294, 991907.780925765866414 ] } },
{ "type": "Feature", "properties": { "population_density": 74.344498, "network_distance_m": 4651.1100881721259, "straight_line_distance_m": 1378.9553221882159, "network_penalty_ratio": 3.3729229753371865 }, "geometry": { "type": "Point", "coordinates": [ 478917.336105463735294, 992407.780925765866414 ] } },
{ "type": "Feature", "properties": { "population_density": 0.0, "network_distance_m": 383.34712590630875, "straight_line_distance_m": 903.00779079173822, "network_penalty_ratio": 0.42452250115162138 }, "geometry": { "type": "Point", "coordinates": [ 477917.336105463735294, 992407.780925765866414 ] } },
{ "type": "Feature", "properties": { "population_density": 0.0, "network_distance_m": 835.57633049642288, "straight_line_distance_m": 1052.8392210641143, "network_penalty_ratio": 0.79364096034710618 }, "geometry": { "type": "Point", "coordinates": [ 478417.336105463735294, 992407.780925765866414 ] } },
{ "type": "Feature", "properties": { "population_density": 2410.1208, "network_distance_m": 835.57633049642288, "straight_line_distance_m": 675.63990049493111, "network_penalty_ratio": 1.2367184499973025 }, "geometry": { "type": "Point", "coordinates": [ 478417.336105463735294, 992907.780925765866414 ] } },
{ "type": "Feature", "properties": { "population_density": 4341.3955, "network_distance_m": 383.34712590630875, "straight_line_distance_m": 404.27950722301671, "network_penalty_ratio": 0.94822299685558675 }, "geometry": { "type": "Point", "coordinates": [ 477917.336105463735294, 992907.780925765866414 ] } },
{ "type": "Feature", "properties": { "population_density": 1895.3344, "network_distance_m": 1103.1902508791306, "straight_line_distance_m": 1117.8267443218183, "network_penalty_ratio": 0.98690629516869577 }, "geometry": { "type": "Point", "coordinates": [ 478917.336105463735294, 992907.780925765866414 ] } },
{ "type": "Feature", "properties": { "population_density": 13645.196, "network_distance_m": 1145.7472351870792, "straight_line_distance_m": 1047.6428208368659, "network_penalty_ratio": 1.0936429977841557 }, "geometry": { "type": "Point", "coordinates": [ 478917.336105463735294, 993407.780925765866414 ] } },
{ "type": "Feature", "properties": { "population_density": 215.89209, "network_distance_m": 1035.6095719157017, "straight_line_distance_m": 1011.1259639878014, "network_penalty_ratio": 1.0242142015929834 }, "geometry": { "type": "Point", "coordinates": [ 477417.336105463735294, 992407.780925765866414 ] } },
{ "type": "Feature", "properties": { "population_density": 6736.7793, "network_distance_m": 200.45418242698429, "straight_line_distance_m": 346.7728510068867, "network_penalty_ratio": 0.57805615937045596 }, "geometry": { "type": "Point", "coordinates": [ 476417.336105463735294, 992907.780925765866414 ] } },
{ "type": "Feature", "properties": { "population_density": 4875.728, "network_distance_m": 1175.8521934049156, "straight_line_distance_m": 795.86661451426619, "network_penalty_ratio": 1.4774488236606864 }, "geometry": { "type": "Point", "coordinates": [ 476917.336105463735294, 992907.780925765866414 ] } },
{ "type": "Feature", "properties": { "population_density": 10589.471, "network_distance_m": 1035.6095719157017, "straight_line_distance_m": 608.60049686158652, "network_penalty_ratio": 1.7016245915935055 }, "geometry": { "type": "Point", "coordinates": [ 477417.336105463735294, 992907.780925765866414 ] } },
{ "type": "Feature", "properties": { "population_density": 8687.6836, "network_distance_m": 823.6775845767512, "straight_line_distance_m": 327.26006828284028, "network_penalty_ratio": 2.5168899734656089 }, "geometry": { "type": "Point", "coordinates": [ 475917.336105463735294, 992907.780925765866414 ] } },
{ "type": "Feature", "properties": { "population_density": 7931.9736, "network_distance_m": 665.24639681099347, "straight_line_distance_m": 545.05980203943989, "network_penalty_ratio": 1.220501666646217 }, "geometry": { "type": "Point", "coordinates": [ 476917.336105463735294, 993407.780925765866414 ] } },
{ "type": "Feature", "properties": { "population_density": 8076.4893, "network_distance_m": 604.66267104861254, "straight_line_distance_m": 283.12772493991042, "network_penalty_ratio": 2.1356533387076206 }, "geometry": { "type": "Point", "coordinates": [ 477417.336105463735294, 993407.780925765866414 ] } },
{ "type": "Feature", "properties": { "population_density": 18635.811, "network_distance_m": 352.78662822868, "straight_line_distance_m": 203.76160486094057, "network_penalty_ratio": 1.7313695014791588 }, "geometry": { "type": "Point", "coordinates": [ 476417.336105463735294, 993407.780925765866414 ] } },
{ "type": "Feature", "properties": { "population_density": 20716.848, "network_distance_m": 368.1083625234786, "straight_line_distance_m": 251.37844229722577, "network_penalty_ratio": 1.4643593108442978 }, "geometry": { "type": "Point", "coordinates": [ 475917.336105463735294, 993407.780925765866414 ] } },
{ "type": "Feature", "properties": { "population_density": 12475.823, "network_distance_m": 646.40139105818832, "straight_line_distance_m": 422.50494645649206, "network_penalty_ratio": 1.5299262091000212 }, "geometry": { "type": "Point", "coordinates": [ 476917.336105463735294, 993907.780925765866414 ] } },
{ "type": "Feature", "properties": { "population_density": 21272.602, "network_distance_m": 281.70870286946604, "straight_line_distance_m": 107.05498442573705, "network_penalty_ratio": 2.6314393895866148 }, "geometry": { "type": "Point", "coordinates": [ 477917.336105463735294, 993407.780925765866414 ] } },
{ "type": "Feature", "properties": { "population_density": 2434.408, "network_distance_m": 752.62931112240074, "straight_line_distance_m": 551.8225483529194, "network_penalty_ratio": 1.3638973495534925 }, "geometry": { "type": "Point", "coordinates": [ 478417.336105463735294, 993407.780925765866414 ] } },
{ "type": "Feature", "properties": { "population_density": 22666.398, "network_distance_m": 936.38249967536103, "straight_line_distance_m": 661.47694562144352, "network_penalty_ratio": 1.4155935529932182 }, "geometry": { "type": "Point", "coordinates": [ 478917.336105463735294, 993907.780925765866414 ] } },
{ "type": "Feature", "properties": { "population_density": 10318.37, "network_distance_m": 85.152122999732555, "straight_line_distance_m": 79.313734436204641, "network_penalty_ratio": 1.073611318456124 }, "geometry": { "type": "Point", "coordinates": [ 477417.336105463735294, 993907.780925765866414 ] } },
{ "type": "Feature", "properties": { "population_density": 19092.379, "network_distance_m": 829.39228301317792, "straight_line_distance_m": 606.59321009474854, "network_penalty_ratio": 1.367295692089314 }, "geometry": { "type": "Point", "coordinates": [ 478417.336105463735294, 993907.780925765866414 ] } },
{ "type": "Feature", "properties": { "population_density": 2311.8669, "network_distance_m": 593.01149439635037, "straight_line_distance_m": 201.44784617004902, "network_penalty_ratio": 2.9437470078273713 }, "geometry": { "type": "Point", "coordinates": [ 477917.336105463735294, 993907.780925765866414 ] } },
{ "type": "Feature", "properties": { "population_density": 1419.3962, "network_distance_m": 608.47440752187356, "straight_line_distance_m": 474.84540046289237, "network_penalty_ratio": 1.2814158185563469 }, "geometry": { "type": "Point", "coordinates": [ 478417.336105463735294, 994407.780925765866414 ] } },
{ "type": "Feature", "properties": { "population_density": 1621.1449, "network_distance_m": 1156.2631460823591, "straight_line_distance_m": 448.20736992691104, "network_penalty_ratio": 2.5797504094386272 }, "geometry": { "type": "Point", "coordinates": [ 477917.336105463735294, 994407.780925765866414 ] } },
{ "type": "Feature", "properties": { "population_density": 16039.511, "network_distance_m": 191.89565868236866, "straight_line_distance_m": 152.48074463207865, "network_penalty_ratio": 1.2584910910908416 }, "geometry": { "type": "Point", "coordinates": [ 477417.336105463735294, 994407.780925765866414 ] } },
{ "type": "Feature", "properties": { "population_density": 14539.721, "network_distance_m": 159.93494460167261, "straight_line_distance_m": 82.710156458554437, "network_penalty_ratio": 1.9336796283515079 }, "geometry": { "type": "Point", "coordinates": [ 478417.336105463735294, 994907.780925765866414 ] } },
{ "type": "Feature", "properties": { "population_density": 23665.799, "network_distance_m": 243.82883940794378, "straight_line_distance_m": 195.69826696397561, "network_penalty_ratio": 1.2459427627574653 }, "geometry": { "type": "Point", "coordinates": [ 474917.336105463735294, 993907.780925765866414 ] } },
{ "type": "Feature", "properties": { "population_density": 23126.254, "network_distance_m": 873.93636916521859, "straight_line_distance_m": 576.47774748207826, "network_penalty_ratio": 1.5159932416860338 }, "geometry": { "type": "Point", "coordinates": [ 474417.336105463735294, 993907.780925765866414 ] } },
{ "type": "Feature", "properties": { "population_density": 18657.559, "network_distance_m": 405.52349923117612, "straight_line_distance_m": 274.06398230033801, "network_penalty_ratio": 1.4796672507910062 }, "geometry": { "type": "Point", "coordinates": [ 474417.336105463735294, 994407.780925765866414 ] } },
{ "type": "Feature", "properties": { "population_density": 19368.99, "network_distance_m": 702.6509095446462, "straight_line_distance_m": 550.98814874274035, "network_penalty_ratio": 1.2752559399834171 }, "geometry": { "type": "Point", "coordinates": [ 475417.336105463735294, 994407.780925765866414 ] } },
{ "type": "Feature", "properties": { "population_density": 21370.008, "network_distance_m": 373.92550405733505, "straight_line_distance_m": 312.43674832557622, "network_penalty_ratio": 1.1968038524958793 }, "geometry": { "type": "Point", "coordinates": [ 474917.336105463735294, 994407.780925765866414 ] } },
{ "type": "Feature", "properties": { "population_density": 21340.312, "network_distance_m": 641.96766118040375, "straight_line_distance_m": 573.16156825408007, "network_penalty_ratio": 1.1200465919861227 }, "geometry": { "type": "Point", "coordinates": [ 475917.336105463735294, 994407.780925765866414 ] } },
{ "type": "Feature", "properties": { "population_density": 13902.248, "network_distance_m": 262.28414094519786, "straight_line_distance_m": 201.07675135494577, "network_penalty_ratio": 1.3043981423899538 }, "geometry": { "type": "Point", "coordinates": [ 474417.336105463735294, 994907.780925765866414 ] } },
{ "type": "Feature", "properties": { "population_density": 6894.7534, "network_distance_m": 822.1876524515842, "straight_line_distance_m": 469.30083470736179, "network_penalty_ratio": 1.7519415940614493 }, "geometry": { "type": "Point", "coordinates": [ 475417.336105463735294, 994907.780925765866414 ] } },
{ "type": "Feature", "properties": { "population_density": 21793.719, "network_distance_m": 521.04009401352823, "straight_line_distance_m": 430.19772962868348, "network_penalty_ratio": 1.2111642115435 }, "geometry": { "type": "Point", "coordinates": [ 474917.336105463735294, 994907.780925765866414 ] } },
{ "type": "Feature", "properties": { "population_density": 22131.742, "network_distance_m": 166.41953213035754, "straight_line_distance_m": 116.3198796020864, "network_penalty_ratio": 1.4307058492465334 }, "geometry": { "type": "Point", "coordinates": [ 475417.336105463735294, 995407.780925765866414 ] } },
{ "type": "Feature", "properties": { "population_density": 19966.82, "network_distance_m": 465.1671354574836, "straight_line_distance_m": 296.51837702127511, "network_penalty_ratio": 1.5687632588927465 }, "geometry": { "type": "Point", "coordinates": [ 476417.336105463735294, 993907.780925765866414 ] } },
{ "type": "Feature", "properties": { "population_density": 13980.444, "network_distance_m": 124.46247914832355, "straight_line_distance_m": 89.458452884236848, "network_penalty_ratio": 1.3912880799468268 }, "geometry": { "type": "Point", "coordinates": [ 475917.336105463735294, 993907.780925765866414 ] } },
{ "type": "Feature", "properties": { "population_density": 5859.2002, "network_distance_m": 329.5111658047602, "straight_line_distance_m": 277.37837863840787, "network_penalty_ratio": 1.1879482727610611 }, "geometry": { "type": "Point", "coordinates": [ 476917.336105463735294, 994407.780925765866414 ] } },
{ "type": "Feature", "properties": { "population_density": 6226.9385, "network_distance_m": 636.44422819147439, "straight_line_distance_m": 477.69181734691801, "network_penalty_ratio": 1.3323322801011355 }, "geometry": { "type": "Point", "coordinates": [ 476417.336105463735294, 994407.780925765866414 ] } },
{ "type": "Feature", "properties": { "population_density": 7500.396, "network_distance_m": 834.75630347874358, "straight_line_distance_m": 260.25670501300937, "network_penalty_ratio": 3.2074343807473351 }, "geometry": { "type": "Point", "coordinates": [ 476917.336105463735294, 994907.780925765866414 ] } },
{ "type": "Feature", "properties": { "population_density": 19829.486, "network_distance_m": 876.9045484389452, "straight_line_distance_m": 601.89516198290141, "network_penalty_ratio": 1.4569057932780929 }, "geometry": { "type": "Point", "coordinates": [ 475917.336105463735294, 994907.780925765866414 ] } },
{ "type": "Feature", "properties": { "population_density": 392.50073, "network_distance_m": 796.56148838263778, "straight_line_distance_m": 645.35482107140047, "network_penalty_ratio": 1.2343000507228072 }, "geometry": { "type": "Point", "coordinates": [ 477417.336105463735294, 994907.780925765866414 ] } },
{ "type": "Feature", "properties": { "population_density": 23696.326, "network_distance_m": 706.41797474564351, "straight_line_distance_m": 467.95754073244495, "network_penalty_ratio": 1.5095770732531875 }, "geometry": { "type": "Point", "coordinates": [ 476417.336105463735294, 994907.780925765866414 ] } },
{ "type": "Feature", "properties": { "population_density": 23290.898, "network_distance_m": 752.14012167041335, "straight_line_distance_m": 483.93255460024153, "network_penalty_ratio": 1.5542250971144687 }, "geometry": { "type": "Point", "coordinates": [ 476417.336105463735294, 995407.780925765866414 ] } },
{ "type": "Feature", "properties": { "population_density": 13418.212, "network_distance_m": 786.59611552880574, "straight_line_distance_m": 532.15805026519376, "network_penalty_ratio": 1.4781249952656288 }, "geometry": { "type": "Point", "coordinates": [ 476917.336105463735294, 995407.780925765866414 ] } },
{ "type": "Feature", "properties": { "population_density": 23221.844, "network_distance_m": 337.9749409773874, "straight_line_distance_m": 224.01240959243023, "network_penalty_ratio": 1.5087331170282103 }, "geometry": { "type": "Point", "coordinates": [ 478917.336105463735294, 994407.780925765866414 ] } },
{ "type": "Feature", "properties": { "population_density": 20049.205, "network_distance_m": 349.20144828538736, "straight_line_distance_m": 340.94767906493212, "network_penalty_ratio": 1.02420831619412 }, "geometry": { "type": "Point", "coordinates": [ 479917.336105463735294, 994407.780925765866414 ] } },
{ "type": "Feature", "properties": { "population_density": 20681.312, "network_distance_m": 716.86577732052444, "straight_line_distance_m": 452.72422441696091, "network_penalty_ratio": 1.5834491256652705 }, "geometry": { "type": "Point", "coordinates": [ 479917.336105463735294, 994907.780925765866414 ] } },
{ "type": "Feature", "properties": { "population_density": 14224.367, "network_distance_m": 14.796150198283014, "straight_line_distance_m": 26.130145395632532, "network_penalty_ratio": 0.56624829193472781 }, "geometry": { "type": "Point", "coordinates": [ 478917.336105463735294, 994907.780925765866414 ] } },
{ "type": "Feature", "properties": { "population_density": 22748.33, "network_distance_m": 530.76185096770314, "straight_line_distance_m": 426.32070401575623, "network_penalty_ratio": 1.2449825822864256 }, "geometry": { "type": "Point", "coordinates": [ 479417.336105463735294, 994907.780925765866414 ] } },
{ "type": "Feature", "properties": { "population_density": 21093.838, "network_distance_m": 116.32535083280059, "straight_line_distance_m": 74.336184540229894, "network_penalty_ratio": 1.5648550104134904 }, "geometry": { "type": "Point", "coordinates": [ 479417.336105463735294, 995407.780925765866414 ] } },
{ "type": "Feature", "properties": { "population_density": 16955.322, "network_distance_m": 362.43442899371348, "straight_line_distance_m": 281.68044035227592, "network_penalty_ratio": 1.2866865322293759 }, "geometry": { "type": "Point", "coordinates": [ 478917.336105463735294, 995407.780925765866414 ] } },
{ "type": "Feature", "properties": { "population_density": 22013.984, "network_distance_m": 303.16663100581997, "straight_line_distance_m": 199.23435658685116, "network_penalty_ratio": 1.5216583936599417 }, "geometry": { "type": "Point", "coordinates": [ 479917.336105463735294, 995407.780925765866414 ] } },
{ "type": "Feature", "properties": { "population_density": 18896.105, "network_distance_m": 784.61412147072235, "straight_line_distance_m": 685.57386448012016, "network_penalty_ratio": 1.1444632914437392 }, "geometry": { "type": "Point", "coordinates": [ 480417.336105463735294, 995407.780925765866414 ] } },
{ "type": "Feature", "properties": { "population_density": 21070.656, "network_distance_m": 726.30053438982668, "straight_line_distance_m": 498.11170948935961, "network_penalty_ratio": 1.4581077307626342 }, "geometry": { "type": "Point", "coordinates": [ 478917.336105463735294, 995907.780925765866414 ] } },
{ "type": "Feature", "properties": { "population_density": 13429.406, "network_distance_m": 382.17219663580045, "straight_line_distance_m": 271.17650246065239, "network_penalty_ratio": 1.4093116223860638 }, "geometry": { "type": "Point", "coordinates": [ 477917.336105463735294, 994907.780925765866414 ] } },
{ "type": "Feature", "properties": { "population_density": 23234.17, "network_distance_m": 539.51360646419585, "straight_line_distance_m": 254.99767867047461, "network_penalty_ratio": 2.1157588934815053 }, "geometry": { "type": "Point", "coordinates": [ 477917.336105463735294, 995407.780925765866414 ] } },
{ "type": "Feature", "properties": { "population_density": 14795.254, "network_distance_m": 552.76357308503577, "straight_line_distance_m": 319.88490286010727, "network_penalty_ratio": 1.7280076932132413 }, "geometry": { "type": "Point", "coordinates": [ 478417.336105463735294, 995407.780925765866414 ] } },
{ "type": "Feature", "properties": { "population_density": 13835.966, "network_distance_m": 522.95467242291295, "straight_line_distance_m": 443.80244649428096, "network_penalty_ratio": 1.1783501342858234 }, "geometry": { "type": "Point", "coordinates": [ 477417.336105463735294, 995407.780925765866414 ] } },
{ "type": "Feature", "properties": { "population_density": 15480.376, "network_distance_m": 543.31908043132159, "straight_line_distance_m": 534.06125240849917, "network_penalty_ratio": 1.0173347682144542 }, "geometry": { "type": "Point", "coordinates": [ 478417.336105463735294, 995907.780925765866414 ] } },
{ "type": "Feature", "properties": { "population_density": 23434.061, "network_distance_m": 233.13792717630656, "straight_line_distance_m": 185.6870586136786, "network_penalty_ratio": 1.2555421412611707 }, "geometry": { "type": "Point", "coordinates": [ 477417.336105463735294, 995907.780925765866414 ] } },
{ "type": "Feature", "properties": { "population_density": 20556.73, "network_distance_m": 0.0, "straight_line_distance_m": 93.652590355714011, "network_penalty_ratio": 0.0 }, "geometry": { "type": "Point", "coordinates": [ 477917.336105463735294, 995907.780925765866414 ] } },
{ "type": "Feature", "properties": { "population_density": 22918.369, "network_distance_m": 474.76026680159725, "straight_line_distance_m": 353.64518295073816, "network_penalty_ratio": 1.3424762719523033 }, "geometry": { "type": "Point", "coordinates": [ 477417.336105463735294, 996407.780925765866414 ] } },
{ "type": "Feature", "properties": { "population_density": 12464.93, "network_distance_m": 325.73268607383397, "straight_line_distance_m": 192.04170867849416, "network_penalty_ratio": 1.6961559460979283 }, "geometry": { "type": "Point", "coordinates": [ 477917.336105463735294, 996407.780925765866414 ] } },
{ "type": "Feature", "properties": { "population_density": 8504.9707, "network_distance_m": 438.32371524621755, "straight_line_distance_m": 308.25510420065757, "network_penalty_ratio": 1.4219511997468572 }, "geometry": { "type": "Point", "coordinates": [ 478417.336105463735294, 996407.780925765866414 ] } },
{ "type": "Feature", "properties": { "population_density": 23659.967, "network_distance_m": 0.0, "straight_line_distance_m": 47.602016956665764, "network_penalty_ratio": 0.0 }, "geometry": { "type": "Point", "coordinates": [ 474917.336105463735294, 995407.780925765866414 ] } },
{ "type": "Feature", "properties": { "population_density": 20487.645, "network_distance_m": 565.01086791968942, "straight_line_distance_m": 394.41707233845818, "network_penalty_ratio": 1.4325213271570578 }, "geometry": { "type": "Point", "coordinates": [ 475917.336105463735294, 995407.780925765866414 ] } },
{ "type": "Feature", "properties": { "population_density": 11741.265, "network_distance_m": 444.79796628802342, "straight_line_distance_m": 328.8267176525755, "network_penalty_ratio": 1.3526819519512958 }, "geometry": { "type": "Point", "coordinates": [ 474417.336105463735294, 995407.780925765866414 ] } },
{ "type": "Feature", "properties": { "population_density": 24152.564, "network_distance_m": 698.25747108920882, "straight_line_distance_m": 443.20093639396174, "network_penalty_ratio": 1.5754873551722983 }, "geometry": { "type": "Point", "coordinates": [ 475417.336105463735294, 995907.780925765866414 ] } },
{ "type": "Feature", "properties": { "population_density": 18730.787, "network_distance_m": 449.99805475179801, "straight_line_distance_m": 292.8581964150523, "network_penalty_ratio": 1.5365731956978925 }, "geometry": { "type": "Point", "coordinates": [ 474417.336105463735294, 995907.780925765866414 ] } },
{ "type": "Feature", "properties": { "population_density": 18632.266, "network_distance_m": 921.78904403341767, "straight_line_distance_m": 389.25608941551098, "network_penalty_ratio": 2.3680786739072821 }, "geometry": { "type": "Point", "coordinates": [ 474917.336105463735294, 995907.780925765866414 ] } },
{ "type": "Feature", "properties": { "population_density": 17202.914, "network_distance_m": 480.20126624621122, "straight_line_distance_m": 370.41240186264389, "network_penalty_ratio": 1.2963962972931968 }, "geometry": { "type": "Point", "coordinates": [ 474917.336105463735294, 996407.780925765866414 ] } },
{ "type": "Feature", "properties": { "population_density": 9024.6924, "network_distance_m": 957.28507273768048, "straight_line_distance_m": 688.82689257257312, "network_penalty_ratio": 1.3897324321390707 }, "geometry": { "type": "Point", "coordinates": [ 474417.336105463735294, 996407.780925765866414 ] } },
{ "type": "Feature", "properties": { "population_density": 23327.191, "network_distance_m": 901.49339588733505, "straight_line_distance_m": 524.21499676302972, "network_penalty_ratio": 1.7197016519061037 }, "geometry": { "type": "Point", "coordinates": [ 475417.336105463735294, 996407.780925765866414 ] } },
{ "type": "Feature", "properties": { "population_density": 23188.176, "network_distance_m": 238.39328874321359, "straight_line_distance_m": 80.748061702917184, "network_penalty_ratio": 2.9523097361803443 }, "geometry": { "type": "Point", "coordinates": [ 474917.336105463735294, 996907.780925765866414 ] } },
{ "type": "Feature", "properties": { "population_density": 17322.42, "network_distance_m": 0.0, "straight_line_distance_m": 49.884892016049548, "network_penalty_ratio": 0.0 }, "geometry": { "type": "Point", "coordinates": [ 476417.336105463735294, 995907.780925765866414 ] } },
{ "type": "Feature", "properties": { "population_density": 12882.737, "network_distance_m": 109.65312958769871, "straight_line_distance_m": 115.50630349780836, "network_penalty_ratio": 0.94932593518395547 }, "geometry": { "type": "Point", "coordinates": [ 475917.336105463735294, 995907.780925765866414 ] } },
{ "type": "Feature", "properties": { "population_density": 24135.336, "network_distance_m": 206.83891226014777, "straight_line_distance_m": 135.28225222548741, "network_penalty_ratio": 1.5289434412681884 }, "geometry": { "type": "Point", "coordinates": [ 476917.336105463735294, 995907.780925765866414 ] } },
{ "type": "Feature", "properties": { "population_density": 21977.787, "network_distance_m": 518.59785012568045, "straight_line_distance_m": 469.26202127618797, "network_penalty_ratio": 1.1051349280628349 }, "geometry": { "type": "Point", "coordinates": [ 476917.336105463735294, 996407.780925765866414 ] } },
{ "type": "Feature", "properties": { "population_density": 22491.332, "network_distance_m": 122.0780026219111, "straight_line_distance_m": 149.4682648112435, "network_penalty_ratio": 0.81674864410902015 }, "geometry": { "type": "Point", "coordinates": [ 476417.336105463735294, 996407.780925765866414 ] } },
{ "type": "Feature", "properties": { "population_density": 14111.47, "network_distance_m": 464.18564863806904, "straight_line_distance_m": 300.60950341821371, "network_penalty_ratio": 1.5441482832706226 }, "geometry": { "type": "Point", "coordinates": [ 475917.336105463735294, 996407.780925765866414 ] } },
{ "type": "Feature", "properties": { "population_density": 22173.174, "network_distance_m": 350.46883726627647, "straight_line_distance_m": 325.15743869081791, "network_penalty_ratio": 1.0778435169048259 }, "geometry": { "type": "Point", "coordinates": [ 476417.336105463735294, 996907.780925765866414 ] } },
{ "type": "Feature", "properties": { "population_density": 21411.771, "network_distance_m": 179.82415785378328, "straight_line_distance_m": 130.71160568129127, "network_penalty_ratio": 1.3757321464801 }, "geometry": { "type": "Point", "coordinates": [ 477417.336105463735294, 996907.780925765866414 ] } },
{ "type": "Feature", "properties": { "population_density": 22908.287, "network_distance_m": 686.75593821732684, "straight_line_distance_m": 231.31389880394292, "network_penalty_ratio": 2.9689350348956229 }, "geometry": { "type": "Point", "coordinates": [ 475917.336105463735294, 996907.780925765866414 ] } },
{ "type": "Feature", "properties": { "population_density": 23339.578, "network_distance_m": 547.91070129456341, "straight_line_distance_m": 350.10161987194164, "network_penalty_ratio": 1.5650047591752798 }, "geometry": { "type": "Point", "coordinates": [ 476917.336105463735294, 996907.780925765866414 ] } },
{ "type": "Feature", "properties": { "population_density": 8677.1533, "network_distance_m": 736.93420805912046, "straight_line_distance_m": 611.90639342567295, "network_penalty_ratio": 1.2043250666715486 }, "geometry": { "type": "Point", "coordinates": [ 479917.336105463735294, 995907.780925765866414 ] } },
{ "type": "Feature", "properties": { "population_density": 21565.008, "network_distance_m": 539.13047065421495, "straight_line_distance_m": 405.28533150806908, "network_penalty_ratio": 1.3302491571755319 }, "geometry": { "type": "Point", "coordinates": [ 479417.336105463735294, 995907.780925765866414 ] } },
{ "type": "Feature", "properties": { "population_density": 19170.088, "network_distance_m": 1114.6566775280771, "straight_line_distance_m": 897.07671306797613, "network_penalty_ratio": 1.2425433201983183 }, "geometry": { "type": "Point", "coordinates": [ 480417.336105463735294, 995907.780925765866414 ] } },
{ "type": "Feature", "properties": { "population_density": 4390.6445, "network_distance_m": 976.82598239700678, "straight_line_distance_m": 700.92951540510444, "network_penalty_ratio": 1.3936151366552842 }, "geometry": { "type": "Point", "coordinates": [ 479917.336105463735294, 996407.780925765866414 ] } },
{ "type": "Feature", "properties": { "population_density": 21817.545, "network_distance_m": 199.04132421829704, "straight_line_distance_m": 139.63162236658303, "network_penalty_ratio": 1.42547455114245 }, "geometry": { "type": "Point", "coordinates": [ 478917.336105463735294, 996407.780925765866414 ] } },
{ "type": "Feature", "properties": { "population_density": 18397.449, "network_distance_m": 823.14796890944865, "straight_line_distance_m": 613.47129343122037, "network_penalty_ratio": 1.3417872649027811 }, "geometry": { "type": "Point", "coordinates": [ 479417.336105463735294, 996407.780925765866414 ] } },
{ "type": "Feature", "properties": { "population_density": 9101.0938, "network_distance_m": 645.49677511931213, "straight_line_distance_m": 509.57823923616837, "network_penalty_ratio": 1.2667275119260952 }, "geometry": { "type": "Point", "coordinates": [ 480417.336105463735294, 996407.780925765866414 ] } },
{ "type": "Feature", "properties": { "population_density": 9207.4561, "network_distance_m": 482.6170385309124, "straight_line_distance_m": 310.41410087313443, "network_penalty_ratio": 1.5547523040139113 }, "geometry": { "type": "Point", "coordinates": [ 479417.336105463735294, 996907.780925765866414 ] } },
{ "type": "Feature", "properties": { "population_density": 23029.357, "network_distance_m": 0.0, "straight_line_distance_m": 20.564161740046725, "network_penalty_ratio": 0.0 }, "geometry": { "type": "Point", "coordinates": [ 480417.336105463735294, 996907.780925765866414 ] } },
{ "type": "Feature", "properties": { "population_density": 23293.748, "network_distance_m": 213.25303626418994, "straight_line_distance_m": 154.39306677034952, "network_penalty_ratio": 1.3812345380857751 }, "geometry": { "type": "Point", "coordinates": [ 478917.336105463735294, 996907.780925765866414 ] } },
{ "type": "Feature", "properties": { "population_density": 0.0, "network_distance_m": 1717.6686577696178, "straight_line_distance_m": 1514.8787103510176, "network_penalty_ratio": 1.1338654679301758 }, "geometry": { "type": "Point", "coordinates": [ 488917.336105463735294, 991907.780925765866414 ] } },
{ "type": "Feature", "properties": { "population_density": 0.0, "network_distance_m": 4716.7409347256644, "straight_line_distance_m": 1962.3408981038435, "network_penalty_ratio": 2.403629735935954 }, "geometry": { "type": "Point", "coordinates": [ 489417.336105463735294, 991907.780925765866414 ] } },
{ "type": "Feature", "properties": { "population_density": 2520.6296, "network_distance_m": 1521.3727652669177, "straight_line_distance_m": 849.23304805203486, "network_penalty_ratio": 1.7914667460912319 }, "geometry": { "type": "Point", "coordinates": [ 488417.336105463735294, 992407.780925765866414 ] } },
{ "type": "Feature", "properties": { "population_density": 0.0, "network_distance_m": 4520.6537097051287, "straight_line_distance_m": 1825.6629909422561, "network_penalty_ratio": 2.4761709757680639 }, "geometry": { "type": "Point", "coordinates": [ 489417.336105463735294, 992407.780925765866414 ] } },
{ "type": "Feature", "properties": { "population_density": 1011.7964, "network_distance_m": 4556.8215244289713, "straight_line_distance_m": 1333.0870426194933, "network_penalty_ratio": 3.418247555294585 }, "geometry": { "type": "Point", "coordinates": [ 488917.336105463735294, 992407.780925765866414 ] } },
{ "type": "Feature", "properties": { "population_density": 107.00623, "network_distance_m": 1183.3341951166476, "straight_line_distance_m": 838.72541754079111, "network_penalty_ratio": 1.4108719854780085 }, "geometry": { "type": "Point", "coordinates": [ 488417.336105463735294, 992907.780925765866414 ] } },
{ "type": "Feature", "properties": { "population_density": 232.25133, "network_distance_m": 3843.0712701761504, "straight_line_distance_m": 1820.7989764445301, "network_penalty_ratio": 2.110651049288542 }, "geometry": { "type": "Point", "coordinates": [ 489417.336105463735294, 992907.780925765866414 ] } },
{ "type": "Feature", "properties": { "population_density": 1149.541, "network_distance_m": 4219.6705384605539, "straight_line_distance_m": 1326.4179655467622, "network_penalty_ratio": 3.1812525524118374 }, "geometry": { "type": "Point", "coordinates": [ 488917.336105463735294, 992907.780925765866414 ] } },
{ "type": "Feature", "properties": { "population_density": 874.74347, "network_distance_m": 2723.5218964601795, "straight_line_distance_m": 1088.9094921774715, "network_penalty_ratio": 2.5011462532244115 }, "geometry": { "type": "Point", "coordinates": [ 488417.336105463735294, 993407.780925765866414 ] } },
{ "type": "Feature", "properties": { "population_density": 659.99768, "network_distance_m": 3126.3691990793141, "straight_line_distance_m": 1497.2134702340998, "network_penalty_ratio": 2.088125214763453 }, "geometry": { "type": "Point", "coordinates": [ 488917.336105463735294, 993407.780925765866414 ] } },
{ "type": "Feature", "properties": { "population_density": 3279.3689, "network_distance_m": 534.24459634805726, "straight_line_distance_m": 330.67836837518689, "network_penalty_ratio": 1.6156018882429728 }, "geometry": { "type": "Point", "coordinates": [ 487417.336105463735294, 992407.780925765866414 ] } },
{ "type": "Feature", "properties": { "population_density": 7791.6069, "network_distance_m": 404.26065114388507, "straight_line_distance_m": 406.53717739895916, "network_penalty_ratio": 0.99440020155194808 }, "geometry": { "type": "Point", "coordinates": [ 487917.336105463735294, 992407.780925765866414 ] } },
{ "type": "Feature", "properties": { "population_density": 4148.8198, "network_distance_m": 646.68092679407596, "straight_line_distance_m": 384.10419515118213, "network_penalty_ratio": 1.683608080717641 }, "geometry": { "type": "Point", "coordinates": [ 487917.336105463735294, 992907.780925765866414 ] } },
{ "type": "Feature", "properties": { "population_density": 0.0, "network_distance_m": 2278.6552056292576, "straight_line_distance_m": 731.90671956217432, "network_penalty_ratio": 3.1133136842798033 }, "geometry": { "type": "Point", "coordinates": [ 486917.336105463735294, 992907.780925765866414 ] } },
{ "type": "Feature", "properties": { "population_density": 4180.834, "network_distance_m": 277.87138836825125, "straight_line_distance_m": 302.67431248208095, "network_penalty_ratio": 0.91805408291693702 }, "geometry": { "type": "Point", "coordinates": [ 487417.336105463735294, 992907.780925765866414 ] } },
{ "type": "Feature", "properties": { "population_density": 4394.4468, "network_distance_m": 1741.545710187333, "straight_line_distance_m": 793.59913612475782, "network_penalty_ratio": 2.1944904308887168 }, "geometry": { "type": "Point", "coordinates": [ 487917.336105463735294, 993407.780925765866414 ] } },
{ "type": "Feature", "properties": { "population_density": 1793.0919, "network_distance_m": 1476.3765744019847, "straight_line_distance_m": 1008.935578848069, "network_penalty_ratio": 1.4633011317606688 }, "geometry": { "type": "Point", "coordinates": [ 486917.336105463735294, 993407.780925765866414 ] } },
{ "type": "Feature", "properties": { "population_density": 1488.7692, "network_distance_m": 933.14365644877307, "straight_line_distance_m": 757.54557325729581, "network_penalty_ratio": 1.231798705438196 }, "geometry": { "type": "Point", "coordinates": [ 487417.336105463735294, 993407.780925765866414 ] } },
{ "type": "Feature", "properties": { "population_density": 3479.636, "network_distance_m": 2121.5727283158967, "straight_line_distance_m": 1269.6704867733149, "network_penalty_ratio": 1.6709632541806725 }, "geometry": { "type": "Point", "coordinates": [ 487917.336105463735294, 993907.780925765866414 ] } },
{ "type": "Feature", "properties": { "population_density": 2373.9832, "network_distance_m": 1707.9607967446691, "straight_line_distance_m": 1414.2894181852287, "network_penalty_ratio": 1.2076458854767296 }, "geometry": { "type": "Point", "coordinates": [ 486917.336105463735294, 993907.780925765866414 ] } },
{ "type": "Feature", "properties": { "population_density": 1922.2037, "network_distance_m": 1607.3206715115905, "straight_line_distance_m": 1083.2226215819526, "network_penalty_ratio": 1.4838322607814802 }, "geometry": { "type": "Point", "coordinates": [ 485417.336105463735294, 992407.780925765866414 ] } },
{ "type": "Feature", "properties": { "population_density": 1356.2781, "network_distance_m": 1720.0272988472436, "straight_line_distance_m": 1443.9773497815179, "network_penalty_ratio": 1.1911733235341218 }, "geometry": { "type": "Point", "coordinates": [ 485917.336105463735294, 992407.780925765866414 ] } },
{ "type": "Feature", "properties": { "population_density": 238.70407, "network_distance_m": 652.23969462364425, "straight_line_distance_m": 740.37130392051461, "network_penalty_ratio": 0.88096295895021337 }, "geometry": { "type": "Point", "coordinates": [ 485417.336105463735294, 992907.780925765866414 ] } },
{ "type": "Feature", "properties": { "population_density": 1920.8755, "network_distance_m": 2278.6552056292576, "straight_line_distance_m": 1216.4551585833431, "network_penalty_ratio": 1.873192932391301 }, "geometry": { "type": "Point", "coordinates": [ 486417.336105463735294, 992907.780925765866414 ] } },
{ "type": "Feature", "properties": { "population_density": 936.66144, "network_distance_m": 1393.102947233765, "straight_line_distance_m": 1178.6558385481887, "network_penalty_ratio": 1.1819420917218055 }, "geometry": { "type": "Point", "coordinates": [ 485917.336105463735294, 992907.780925765866414 ] } },
{ "type": "Feature", "properties": { "population_density": 861.37036, "network_distance_m": 1904.0174926378538, "straight_line_distance_m": 1400.7236376135197, "network_penalty_ratio": 1.3593098891954305 }, "geometry": { "type": "Point", "coordinates": [ 486417.336105463735294, 993407.780925765866414 ] } },
{ "type": "Feature", "properties": { "population_density": 0.0, "network_distance_m": 3126.3943988535825, "straight_line_distance_m": 1092.4232626621476, "network_penalty_ratio": 2.8618892563994023 }, "geometry": { "type": "Point", "coordinates": [ 485917.336105463735294, 993407.780925765866414 ] } },
{ "type": "Feature", "properties": { "population_density": 97.715523, "network_distance_m": 3437.3988816679639, "straight_line_distance_m": 593.55595080046214, "network_penalty_ratio": 5.791196056635151 }, "geometry": { "type": "Point", "coordinates": [ 485417.336105463735294, 993407.780925765866414 ] } },
{ "type": "Feature", "properties": { "population_density": 4594.8989, "network_distance_m": 2457.374156452081, "straight_line_distance_m": 1679.5821290999634, "network_penalty_ratio": 1.4630866296302596 }, "geometry": { "type": "Point", "coordinates": [ 486417.336105463735294, 993907.780925765866414 ] } },
{ "type": "Feature", "properties": { "population_density": 1604.932, "network_distance_m": 2917.6087102162242, "straight_line_distance_m": 1181.4974574476864, "network_penalty_ratio": 2.4694159871650916 }, "geometry": { "type": "Point", "coordinates": [ 485917.336105463735294, 993907.780925765866414 ] } },
{ "type": "Feature", "properties": { "population_density": 0.0, "network_distance_m": 4818.0666695466052, "straight_line_distance_m": 1948.7361208605626, "network_penalty_ratio": 2.4724058932201376 }, "geometry": { "type": "Point", "coordinates": [ 489417.336105463735294, 993407.780925765866414 ] } },
{ "type": "Feature", "properties": { "population_density": 0.0, "network_distance_m": 4480.7317498150715, "straight_line_distance_m": 2186.2836103469967, "network_penalty_ratio": 2.0494741526713045 }, "geometry": { "type": "Point", "coordinates": [ 489417.336105463735294, 993907.780925765866414 ] } },
{ "type": "Feature", "properties": { "population_density": 2377.6978, "network_distance_m": 2245.0973624212938, "straight_line_distance_m": 1472.4087198463012, "network_penalty_ratio": 1.5247786379964188 }, "geometry": { "type": "Point", "coordinates": [ 488417.336105463735294, 993907.780925765866414 ] } },
{ "type": "Feature", "properties": { "population_density": 2162.5586, "network_distance_m": 2872.886226559252, "straight_line_distance_m": 1795.5254750561633, "network_penalty_ratio": 1.6000253220965241 }, "geometry": { "type": "Point", "coordinates": [ 488917.336105463735294, 993907.780925765866414 ] } },
{ "type": "Feature", "properties": { "population_density": 2581.4072, "network_distance_m": 2413.0130208968753, "straight_line_distance_m": 1910.5630045629609, "network_penalty_ratio": 1.2629853164401921 }, "geometry": { "type": "Point", "coordinates": [ 488417.336105463735294, 994407.780925765866414 ] } },
{ "type": "Feature", "properties": { "population_density": 707.21735, "network_distance_m": 3379.3227455969486, "straight_line_distance_m": 2169.3720952618723, "network_penalty_ratio": 1.557742331515064 }, "geometry": { "type": "Point", "coordinates": [ 488917.336105463735294, 994407.780925765866414 ] } },
{ "type": "Feature", "properties": { "population_density": 0.0, "network_distance_m": 4060.7394496813354, "straight_line_distance_m": 2502.4187461328534, "network_penalty_ratio": 1.6227257951758289 }, "geometry": { "type": "Point", "coordinates": [ 489417.336105463735294, 994407.780925765866414 ] } },
{ "type": "Feature", "properties": { "population_density": 242.40678, "network_distance_m": 3078.1806068296573, "straight_line_distance_m": 2797.5656662353344, "network_penalty_ratio": 1.100306828890971 }, "geometry": { "type": "Point", "coordinates": [ 489417.336105463735294, 994907.780925765866414 ] } },
{ "type": "Feature", "properties": { "population_density": 2225.7354, "network_distance_m": 2766.4167901091646, "straight_line_distance_m": 2560.400651352702, "network_penalty_ratio": 1.0804624614697005 }, "geometry": { "type": "Point", "coordinates": [ 488917.336105463735294, 994907.780925765866414 ] } },
{ "type": "Feature", "properties": { "population_density": 3692.6851, "network_distance_m": 2635.2384960736294, "straight_line_distance_m": 2111.2811332362962, "network_penalty_ratio": 1.2481703429207367 }, "geometry": { "type": "Point", "coordinates": [ 488917.336105463735294, 995407.780925765866414 ] } },
{ "type": "Feature", "properties": { "population_density": 3370.0039, "network_distance_m": 1279.2675011631293, "straight_line_distance_m": 1247.4529456804971, "network_penalty_ratio": 1.0255036116534857 }, "geometry": { "type": "Point", "coordinates": [ 487417.336105463735294, 993907.780925765866414 ] } },
{ "type": "Feature", "properties": { "population_density": 7140.4897, "network_distance_m": 2507.7418200930115, "straight_line_distance_m": 1759.0698397472488, "network_penalty_ratio": 1.4256067402379744 }, "geometry": { "type": "Point", "coordinates": [ 487917.336105463735294, 994407.780925765866414 ] } },
{ "type": "Feature", "properties": { "population_density": 4187.2686, "network_distance_m": 2171.1125725410084, "straight_line_distance_m": 1743.1013762292125, "network_penalty_ratio": 1.2455457853161109 }, "geometry": { "type": "Point", "coordinates": [ 487417.336105463735294, 994407.780925765866414 ] } },
{ "type": "Feature", "properties": { "population_density": 2690.7112, "network_distance_m": 2166.5557406293433, "straight_line_distance_m": 1866.1398968233698, "network_penalty_ratio": 1.1609824881389414 }, "geometry": { "type": "Point", "coordinates": [ 486917.336105463735294, 994407.780925765866414 ] } },
{ "type": "Feature", "properties": { "population_density": 2254.1624, "network_distance_m": 2422.8688706518333, "straight_line_distance_m": 2240.6842624380165, "network_penalty_ratio": 1.0813075770057792 }, "geometry": { "type": "Point", "coordinates": [ 487417.336105463735294, 994907.780925765866414 ] } },
{ "type": "Feature", "properties": { "population_density": 89.615883, "network_distance_m": 2925.9982461741242, "straight_line_distance_m": 2373.2919227372499, "network_penalty_ratio": 1.232885941312861 }, "geometry": { "type": "Point", "coordinates": [ 488417.336105463735294, 994907.780925765866414 ] } },
{ "type": "Feature", "properties": { "population_density": 5811.9438, "network_distance_m": 2688.9670741642249, "straight_line_distance_m": 2337.6786927722042, "network_penalty_ratio": 1.1502723117929587 }, "geometry": { "type": "Point", "coordinates": [ 486917.336105463735294, 994907.780925765866414 ] } },
{ "type": "Feature", "properties": { "population_density": 9458.6621, "network_distance_m": 2982.5325676161251, "straight_line_distance_m": 2253.1289925864512, "network_penalty_ratio": 1.3237291683830157 }, "geometry": { "type": "Point", "coordinates": [ 487917.336105463735294, 994907.780925765866414 ] } },
{ "type": "Feature", "properties": { "population_density": 5418.0562, "network_distance_m": 2578.3445425753707, "straight_line_distance_m": 1891.3429135765562, "network_penalty_ratio": 1.363234833867162 }, "geometry": { "type": "Point", "coordinates": [ 486917.336105463735294, 995407.780925765866414 ] } },
{ "type": "Feature", "properties": { "population_density": 7267.9038, "network_distance_m": 2297.5340605107317, "straight_line_distance_m": 1848.2596410290175, "network_penalty_ratio": 1.2430797110472969 }, "geometry": { "type": "Point", "coordinates": [ 487917.336105463735294, 995407.780925765866414 ] } },
{ "type": "Feature", "properties": { "population_density": 1434.8708, "network_distance_m": 817.63152805977847, "straight_line_distance_m": 686.20431033237412, "network_penalty_ratio": 1.1915278230527953 }, "geometry": { "type": "Point", "coordinates": [ 485417.336105463735294, 993907.780925765866414 ] } },
{ "type": "Feature", "properties": { "population_density": 786.18042, "network_distance_m": 3229.2934841458427, "straight_line_distance_m": 1234.0047151511098, "network_penalty_ratio": 2.6169215113172402 }, "geometry": { "type": "Point", "coordinates": [ 485917.336105463735294, 994407.780925765866414 ] } },
{ "type": "Feature", "properties": { "population_density": 145.40018, "network_distance_m": 2418.218633785264, "straight_line_distance_m": 1716.9238548787741, "network_penalty_ratio": 1.4084600356117749 }, "geometry": { "type": "Point", "coordinates": [ 486417.336105463735294, 994407.780925765866414 ] } },
{ "type": "Feature", "properties": { "population_density": 1928.317, "network_distance_m": 1377.6499599985345, "straight_line_distance_m": 773.11561268580863, "network_penalty_ratio": 1.7819455944144882 }, "geometry": { "type": "Point", "coordinates": [ 485417.336105463735294, 994407.780925765866414 ] } },
{ "type": "Feature", "properties": { "population_density": 10117.04, "network_distance_m": 2679.1664455378836, "straight_line_distance_m": 1106.5889686954129, "network_penalty_ratio": 2.421103518406138 }, "geometry": { "type": "Point", "coordinates": [ 485417.336105463735294, 994907.780925765866414 ] } },
{ "type": "Feature", "properties": { "population_density": 722.75232, "network_distance_m": 2620.1266282023876, "straight_line_distance_m": 1890.6768413749649, "network_penalty_ratio": 1.3858141015240564 }, "geometry": { "type": "Point", "coordinates": [ 486417.336105463735294, 994907.780925765866414 ] } },
{ "type": "Feature", "properties": { "population_density": 0.0, "network_distance_m": 2896.289183897843, "straight_line_distance_m": 1466.1510945584687, "network_penalty_ratio": 1.975437043731199 }, "geometry": { "type": "Point", "coordinates": [ 485917.336105463735294, 994907.780925765866414 ] } },
{ "type": "Feature", "properties": { "population_density": 13146.004, "network_distance_m": 2188.2418881605436, "straight_line_distance_m": 1533.4179276042789, "network_penalty_ratio": 1.4270355450841263 }, "geometry": { "type": "Point", "coordinates": [ 485417.336105463735294, 995407.780925765866414 ] } },
{ "type": "Feature", "properties": { "population_density": 350.20157, "network_distance_m": 2311.7287622182594, "straight_line_distance_m": 1782.1004070609642, "network_penalty_ratio": 1.2971933304424508 }, "geometry": { "type": "Point", "coordinates": [ 485917.336105463735294, 995407.780925765866414 ] } },
{ "type": "Feature", "properties": { "population_density": 2238.5066, "network_distance_m": 2095.8088110634558, "straight_line_distance_m": 1768.1996320527712, "network_penalty_ratio": 1.1852783888606233 }, "geometry": { "type": "Point", "coordinates": [ 486417.336105463735294, 995407.780925765866414 ] } },
{ "type": "Feature", "properties": { "population_density": 416.81775, "network_distance_m": 1046.4252086089473, "straight_line_distance_m": 894.13604065699019, "network_penalty_ratio": 1.1703199077402793 }, "geometry": { "type": "Point", "coordinates": [ 484917.336105463735294, 994907.780925765866414 ] } },
{ "type": "Feature", "properties": { "population_density": 3078.9373, "network_distance_m": 1861.0082063910943, "straight_line_distance_m": 1387.9159391914134, "network_penalty_ratio": 1.3408652165744994 }, "geometry": { "type": "Point", "coordinates": [ 484917.336105463735294, 995407.780925765866414 ] } },
{ "type": "Feature", "properties": { "population_density": 2484.5295, "network_distance_m": 1997.5291023092332, "straight_line_distance_m": 1041.0858613125308, "network_penalty_ratio": 1.9186977525474058 }, "geometry": { "type": "Point", "coordinates": [ 484417.336105463735294, 995407.780925765866414 ] } },
{ "type": "Feature", "properties": { "population_density": 5407.5259, "network_distance_m": 1030.0953561933013, "straight_line_distance_m": 664.66469411661808, "network_penalty_ratio": 1.5497970109009085 }, "geometry": { "type": "Point", "coordinates": [ 483917.336105463735294, 995407.780925765866414 ] } },
{ "type": "Feature", "properties": { "population_density": 15924.403, "network_distance_m": 473.7022509470869, "straight_line_distance_m": 393.79492695072747, "network_penalty_ratio": 1.2029160827822387 }, "geometry": { "type": "Point", "coordinates": [ 483917.336105463735294, 995907.780925765866414 ] } },
{ "type": "Feature", "properties": { "population_density": 19029.979, "network_distance_m": 947.31831081623932, "straight_line_distance_m": 892.8354044905733, "network_penalty_ratio": 1.0610223407938806 }, "geometry": { "type": "Point", "coordinates": [ 484417.336105463735294, 995907.780925765866414 ] } },
{ "type": "Feature", "properties": { "population_density": 15712.303, "network_distance_m": 1527.9576251747508, "straight_line_distance_m": 1228.9259907672431, "network_penalty_ratio": 1.2433276183058153 }, "geometry": { "type": "Point", "coordinates": [ 484917.336105463735294, 995907.780925765866414 ] } },
{ "type": "Feature", "properties": { "population_density": 17268.291, "network_distance_m": 912.53805703358717, "straight_line_distance_m": 524.73208003838215, "network_penalty_ratio": 1.7390552088350277 }, "geometry": { "type": "Point", "coordinates": [ 484417.336105463735294, 996407.780925765866414 ] } },
{ "type": "Feature", "properties": { "population_density": 16003.26, "network_distance_m": 508.1279204090481, "straight_line_distance_m": 457.52876460147297, "network_penalty_ratio": 1.1105922943482016 }, "geometry": { "type": "Point", "coordinates": [ 483917.336105463735294, 996407.780925765866414 ] } },
{ "type": "Feature", "properties": { "population_density": 17510.062, "network_distance_m": 134.98711578488465, "straight_line_distance_m": 201.0681995233565, "network_penalty_ratio": 0.67134990070473211 }, "geometry": { "type": "Point", "coordinates": [ 483917.336105463735294, 996907.780925765866414 ] } },
{ "type": "Feature", "properties": { "population_density": 2394.3032, "network_distance_m": 2748.5209401321927, "straight_line_distance_m": 1909.2777532892642, "network_penalty_ratio": 1.4395605539304577 }, "geometry": { "type": "Point", "coordinates": [ 487417.336105463735294, 995407.780925765866414 ] } },
{ "type": "Feature", "properties": { "population_density": 9952.2773, "network_distance_m": 1826.1008101926566, "straight_line_distance_m": 1348.3027214868744, "network_penalty_ratio": 1.3543700395256033 }, "geometry": { "type": "Point", "coordinates": [ 487917.336105463735294, 995907.780925765866414 ] } },
{ "type": "Feature", "properties": { "population_density": 6800.4824, "network_distance_m": 1936.7390720298242, "straight_line_distance_m": 1438.888332552677, "network_penalty_ratio": 1.3459967866956912 }, "geometry": { "type": "Point", "coordinates": [ 486917.336105463735294, 995907.780925765866414 ] } },
{ "type": "Feature", "properties": { "population_density": 2522.6687, "network_distance_m": 2083.0851675941753, "straight_line_distance_m": 1430.8032944180341, "network_penalty_ratio": 1.4558850791865494 }, "geometry": { "type": "Point", "coordinates": [ 487417.336105463735294, 995907.780925765866414 ] } },
{ "type": "Feature", "properties": { "population_density": 3214.9829, "network_distance_m": 1243.1653947458001, "straight_line_distance_m": 848.39657995604341, "network_penalty_ratio": 1.4653116527299181 }, "geometry": { "type": "Point", "coordinates": [ 487917.336105463735294, 996407.780925765866414 ] } },
{ "type": "Feature", "properties": { "population_density": 11347.097, "network_distance_m": 1208.5207856914717, "straight_line_distance_m": 1031.3201493116428, "network_penalty_ratio": 1.1718192323674679 }, "geometry": { "type": "Point", "coordinates": [ 486917.336105463735294, 996407.780925765866414 ] } },
{ "type": "Feature", "properties": { "population_density": 2899.5481, "network_distance_m": 1619.3749868776508, "straight_line_distance_m": 974.19433145019809, "network_penalty_ratio": 1.6622710013791895 }, "geometry": { "type": "Point", "coordinates": [ 487417.336105463735294, 996407.780925765866414 ] } },
{ "type": "Feature", "properties": { "population_density": 13728.201, "network_distance_m": 739.44279413929007, "straight_line_distance_m": 565.29406308958085, "network_penalty_ratio": 1.3080675040135921 }, "geometry": { "type": "Point", "coordinates": [ 486917.336105463735294, 996907.780925765866414 ] } },
{ "type": "Feature", "properties": { "population_density": 7111.165, "network_distance_m": 656.79967007425807, "straight_line_distance_m": 348.75963785006775, "network_penalty_ratio": 1.8832445007774012 }, "geometry": { "type": "Point", "coordinates": [ 487917.336105463735294, 996907.780925765866414 ] } },
{ "type": "Feature", "properties": { "population_density": 10901.652, "network_distance_m": 1118.5681673555357, "straight_line_distance_m": 592.37751775527192, "network_penalty_ratio": 1.8882691085140881 }, "geometry": { "type": "Point", "coordinates": [ 487417.336105463735294, 996907.780925765866414 ] } },
{ "type": "Feature", "properties": { "population_density": 815.19299, "network_distance_m": 2793.0442051076416, "straight_line_distance_m": 2393.3721367582916, "network_penalty_ratio": 1.1669911929745647 }, "geometry": { "type": "Point", "coordinates": [ 489417.336105463735294, 995407.780925765866414 ] } },
{ "type": "Feature", "properties": { "population_density": 5217.2534, "network_distance_m": 2248.8454033645517, "straight_line_distance_m": 1920.1004822946443, "network_penalty_ratio": 1.1712123527394962 }, "geometry": { "type": "Point", "coordinates": [ 488417.336105463735294, 995407.780925765866414 ] } },
{ "type": "Feature", "properties": { "population_density": 3578.4338, "network_distance_m": 2242.1885166543134, "straight_line_distance_m": 1690.9655678551642, "network_penalty_ratio": 1.32598117861047 }, "geometry": { "type": "Point", "coordinates": [ 488917.336105463735294, 995907.780925765866414 ] } },
{ "type": "Feature", "properties": { "population_density": 5154.3062, "network_distance_m": 1761.8323046677801, "straight_line_distance_m": 1445.2136140447628, "network_penalty_ratio": 1.2190808940256845 }, "geometry": { "type": "Point", "coordinates": [ 488417.336105463735294, 995907.780925765866414 ] } },
{ "type": "Feature", "properties": { "population_density": 0.0, "network_distance_m": 2166.3922960318073, "straight_line_distance_m": 2032.2614775474021, "network_penalty_ratio": 1.0660007680932271 }, "geometry": { "type": "Point", "coordinates": [ 489417.336105463735294, 995907.780925765866414 ] } },
{ "type": "Feature", "properties": { "population_density": 1605.6456, "network_distance_m": 1641.4900744429451, "straight_line_distance_m": 1327.1100481060103, "network_penalty_ratio": 1.2368906985412427 }, "geometry": { "type": "Point", "coordinates": [ 488917.336105463735294, 996407.780925765866414 ] } },
{ "type": "Feature", "properties": { "population_density": 0.0, "network_distance_m": 1929.8360729240585, "straight_line_distance_m": 1741.2476105469175, "network_penalty_ratio": 1.1083065161065211 }, "geometry": { "type": "Point", "coordinates": [ 489417.336105463735294, 996407.780925765866414 ] } },
{ "type": "Feature", "properties": { "population_density": 5575.5303, "network_distance_m": 1258.1006043650682, "straight_line_distance_m": 995.23812142246845, "network_penalty_ratio": 1.2641201912230784 }, "geometry": { "type": "Point", "coordinates": [ 488417.336105463735294, 996407.780925765866414 ] } },
{ "type": "Feature", "properties": { "population_density": 86.418419, "network_distance_m": 1493.5840841257721, "straight_line_distance_m": 1078.4607586259856, "network_penalty_ratio": 1.3849220494853005 }, "geometry": { "type": "Point", "coordinates": [ 488917.336105463735294, 996907.780925765866414 ] } },
{ "type": "Feature", "properties": { "population_density": 14882.973, "network_distance_m": 1858.8912995434516, "straight_line_distance_m": 1489.4480184692984, "network_penalty_ratio": 1.2480403991901838 }, "geometry": { "type": "Point", "coordinates": [ 485417.336105463735294, 995907.780925765866414 ] } },
{ "type": "Feature", "properties": { "population_density": 14814.386, "network_distance_m": 1597.8470484709169, "straight_line_distance_m": 1291.9378768605015, "network_penalty_ratio": 1.2367831898804575 }, "geometry": { "type": "Point", "coordinates": [ 485917.336105463735294, 995907.780925765866414 ] } },
{ "type": "Feature", "properties": { "population_density": 7069.2734, "network_distance_m": 1789.7402796224947, "straight_line_distance_m": 1272.6946042203219, "network_penalty_ratio": 1.4062606014731438 }, "geometry": { "type": "Point", "coordinates": [ 486417.336105463735294, 995907.780925765866414 ] } },
{ "type": "Feature", "properties": { "population_density": 6769.2905, "network_distance_m": 1331.5766390283179, "straight_line_distance_m": 1100.7620163060162, "network_penalty_ratio": 1.2096862167327314 }, "geometry": { "type": "Point", "coordinates": [ 485417.336105463735294, 996407.780925765866414 ] } },
{ "type": "Feature", "properties": { "population_density": 16842.754, "network_distance_m": 1386.585137918494, "straight_line_distance_m": 917.25402217982344, "network_penalty_ratio": 1.511669727676223 }, "geometry": { "type": "Point", "coordinates": [ 484917.336105463735294, 996407.780925765866414 ] } },
{ "type": "Feature", "properties": { "population_density": 13746.063, "network_distance_m": 1129.6159828820291, "straight_line_distance_m": 813.83357910987377, "network_penalty_ratio": 1.3880184006631193 }, "geometry": { "type": "Point", "coordinates": [ 485917.336105463735294, 996407.780925765866414 ] } },
{ "type": "Feature", "properties": { "population_density": 9170.6914, "network_distance_m": 1373.2636414659844, "straight_line_distance_m": 782.92603254170081, "network_penalty_ratio": 1.7540145357126575 }, "geometry": { "type": "Point", "coordinates": [ 486417.336105463735294, 996407.780925765866414 ] } },
{ "type": "Feature", "properties": { "population_density": 5853.6221, "network_distance_m": 1380.2590270842261, "straight_line_distance_m": 839.58241606292154, "network_penalty_ratio": 1.6439827712885118 }, "geometry": { "type": "Point", "coordinates": [ 485417.336105463735294, 996907.780925765866414 ] } },
{ "type": "Feature", "properties": { "population_density": 13608.644, "network_distance_m": 521.15131781209516, "straight_line_distance_m": 394.3941065821773, "network_penalty_ratio": 1.321397325960058 }, "geometry": { "type": "Point", "coordinates": [ 485917.336105463735294, 996907.780925765866414 ] } },
{ "type": "Feature", "properties": { "population_density": 16445.432, "network_distance_m": 725.63206144320748, "straight_line_distance_m": 325.8754198331855, "network_penalty_ratio": 2.2267161537211244 }, "geometry": { "type": "Point", "coordinates": [ 486417.336105463735294, 996907.780925765866414 ] } },
{ "type": "Feature", "properties": { "population_density": 20901.059, "network_distance_m": 912.06417681787639, "straight_line_distance_m": 797.04229385119106, "network_penalty_ratio": 1.1443108902175272 }, "geometry": { "type": "Point", "coordinates": [ 480417.336105463735294, 994907.780925765866414 ] } },
{ "type": "Feature", "properties": { "population_density": 20979.574, "network_distance_m": 876.09549514613445, "straight_line_distance_m": 622.11594485991986, "network_penalty_ratio": 1.4082511505848037 }, "geometry": { "type": "Point", "coordinates": [ 480917.336105463735294, 994907.780925765866414 ] } },
{ "type": "Feature", "properties": { "population_density": 15936.246, "network_distance_m": 640.85579504114298, "straight_line_distance_m": 413.35714621189783, "network_penalty_ratio": 1.550368249137813 }, "geometry": { "type": "Point", "coordinates": [ 481417.336105463735294, 994907.780925765866414 ] } },
{ "type": "Feature", "properties": { "population_density": 13869.137, "network_distance_m": 1270.143733837047, "straight_line_distance_m": 528.47223612104153, "network_penalty_ratio": 2.4034256617903624 }, "geometry": { "type": "Point", "coordinates": [ 481917.336105463735294, 994907.780925765866414 ] } },
{ "type": "Feature", "properties": { "population_density": 20233.928, "network_distance_m": 710.49823626358989, "straight_line_distance_m": 657.57240937034726, "network_penalty_ratio": 1.0804866903462713 }, "geometry": { "type": "Point", "coordinates": [ 481417.336105463735294, 995407.780925765866414 ] } },
{ "type": "Feature", "properties": { "population_density": 18612.549, "network_distance_m": 1414.2766058939892, "straight_line_distance_m": 1061.8389762603802, "network_penalty_ratio": 1.3319125004008006 }, "geometry": { "type": "Point", "coordinates": [ 480917.336105463735294, 995407.780925765866414 ] } },
{ "type": "Feature", "properties": { "population_density": 19721.893, "network_distance_m": 1272.9917055133801, "straight_line_distance_m": 945.23542230845851, "network_penalty_ratio": 1.3467456630058083 }, "geometry": { "type": "Point", "coordinates": [ 480917.336105463735294, 995907.780925765866414 ] } },
{ "type": "Feature", "properties": { "population_density": 21127.848, "network_distance_m": 712.8990624648718, "straight_line_distance_m": 445.38687188340117, "network_penalty_ratio": 1.6006288183804018 }, "geometry": { "type": "Point", "coordinates": [ 481417.336105463735294, 995907.780925765866414 ] } },
{ "type": "Feature", "properties": { "population_density": 19119.996, "network_distance_m": 46.528397645315437, "straight_line_distance_m": 57.174537212927717, "network_penalty_ratio": 0.81379578940946662 }, "geometry": { "type": "Point", "coordinates": [ 481917.336105463735294, 995907.780925765866414 ] } },
{ "type": "Feature", "properties": { "population_density": 22337.207, "network_distance_m": 917.81487177651582, "straight_line_distance_m": 726.66207981429227, "network_penalty_ratio": 1.2630559613225931 }, "geometry": { "type": "Point", "coordinates": [ 480917.336105463735294, 996407.780925765866414 ] } },
{ "type": "Feature", "properties": { "population_density": 21921.662, "network_distance_m": 172.350001962855, "straight_line_distance_m": 64.534253693325624, "network_penalty_ratio": 2.670674751766442 }, "geometry": { "type": "Point", "coordinates": [ 483417.336105463735294, 995907.780925765866414 ] } },
{ "type": "Feature", "properties": { "population_density": 6024.2563, "network_distance_m": 255.71453873624628, "straight_line_distance_m": 192.46506123037094, "network_penalty_ratio": 1.3286283603971576 }, "geometry": { "type": "Point", "coordinates": [ 482917.336105463735294, 996407.780925765866414 ] } },
{ "type": "Feature", "properties": { "population_density": 15490.593, "network_distance_m": 571.0044626200978, "straight_line_distance_m": 411.5296473575649, "network_penalty_ratio": 1.3875171966018049 }, "geometry": { "type": "Point", "coordinates": [ 482417.336105463735294, 996407.780925765866414 ] } },
{ "type": "Feature", "properties": { "population_density": 11680.443, "network_distance_m": 592.02459387490489, "straight_line_distance_m": 401.51133758359163, "network_penalty_ratio": 1.4744903529695468 }, "geometry": { "type": "Point", "coordinates": [ 483417.336105463735294, 996407.780925765866414 ] } },
{ "type": "Feature", "properties": { "population_density": 19511.029, "network_distance_m": 813.99436041869671, "straight_line_distance_m": 620.64945691271532, "network_penalty_ratio": 1.3115202975730185 }, "geometry": { "type": "Point", "coordinates": [ 482917.336105463735294, 996907.780925765866414 ] } },
{ "type": "Feature", "properties": { "population_density": 23969.207, "network_distance_m": 279.96856848732284, "straight_line_distance_m": 225.30740219006853, "network_penalty_ratio": 1.2426070593594716 }, "geometry": { "type": "Point", "coordinates": [ 482417.336105463735294, 996907.780925765866414 ] } },
{ "type": "Feature", "properties": { "population_density": 20344.684, "network_distance_m": 518.94508108969012, "straight_line_distance_m": 343.14014824180316, "network_penalty_ratio": 1.5123414842264427 }, "geometry": { "type": "Point", "coordinates": [ 481917.336105463735294, 996907.780925765866414 ] } },
{ "type": "Feature", "properties": { "population_density": 19897.354, "network_distance_m": 1031.8178140135294, "straight_line_distance_m": 573.03221815352902, "network_penalty_ratio": 1.8006279251423885 }, "geometry": { "type": "Point", "coordinates": [ 483417.336105463735294, 996907.780925765866414 ] } },
{ "type": "Feature", "properties": { "population_density": 11985.351, "network_distance_m": 200.61368732095039, "straight_line_distance_m": 209.55601418718993, "network_penalty_ratio": 0.95732727165610421 }, "geometry": { "type": "Point", "coordinates": [ 482417.336105463735294, 997407.780925765866414 ] } },
{ "type": "Feature", "properties": { "population_density": 11053.61, "network_distance_m": 30.265445165878894, "straight_line_distance_m": 104.19870496065504, "network_penalty_ratio": 0.29045893782755738 }, "geometry": { "type": "Point", "coordinates": [ 483417.336105463735294, 997407.780925765866414 ] } },
{ "type": "Feature", "properties": { "population_density": 22148.424, "network_distance_m": 695.46427043586141, "straight_line_distance_m": 486.14646610667768, "network_penalty_ratio": 1.4305653109144518 }, "geometry": { "type": "Point", "coordinates": [ 481917.336105463735294, 996407.780925765866414 ] } },
{ "type": "Feature", "properties": { "population_density": 21765.133, "network_distance_m": 808.23701024362401, "straight_line_distance_m": 681.42311211686888, "network_penalty_ratio": 1.1861015511094166 }, "geometry": { "type": "Point", "coordinates": [ 481417.336105463735294, 996407.780925765866414 ] } },
{ "type": "Feature", "properties": { "population_density": 8899.9189, "network_distance_m": 964.051533338274, "straight_line_distance_m": 527.12233891879987, "network_penalty_ratio": 1.8288952339141531 }, "geometry": { "type": "Point", "coordinates": [ 481417.336105463735294, 996907.780925765866414 ] } },
{ "type": "Feature", "properties": { "population_density": 19467.32, "network_distance_m": 693.35710041314928, "straight_line_distance_m": 518.4502686710365, "network_penalty_ratio": 1.3373647238923383 }, "geometry": { "type": "Point", "coordinates": [ 480917.336105463735294, 996907.780925765866414 ] } },
{ "type": "Feature", "properties": { "population_density": 2472.3044, "network_distance_m": 0.0, "straight_line_distance_m": 30.829386826113897, "network_penalty_ratio": 0.0 }, "geometry": { "type": "Point", "coordinates": [ 481417.336105463735294, 997407.780925765866414 ] } },
{ "type": "Feature", "properties": { "population_density": 18454.738, "network_distance_m": 879.5426802127364, "straight_line_distance_m": 515.75020736370175, "network_penalty_ratio": 1.7053656356409217 }, "geometry": { "type": "Point", "coordinates": [ 480917.336105463735294, 997407.780925765866414 ] } },
{ "type": "Feature", "properties": { "population_density": 18197.881, "network_distance_m": 1389.3161373698445, "straight_line_distance_m": 491.09651555789725, "network_penalty_ratio": 2.8290083381910143 }, "geometry": { "type": "Point", "coordinates": [ 480417.336105463735294, 997407.780925765866414 ] } },
{ "type": "Feature", "properties": { "population_density": 13615.486, "network_distance_m": 2073.1049324344276, "straight_line_distance_m": 973.14817153849003, "network_penalty_ratio": 2.1303075863123397 }, "geometry": { "type": "Point", "coordinates": [ 480417.336105463735294, 997907.780925765866414 ] } },
{ "type": "Feature", "properties": { "population_density": 6432.2603, "network_distance_m": 325.4934535317733, "straight_line_distance_m": 304.50917857879426, "network_penalty_ratio": 1.0689117978345246 }, "geometry": { "type": "Point", "coordinates": [ 481917.336105463735294, 997907.780925765866414 ] } },
{ "type": "Feature", "properties": { "population_density": 9794.668, "network_distance_m": 235.91342664801479, "straight_line_distance_m": 206.77932477952356, "network_penalty_ratio": 1.1408946561729765 }, "geometry": { "type": "Point", "coordinates": [ 481417.336105463735294, 997907.780925765866414 ] } },
{ "type": "Feature", "properties": { "population_density": 20005.213, "network_distance_m": 1529.3485282725865, "straight_line_distance_m": 693.71823624602769, "network_penalty_ratio": 2.2045672844762896 }, "geometry": { "type": "Point", "coordinates": [ 484917.336105463735294, 996907.780925765866414 ] } },
{ "type": "Feature", "properties": { "population_density": 13884.041, "network_distance_m": 992.05428522181842, "straight_line_distance_m": 321.07550481614516, "network_penalty_ratio": 3.0897850204732697 }, "geometry": { "type": "Point", "coordinates": [ 484417.336105463735294, 996907.780925765866414 ] } },
{ "type": "Feature", "properties": { "population_density": 20136.32, "network_distance_m": 389.85645799945064, "straight_line_distance_m": 242.27915037616182, "network_penalty_ratio": 1.6091209556999055 }, "geometry": { "type": "Point", "coordinates": [ 484417.336105463735294, 997407.780925765866414 ] } },
{ "type": "Feature", "properties": { "population_density": 20210.682, "network_distance_m": 770.69966910241897, "straight_line_distance_m": 660.94984546057037, "network_penalty_ratio": 1.166048641051382 }, "geometry": { "type": "Point", "coordinates": [ 484917.336105463735294, 997407.780925765866414 ] } },
{ "type": "Feature", "properties": { "population_density": 12085.806, "network_distance_m": 460.17934444246634, "straight_line_distance_m": 78.344770919127711, "network_penalty_ratio": 5.8737722893783397 }, "geometry": { "type": "Point", "coordinates": [ 483917.336105463735294, 997407.780925765866414 ] } },
{ "type": "Feature", "properties": { "population_density": 11885.752, "network_distance_m": 547.61172207096934, "straight_line_distance_m": 529.64397356311633, "network_penalty_ratio": 1.0339242007928027 }, "geometry": { "type": "Point", "coordinates": [ 484417.336105463735294, 997907.780925765866414 ] } },
{ "type": "Feature", "properties": { "population_density": 8756.9131, "network_distance_m": 516.65874950286434, "straight_line_distance_m": 279.32984655968772, "network_penalty_ratio": 1.8496367497644537 }, "geometry": { "type": "Point", "coordinates": [ 483917.336105463735294, 997907.780925765866414 ] } },
{ "type": "Feature", "properties": { "population_density": 15443.583, "network_distance_m": 1183.5868229464495, "straight_line_distance_m": 944.7033423929463, "network_penalty_ratio": 1.252866132502938 }, "geometry": { "type": "Point", "coordinates": [ 484917.336105463735294, 997907.780925765866414 ] } },
{ "type": "Feature", "properties": { "population_density": 16403.398, "network_distance_m": 577.06007505882042, "straight_line_distance_m": 439.714472344272, "network_penalty_ratio": 1.3123517904296187 }, "geometry": { "type": "Point", "coordinates": [ 483417.336105463735294, 997907.780925765866414 ] } },
{ "type": "Feature", "properties": { "population_density": 4055.8606, "network_distance_m": 1306.3795874447237, "straight_line_distance_m": 897.65464200350686, "network_penalty_ratio": 1.4553253849709609 }, "geometry": { "type": "Point", "coordinates": [ 484417.336105463735294, 998407.780925765866414 ] } },
{ "type": "Feature", "properties": { "population_density": 8068.5439, "network_distance_m": 226.62696171815134, "straight_line_distance_m": 162.60735827763949, "network_penalty_ratio": 1.3937066816570707 }, "geometry": { "type": "Point", "coordinates": [ 481917.336105463735294, 997407.780925765866414 ] } },
{ "type": "Feature", "properties": { "population_density": 21813.77, "network_distance_m": 507.13355818812954, "straight_line_distance_m": 426.01062047872739, "network_penalty_ratio": 1.1904246838218273 }, "geometry": { "type": "Point", "coordinates": [ 482917.336105463735294, 997407.780925765866414 ] } },
{ "type": "Feature", "properties": { "population_density": 16162.785, "network_distance_m": 861.51680232308252, "straight_line_distance_m": 603.30464595774015, "network_penalty_ratio": 1.4279963002032465 }, "geometry": { "type": "Point", "coordinates": [ 482917.336105463735294, 997907.780925765866414 ] } },
{ "type": "Feature", "properties": { "population_density": 21387.287, "network_distance_m": 1016.4765944209297, "straight_line_distance_m": 669.82940146030865, "network_penalty_ratio": 1.5175156423484675 }, "geometry": { "type": "Point", "coordinates": [ 482417.336105463735294, 997907.780925765866414 ] } },
{ "type": "Feature", "properties": { "population_density": 21681.258, "network_distance_m": 994.07950591277051, "straight_line_distance_m": 916.67973427274649, "network_penalty_ratio": 1.0844349108485851 }, "geometry": { "type": "Point", "coordinates": [ 482417.336105463735294, 998407.780925765866414 ] } },
{ "type": "Feature", "properties": { "population_density": 21901.926, "network_distance_m": 1347.5508209428258, "straight_line_distance_m": 1022.9701573886299, "network_penalty_ratio": 1.3172924070265781 }, "geometry": { "type": "Point", "coordinates": [ 482917.336105463735294, 998407.780925765866414 ] } },
{ "type": "Feature", "properties": { "population_density": 20689.771, "network_distance_m": 1150.4777149456559, "straight_line_distance_m": 935.86337905835671, "network_penalty_ratio": 1.2293222928577876 }, "geometry": { "type": "Point", "coordinates": [ 483417.336105463735294, 998407.780925765866414 ] } },
{ "type": "Feature", "properties": { "population_density": 19114.861, "network_distance_m": 1109.2831601905532, "straight_line_distance_m": 874.26638382641988, "network_penalty_ratio": 1.2688159818470093 }, "geometry": { "type": "Point", "coordinates": [ 482917.336105463735294, 998907.780925765866414 ] } },
{ "type": "Feature", "properties": { "population_density": 21299.129, "network_distance_m": 427.69271505476331, "straight_line_distance_m": 330.0444714810962, "network_penalty_ratio": 1.2958638971756267 }, "geometry": { "type": "Point", "coordinates": [ 481917.336105463735294, 998907.780925765866414 ] } },
{ "type": "Feature", "properties": { "population_density": 21868.295, "network_distance_m": 944.50883984698612, "straight_line_distance_m": 829.38213912623769, "network_penalty_ratio": 1.1388102001352904 }, "geometry": { "type": "Point", "coordinates": [ 482417.336105463735294, 998907.780925765866414 ] } },
{ "type": "Feature", "properties": { "population_density": 11209.079, "network_distance_m": 822.60484507386661, "straight_line_distance_m": 565.70282706679791, "network_penalty_ratio": 1.4541289272657882 }, "geometry": { "type": "Point", "coordinates": [ 480917.336105463735294, 997907.780925765866414 ] } },
{ "type": "Feature", "properties": { "population_density": 22545.451, "network_distance_m": 1300.62151076183, "straight_line_distance_m": 880.47963631419191, "network_penalty_ratio": 1.4771738687863463 }, "geometry": { "type": "Point", "coordinates": [ 480417.336105463735294, 998407.780925765866414 ] } },
{ "type": "Feature", "properties": { "population_density": 13139.504, "network_distance_m": 1508.8519838522452, "straight_line_distance_m": 385.02819993687842, "network_penalty_ratio": 3.9188090225588845 }, "geometry": { "type": "Point", "coordinates": [ 480917.336105463735294, 998407.780925765866414 ] } },
{ "type": "Feature", "properties": { "population_density": 23630.521, "network_distance_m": 603.65821233493273, "straight_line_distance_m": 447.20363885977633, "network_penalty_ratio": 1.3498508506640612 }, "geometry": { "type": "Point", "coordinates": [ 481917.336105463735294, 998407.780925765866414 ] } },
{ "type": "Feature", "properties": { "population_density": 21519.225, "network_distance_m": 147.10622416467268, "straight_line_distance_m": 145.7705029465632, "network_penalty_ratio": 1.0091631790458948 }, "geometry": { "type": "Point", "coordinates": [ 481417.336105463735294, 998407.780925765866414 ] } },
{ "type": "Feature", "properties": { "population_density": 17931.4, "network_distance_m": 500.36886904604046, "straight_line_distance_m": 173.15881037030229, "network_penalty_ratio": 2.8896529606318926 }, "geometry": { "type": "Point", "coordinates": [ 481417.336105463735294, 998907.780925765866414 ] } },
{ "type": "Feature", "properties": { "population_density": 23488.393, "network_distance_m": 863.0645025571215, "straight_line_distance_m": 671.56249892623975, "network_penalty_ratio": 1.2851588704507384 }, "geometry": { "type": "Point", "coordinates": [ 480917.336105463735294, 998907.780925765866414 ] } },
{ "type": "Feature", "properties": { "population_density": 18368.969, "network_distance_m": 775.63731976664542, "straight_line_distance_m": 621.16181272457402, "network_penalty_ratio": 1.2486880292342868 }, "geometry": { "type": "Point", "coordinates": [ 481917.336105463735294, 999407.780925765866414 ] } },
{ "type": "Feature", "properties": { "population_density": 21391.514, "network_distance_m": 791.72471246293344, "straight_line_distance_m": 553.98250698095239, "network_penalty_ratio": 1.4291511058311366 }, "geometry": { "type": "Point", "coordinates": [ 481417.336105463735294, 999407.780925765866414 ] } },
{ "type": "Feature", "properties": { "population_density": 23139.318, "network_distance_m": 552.46717596113854, "straight_line_distance_m": 477.27889681029262, "network_penalty_ratio": 1.157535310388407 }, "geometry": { "type": "Point", "coordinates": [ 480917.336105463735294, 999407.780925765866414 ] } },
{ "type": "Feature", "properties": { "population_density": 8721.0918, "network_distance_m": 1261.3459958604376, "straight_line_distance_m": 776.71505763553705, "network_penalty_ratio": 1.6239494567032162 }, "geometry": { "type": "Point", "coordinates": [ 483917.336105463735294, 998407.780925765866414 ] } },
{ "type": "Feature", "properties": { "population_density": 109.37509, "network_distance_m": 1127.437252020301, "straight_line_distance_m": 1228.1210982077916, "network_penalty_ratio": 0.91801798183060324 }, "geometry": { "type": "Point", "coordinates": [ 484917.336105463735294, 998407.780925765866414 ] } },
{ "type": "Feature", "properties": { "population_density": 20364.977, "network_distance_m": 1301.312401064883, "straight_line_distance_m": 849.00562811775319, "network_penalty_ratio": 1.5327488510881779 }, "geometry": { "type": "Point", "coordinates": [ 484417.336105463735294, 998907.780925765866414 ] } },
{ "type": "Feature", "properties": { "population_density": 16331.929, "network_distance_m": 828.08241770038489, "straight_line_distance_m": 544.69949342773145, "network_penalty_ratio": 1.520255531154173 }, "geometry": { "type": "Point", "coordinates": [ 483917.336105463735294, 998907.780925765866414 ] } },
{ "type": "Feature", "properties": { "population_density": 13494.789, "network_distance_m": 726.59199455324597, "straight_line_distance_m": 610.39701809988719, "network_penalty_ratio": 1.1903596724883481 }, "geometry": { "type": "Point", "coordinates": [ 483417.336105463735294, 998907.780925765866414 ] } },
{ "type": "Feature", "properties": { "population_density": 21416.869, "network_distance_m": 1660.6360411867574, "straight_line_distance_m": 1174.2237042261347, "network_penalty_ratio": 1.414241626369815 }, "geometry": { "type": "Point", "coordinates": [ 484917.336105463735294, 999407.780925765866414 ] } },
{ "type": "Feature", "properties": { "population_density": 20943.686, "network_distance_m": 1146.6182924049031, "straight_line_distance_m": 674.30578310685701, "network_penalty_ratio": 1.7004426198480325 }, "geometry": { "type": "Point", "coordinates": [ 484417.336105463735294, 999407.780925765866414 ] } },
{ "type": "Feature", "properties": { "population_density": 9480.9678, "network_distance_m": 1094.2628065668014, "straight_line_distance_m": 174.85785854847492, "network_penalty_ratio": 6.25801331235819 }, "geometry": { "type": "Point", "coordinates": [ 483917.336105463735294, 999407.780925765866414 ] } },
{ "type": "Feature", "properties": { "population_density": 21375.127, "network_distance_m": 999.41833300993198, "straight_line_distance_m": 829.79878385490713, "network_penalty_ratio": 1.2044104576377439 }, "geometry": { "type": "Point", "coordinates": [ 484417.336105463735294, 999907.780925765866414 ] } },
{ "type": "Feature", "properties": { "population_density": 20960.475, "network_distance_m": 1708.2793003692416, "straight_line_distance_m": 1269.9130049425733, "network_penalty_ratio": 1.3451939571612559 }, "geometry": { "type": "Point", "coordinates": [ 484917.336105463735294, 999907.780925765866414 ] } },
{ "type": "Feature", "properties": { "population_density": 18630.699, "network_distance_m": 181.61344721048084, "straight_line_distance_m": 211.60360830139604, "network_penalty_ratio": 0.8582719768738587 }, "geometry": { "type": "Point", "coordinates": [ 483417.336105463735294, 999407.780925765866414 ] } },
{ "type": "Feature", "properties": { "population_density": 12341.181, "network_distance_m": 690.85803702667693, "straight_line_distance_m": 550.35794793460173, "network_penalty_ratio": 1.2552885619610796 }, "geometry": { "type": "Point", "coordinates": [ 482917.336105463735294, 999407.780925765866414 ] } },
{ "type": "Feature", "properties": { "population_density": 20735.539, "network_distance_m": 1227.52122079481, "straight_line_distance_m": 982.23590706797961, "network_penalty_ratio": 1.2497213876644142 }, "geometry": { "type": "Point", "coordinates": [ 482417.336105463735294, 999407.780925765866414 ] } },
{ "type": "Feature", "properties": { "population_density": 6933.4834, "network_distance_m": 355.19910096693661, "straight_line_distance_m": 288.66632642556607, "network_penalty_ratio": 1.2304833243462026 }, "geometry": { "type": "Point", "coordinates": [ 483417.336105463735294, 999907.780925765866414 ] } },
{ "type": "Feature", "properties": { "population_density": 18966.107, "network_distance_m": 717.3025275905876, "straight_line_distance_m": 584.33383593682686, "network_penalty_ratio": 1.2275560364232205 }, "geometry": { "type": "Point", "coordinates": [ 482917.336105463735294, 999907.780925765866414 ] } },
{ "type": "Feature", "properties": { "population_density": 4482.4282, "network_distance_m": 1306.4632179991668, "straight_line_distance_m": 1048.6008848123588, "network_penalty_ratio": 1.2459108483710186 }, "geometry": { "type": "Point", "coordinates": [ 482417.336105463735294, 999907.780925765866414 ] } },
{ "type": "Feature", "properties": { "population_density": 10742.892, "network_distance_m": 1203.9131691945761, "straight_line_distance_m": 938.08218871616327, "network_penalty_ratio": 1.2833770683166075 }, "geometry": { "type": "Point", "coordinates": [ 482917.336105463735294, 1000407.780925765866414 ] } },
{ "type": "Feature", "properties": { "population_density": 8059.6729, "network_distance_m": 2054.1492104750214, "straight_line_distance_m": 1561.9434325388881, "network_penalty_ratio": 1.3151239460292545 }, "geometry": { "type": "Point", "coordinates": [ 481917.336105463735294, 1000407.780925765866414 ] } },
{ "type": "Feature", "properties": { "population_density": 4508.5425, "network_distance_m": 913.56753411243642, "straight_line_distance_m": 788.59394429445899, "network_penalty_ratio": 1.158476476673669 }, "geometry": { "type": "Point", "coordinates": [ 483417.336105463735294, 1000407.780925765866414 ] } },
{ "type": "Feature", "properties": { "population_density": 6555.1763, "network_distance_m": 2057.2949099602115, "straight_line_distance_m": 1279.8890485487882, "network_penalty_ratio": 1.607400979243389 }, "geometry": { "type": "Point", "coordinates": [ 482417.336105463735294, 1000407.780925765866414 ] } },
{ "type": "Feature", "properties": { "population_density": 7223.9893, "network_distance_m": 1451.0764701347334, "straight_line_distance_m": 1078.3110135852835, "network_penalty_ratio": 1.3456938228888524 }, "geometry": { "type": "Point", "coordinates": [ 481917.336105463735294, 999907.780925765866414 ] } },
{ "type": "Feature", "properties": { "population_density": 16323.424, "network_distance_m": 873.83406587676734, "straight_line_distance_m": 601.34768965018532, "network_penalty_ratio": 1.4531261712921724 }, "geometry": { "type": "Point", "coordinates": [ 480917.336105463735294, 999907.780925765866414 ] } },
{ "type": "Feature", "properties": { "population_density": 19227.906, "network_distance_m": 1360.1753854641634, "straight_line_distance_m": 1036.6014871398775, "network_penalty_ratio": 1.3121487884578187 }, "geometry": { "type": "Point", "coordinates": [ 481417.336105463735294, 999907.780925765866414 ] } },
{ "type": "Feature", "properties": { "population_density": 8466.0537, "network_distance_m": 1446.8653224085779, "straight_line_distance_m": 997.71886939898116, "network_penalty_ratio": 1.4501733572305386 }, "geometry": { "type": "Point", "coordinates": [ 480917.336105463735294, 1000407.780925765866414 ] } },
{ "type": "Feature", "properties": { "population_density": 13083.153, "network_distance_m": 1546.7945154667691, "straight_line_distance_m": 1307.0449654268866, "network_penalty_ratio": 1.1834286932596685 }, "geometry": { "type": "Point", "coordinates": [ 481417.336105463735294, 1000407.780925765866414 ] } },
{ "type": "Feature", "properties": { "population_density": 1649.0873, "network_distance_m": 1557.7566717609557, "straight_line_distance_m": 884.6012339250899, "network_penalty_ratio": 1.7609704938449928 }, "geometry": { "type": "Point", "coordinates": [ 480417.336105463735294, 1000407.780925765866414 ] } },
{ "type": "Feature", "properties": { "population_density": 1367.1926, "network_distance_m": 2092.3392742985989, "straight_line_distance_m": 1685.8797229206291, "network_penalty_ratio": 1.2410964114769805 }, "geometry": { "type": "Point", "coordinates": [ 481417.336105463735294, 1000907.780925765866414 ] } },
{ "type": "Feature", "properties": { "population_density": 1219.5199, "network_distance_m": 2438.1600158446699, "straight_line_distance_m": 1983.6294818764916, "network_penalty_ratio": 1.2291408441551279 }, "geometry": { "type": "Point", "coordinates": [ 481917.336105463735294, 1000907.780925765866414 ] } },
{ "type": "Feature", "properties": { "population_density": 9870.7656, "network_distance_m": 1983.1590198550898, "straight_line_distance_m": 1459.2007541328737, "network_penalty_ratio": 1.3590720908265819 }, "geometry": { "type": "Point", "coordinates": [ 480917.336105463735294, 1000907.780925765866414 ] } },
{ "type": "Feature", "properties": { "population_density": 2212.5266, "network_distance_m": 3174.4742016646355, "straight_line_distance_m": 2339.5166343361311, "network_penalty_ratio": 1.356893195403774 }, "geometry": { "type": "Point", "coordinates": [ 481917.336105463735294, 1001407.780925765866414 ] } },
{ "type": "Feature", "properties": { "population_density": 352.29813, "network_distance_m": 3619.0501184888594, "straight_line_distance_m": 1288.5777314325096, "network_penalty_ratio": 2.8085617423060443 }, "geometry": { "type": "Point", "coordinates": [ 483417.336105463735294, 1000907.780925765866414 ] } },
{ "type": "Feature", "properties": { "population_density": 0.0, "network_distance_m": 4009.1435581908272, "straight_line_distance_m": 1385.1174512482212, "network_penalty_ratio": 2.894443034110878 }, "geometry": { "type": "Point", "coordinates": [ 482917.336105463735294, 1000907.780925765866414 ] } },
{ "type": "Feature", "properties": { "population_density": 338.888, "network_distance_m": 2441.2944903825505, "straight_line_distance_m": 1636.0526084331711, "network_penalty_ratio": 1.4921858122402007 }, "geometry": { "type": "Point", "coordinates": [ 482417.336105463735294, 1000907.780925765866414 ] } },
{ "type": "Feature", "properties": { "population_density": 163.24837, "network_distance_m": 3048.8781928859166, "straight_line_distance_m": 1859.3285117800538, "network_penalty_ratio": 1.6397738073553398 }, "geometry": { "type": "Point", "coordinates": [ 482917.336105463735294, 1001407.780925765866414 ] } },
{ "type": "Feature", "properties": { "population_density": 935.828, "network_distance_m": 3061.9135859392982, "straight_line_distance_m": 2053.1001676798051, "network_penalty_ratio": 1.4913610325206619 }, "geometry": { "type": "Point", "coordinates": [ 482417.336105463735294, 1001407.780925765866414 ] } },
{ "type": "Feature", "properties": { "population_density": 2700.4199, "network_distance_m": 3275.4208787678231, "straight_line_distance_m": 1788.5705831500234, "network_penalty_ratio": 1.8313064687663401 }, "geometry": { "type": "Point", "coordinates": [ 483417.336105463735294, 1001407.780925765866414 ] } },
{ "type": "Feature", "properties": { "population_density": 315.63959, "network_distance_m": 3908.3834555840886, "straight_line_distance_m": 2740.7827792988851, "network_penalty_ratio": 1.4260099286612875 }, "geometry": { "type": "Point", "coordinates": [ 481917.336105463735294, 1001907.780925765866414 ] } },
{ "type": "Feature", "properties": { "population_density": 747.19781, "network_distance_m": 3061.9135859392982, "straight_line_distance_m": 2500.754378081283, "network_penalty_ratio": 1.2243959713822705 }, "geometry": { "type": "Point", "coordinates": [ 482417.336105463735294, 1001907.780925765866414 ] } },
{ "type": "Feature", "properties": { "population_density": 952.38153, "network_distance_m": 2873.4829129016607, "straight_line_distance_m": 2344.281270599603, "network_penalty_ratio": 1.2257415306511843 }, "geometry": { "type": "Point", "coordinates": [ 482917.336105463735294, 1001907.780925765866414 ] } },
{ "type": "Feature", "properties": { "population_density": 0.0, "network_distance_m": 4027.0321740445834, "straight_line_distance_m": 2288.566558323239, "network_penalty_ratio": 1.7596307869652101 }, "geometry": { "type": "Point", "coordinates": [ 483417.336105463735294, 1001907.780925765866414 ] } },
{ "type": "Feature", "properties": { "population_density": 13882.339, "network_distance_m": 511.23559730966753, "straight_line_distance_m": 323.06665332296802, "network_penalty_ratio": 1.5824461981800022 }, "geometry": { "type": "Point", "coordinates": [ 478417.336105463735294, 996907.780925765866414 ] } },
{ "type": "Feature", "properties": { "population_density": 20126.582, "network_distance_m": 254.11298138580594, "straight_line_distance_m": 177.66258020322124, "network_penalty_ratio": 1.4303123431796165 }, "geometry": { "type": "Point", "coordinates": [ 477917.336105463735294, 996907.780925765866414 ] } },
{ "type": "Feature", "properties": { "population_density": 13852.115, "network_distance_m": 240.45927684573203, "straight_line_distance_m": 178.83744484629173, "network_penalty_ratio": 1.3445689578734665 }, "geometry": { "type": "Point", "coordinates": [ 477417.336105463735294, 997407.780925765866414 ] } },
{ "type": "Feature", "properties": { "population_density": 20883.514, "network_distance_m": 931.88708797311597, "straight_line_distance_m": 562.43388488259495, "network_penalty_ratio": 1.656882903076941 }, "geometry": { "type": "Point", "coordinates": [ 478417.336105463735294, 997407.780925765866414 ] } },
{ "type": "Feature", "properties": { "population_density": 20105.375, "network_distance_m": 677.83912736360537, "straight_line_distance_m": 448.53424467945604, "network_penalty_ratio": 1.511231606960181 }, "geometry": { "type": "Point", "coordinates": [ 477917.336105463735294, 997407.780925765866414 ] } },
{ "type": "Feature", "properties": { "population_density": 20643.445, "network_distance_m": 1079.6104974848661, "straight_line_distance_m": 781.49007438073932, "network_penalty_ratio": 1.3814769155454218 }, "geometry": { "type": "Point", "coordinates": [ 477917.336105463735294, 997907.780925765866414 ] } },
{ "type": "Feature", "properties": { "population_density": 11068.802, "network_distance_m": 1468.8078819839084, "straight_line_distance_m": 998.27334374698057, "network_penalty_ratio": 1.4713483948903159 }, "geometry": { "type": "Point", "coordinates": [ 478417.336105463735294, 997907.780925765866414 ] } },
{ "type": "Feature", "properties": { "population_density": 21403.168, "network_distance_m": 810.35890790379017, "straight_line_distance_m": 664.35184557738751, "network_penalty_ratio": 1.2197736986784586 }, "geometry": { "type": "Point", "coordinates": [ 477417.336105463735294, 997907.780925765866414 ] } },
{ "type": "Feature", "properties": { "population_density": 933.95013, "network_distance_m": 1756.7591359431265, "straight_line_distance_m": 1232.9924995964318, "network_penalty_ratio": 1.4247930433624922 }, "geometry": { "type": "Point", "coordinates": [ 477917.336105463735294, 998407.780925765866414 ] } },
{ "type": "Feature", "properties": { "population_density": 8002.6797, "network_distance_m": 1950.0907875622697, "straight_line_distance_m": 1475.3872246998164, "network_penalty_ratio": 1.3217484568900459 }, "geometry": { "type": "Point", "coordinates": [ 478417.336105463735294, 998407.780925765866414 ] } },
{ "type": "Feature", "properties": { "population_density": 16789.211, "network_distance_m": 211.64334042949213, "straight_line_distance_m": 172.136640608075, "network_penalty_ratio": 1.2295077891717834 }, "geometry": { "type": "Point", "coordinates": [ 476417.336105463735294, 997407.780925765866414 ] } },
{ "type": "Feature", "properties": { "population_density": 24757.359, "network_distance_m": 268.72196085258622, "straight_line_distance_m": 40.63739161652601, "network_penalty_ratio": 6.6126773929876208 }, "geometry": { "type": "Point", "coordinates": [ 476917.336105463735294, 997407.780925765866414 ] } },
{ "type": "Feature", "properties": { "population_density": 20268.82, "network_distance_m": 186.74989915761205, "straight_line_distance_m": 141.41059685185397, "network_penalty_ratio": 1.3206216741540022 }, "geometry": { "type": "Point", "coordinates": [ 475917.336105463735294, 997407.780925765866414 ] } },
{ "type": "Feature", "properties": { "population_density": 23761.186, "network_distance_m": 771.67163369702405, "straight_line_distance_m": 343.40706131662978, "network_penalty_ratio": 2.2471047355241298 }, "geometry": { "type": "Point", "coordinates": [ 476417.336105463735294, 997907.780925765866414 ] } },
{ "type": "Feature", "properties": { "population_density": 9906.252, "network_distance_m": 363.90514797004232, "straight_line_distance_m": 164.35232014128957, "network_penalty_ratio": 2.2141771266581585 }, "geometry": { "type": "Point", "coordinates": [ 475917.336105463735294, 997907.780925765866414 ] } },
{ "type": "Feature", "properties": { "population_density": 23345.863, "network_distance_m": 561.5444879253115, "straight_line_distance_m": 343.22108256637586, "network_penalty_ratio": 1.6361013831856144 }, "geometry": { "type": "Point", "coordinates": [ 476917.336105463735294, 997907.780925765866414 ] } },
{ "type": "Feature", "properties": { "population_density": 2747.28, "network_distance_m": 1297.6433927311441, "straight_line_distance_m": 828.11475515642599, "network_penalty_ratio": 1.5669849916948129 }, "geometry": { "type": "Point", "coordinates": [ 476917.336105463735294, 998407.780925765866414 ] } },
{ "type": "Feature", "properties": { "population_density": 10392.881, "network_distance_m": 1040.7782300929566, "straight_line_distance_m": 560.70220566083708, "network_penalty_ratio": 1.8562049865067101 }, "geometry": { "type": "Point", "coordinates": [ 476417.336105463735294, 998407.780925765866414 ] } },
{ "type": "Feature", "properties": { "population_density": 975.36792, "network_distance_m": 1425.7755392692479, "straight_line_distance_m": 1031.9777273795144, "network_penalty_ratio": 1.3815952626125938 }, "geometry": { "type": "Point", "coordinates": [ 477417.336105463735294, 998407.780925765866414 ] } },
{ "type": "Feature", "properties": { "population_density": 23708.711, "network_distance_m": 103.4768745186694, "straight_line_distance_m": 101.90403398838588, "network_penalty_ratio": 1.0154345266691089 }, "geometry": { "type": "Point", "coordinates": [ 475917.336105463735294, 998407.780925765866414 ] } },
{ "type": "Feature", "properties": { "population_density": 6125.4814, "network_distance_m": 573.58970833281728, "straight_line_distance_m": 481.72096530156506, "network_penalty_ratio": 1.1907094555740187 }, "geometry": { "type": "Point", "coordinates": [ 479917.336105463735294, 996907.780925765866414 ] } },
{ "type": "Feature", "properties": { "population_density": 22815.568, "network_distance_m": 1230.114414569123, "straight_line_distance_m": 409.07555046312132, "network_penalty_ratio": 3.0070592416889492 }, "geometry": { "type": "Point", "coordinates": [ 478917.336105463735294, 997407.780925765866414 ] } },
{ "type": "Feature", "properties": { "population_density": 18390.078, "network_distance_m": 1165.3277232837768, "straight_line_distance_m": 687.61034842133438, "network_penalty_ratio": 1.6947501240480463 }, "geometry": { "type": "Point", "coordinates": [ 479917.336105463735294, 997407.780925765866414 ] } },
{ "type": "Feature", "properties": { "population_density": 21776.365, "network_distance_m": 1065.2391556267919, "straight_line_distance_m": 533.81074066814176, "network_penalty_ratio": 1.9955371341788481 }, "geometry": { "type": "Point", "coordinates": [ 479417.336105463735294, 997407.780925765866414 ] } },
{ "type": "Feature", "properties": { "population_density": 1773.9661, "network_distance_m": 1445.991462027687, "straight_line_distance_m": 965.36121101457024, "network_penalty_ratio": 1.4978760753272722 }, "geometry": { "type": "Point", "coordinates": [ 479417.336105463735294, 997907.780925765866414 ] } },
{ "type": "Feature", "properties": { "population_density": 14065.27, "network_distance_m": 1809.961223858355, "straight_line_distance_m": 1101.6173991459766, "network_penalty_ratio": 1.6430034831162965 }, "geometry": { "type": "Point", "coordinates": [ 479917.336105463735294, 997907.780925765866414 ] } },
{ "type": "Feature", "properties": { "population_density": 3600.988, "network_distance_m": 1766.5742995724561, "straight_line_distance_m": 898.25912252473518, "network_penalty_ratio": 1.9666644682740868 }, "geometry": { "type": "Point", "coordinates": [ 478917.336105463735294, 997907.780925765866414 ] } },
{ "type": "Feature", "properties": { "population_density": 459.5751, "network_distance_m": 2269.2791810209355, "straight_line_distance_m": 1238.6687005572307, "network_penalty_ratio": 1.8320307762681591 }, "geometry": { "type": "Point", "coordinates": [ 479917.336105463735294, 998407.780925765866414 ] } },
{ "type": "Feature", "properties": { "population_density": 2965.5771, "network_distance_m": 1959.6034049050743, "straight_line_distance_m": 1439.2529009676232, "network_penalty_ratio": 1.361542091447316 }, "geometry": { "type": "Point", "coordinates": [ 479417.336105463735294, 998407.780925765866414 ] } },
{ "type": "Feature", "properties": { "population_density": 1593.4546, "network_distance_m": 2525.4672073168585, "straight_line_distance_m": 1206.3168940847652, "network_penalty_ratio": 2.0935354712353051 }, "geometry": { "type": "Point", "coordinates": [ 479417.336105463735294, 998907.780925765866414 ] } },
{ "type": "Feature", "properties": { "population_density": 10414.503, "network_distance_m": 493.09525580358957, "straight_line_distance_m": 86.055463282629105, "network_penalty_ratio": 5.7299703818237919 }, "geometry": { "type": "Point", "coordinates": [ 475917.336105463735294, 998907.780925765866414 ] } },
{ "type": "Feature", "properties": { "population_density": 5206.8936, "network_distance_m": 1552.0408601892216, "straight_line_distance_m": 489.64682253236163, "network_penalty_ratio": 3.1697149634554087 }, "geometry": { "type": "Point", "coordinates": [ 476417.336105463735294, 998907.780925765866414 ] } },
{ "type": "Feature", "properties": { "population_density": 2116.5322, "network_distance_m": 3525.8907462352945, "straight_line_distance_m": 1460.46272324806, "network_penalty_ratio": 2.4142285113540836 }, "geometry": { "type": "Point", "coordinates": [ 477417.336105463735294, 998907.780925765866414 ] } },
{ "type": "Feature", "properties": { "population_density": 7332.2002, "network_distance_m": 1746.9730002658907, "straight_line_distance_m": 985.95257435197573, "network_penalty_ratio": 1.7718631156413391 }, "geometry": { "type": "Point", "coordinates": [ 476917.336105463735294, 998907.780925765866414 ] } },
{ "type": "Feature", "properties": { "population_density": 1655.1893, "network_distance_m": 2803.0939945433047, "straight_line_distance_m": 1593.3225137800414, "network_penalty_ratio": 1.7592759597008196 }, "geometry": { "type": "Point", "coordinates": [ 477417.336105463735294, 999407.780925765866414 ] } },
{ "type": "Feature", "properties": { "population_density": 8726.3008, "network_distance_m": 1129.7091569369168, "straight_line_distance_m": 757.61447769155689, "network_penalty_ratio": 1.4911398741733768 }, "geometry": { "type": "Point", "coordinates": [ 476417.336105463735294, 999407.780925765866414 ] } },
{ "type": "Feature", "properties": { "population_density": 22235.859, "network_distance_m": 904.28571313064629, "straight_line_distance_m": 539.99738120695747, "network_penalty_ratio": 1.6746112936871318 }, "geometry": { "type": "Point", "coordinates": [ 475917.336105463735294, 999407.780925765866414 ] } },
{ "type": "Feature", "properties": { "population_density": 1426.0759, "network_distance_m": 2427.0624058752301, "straight_line_distance_m": 1142.947140012652, "network_penalty_ratio": 2.1235123838258727 }, "geometry": { "type": "Point", "coordinates": [ 476917.336105463735294, 999407.780925765866414 ] } },
{ "type": "Feature", "properties": { "population_density": 6948.4551, "network_distance_m": 1798.6574210469757, "straight_line_distance_m": 1463.0631739111313, "network_penalty_ratio": 1.2293778239518651 }, "geometry": { "type": "Point", "coordinates": [ 476917.336105463735294, 999907.780925765866414 ] } },
{ "type": "Feature", "properties": { "population_density": 23608.541, "network_distance_m": 1302.7258480507942, "straight_line_distance_m": 925.36172234906223, "network_penalty_ratio": 1.4078017456176815 }, "geometry": { "type": "Point", "coordinates": [ 475917.336105463735294, 999907.780925765866414 ] } },
{ "type": "Feature", "properties": { "population_density": 17017.912, "network_distance_m": 1212.0874549178902, "straight_line_distance_m": 817.3885540226903, "network_penalty_ratio": 1.4828779396931013 }, "geometry": { "type": "Point", "coordinates": [ 479917.336105463735294, 998907.780925765866414 ] } },
{ "type": "Feature", "properties": { "population_density": 11370.229, "network_distance_m": 748.88393975739757, "straight_line_distance_m": 617.29056978079166, "network_penalty_ratio": 1.2131789734344014 }, "geometry": { "type": "Point", "coordinates": [ 480417.336105463735294, 998907.780925765866414 ] } },
{ "type": "Feature", "properties": { "population_density": 1509.369, "network_distance_m": 2492.0490698952353, "straight_line_distance_m": 1655.9821405019213, "network_penalty_ratio": 1.5048767791299402 }, "geometry": { "type": "Point", "coordinates": [ 478917.336105463735294, 998907.780925765866414 ] } },
{ "type": "Feature", "properties": { "population_density": 125.52863, "network_distance_m": 2329.5357694187223, "straight_line_distance_m": 1541.4605892362251, "network_penalty_ratio": 1.511252240690097 }, "geometry": { "type": "Point", "coordinates": [ 478917.336105463735294, 999407.780925765866414 ] } },
{ "type": "Feature", "properties": { "population_density": 21182.096, "network_distance_m": 115.80628156895037, "straight_line_distance_m": 121.94894852953885, "network_penalty_ratio": 0.9496291929150944 }, "geometry": { "type": "Point", "coordinates": [ 480417.336105463735294, 999407.780925765866414 ] } },
{ "type": "Feature", "properties": { "population_density": 96.767365, "network_distance_m": 1786.2421742015306, "straight_line_distance_m": 1043.5632934621074, "network_penalty_ratio": 1.7116759332110318 }, "geometry": { "type": "Point", "coordinates": [ 479417.336105463735294, 999407.780925765866414 ] } },
{ "type": "Feature", "properties": { "population_density": 8686.6816, "network_distance_m": 750.21749548641628, "straight_line_distance_m": 549.4979042311902, "network_penalty_ratio": 1.3652781743290823 }, "geometry": { "type": "Point", "coordinates": [ 479917.336105463735294, 999407.780925765866414 ] } },
{ "type": "Feature", "properties": { "population_density": 312.75577, "network_distance_m": 2012.3602680427853, "straight_line_distance_m": 1584.2741702987071, "network_penalty_ratio": 1.270209604984827 }, "geometry": { "type": "Point", "coordinates": [ 478917.336105463735294, 999907.780925765866414 ] } },
{ "type": "Feature", "properties": { "population_density": 8887.8164, "network_distance_m": 1214.1621674059934, "straight_line_distance_m": 1105.8246904318271, "network_penalty_ratio": 1.0979698481247151 }, "geometry": { "type": "Point", "coordinates": [ 479417.336105463735294, 999907.780925765866414 ] } },
{ "type": "Feature", "properties": { "population_density": 14952.8, "network_distance_m": 658.51867169755246, "straight_line_distance_m": 660.13017296714747, "network_penalty_ratio": 0.99755881288935533 }, "geometry": { "type": "Point", "coordinates": [ 479917.336105463735294, 999907.780925765866414 ] } },
{ "type": "Feature", "properties": { "population_density": 741.85657, "network_distance_m": 2102.9991431663834, "straight_line_distance_m": 1395.1330031259058, "network_penalty_ratio": 1.5073825495163884 }, "geometry": { "type": "Point", "coordinates": [ 478917.336105463735294, 998407.780925765866414 ] } },
{ "type": "Feature", "properties": { "population_density": 2361.6562, "network_distance_m": 2403.7831768758092, "straight_line_distance_m": 1897.1068522193261, "network_penalty_ratio": 1.2670784326479814 }, "geometry": { "type": "Point", "coordinates": [ 478417.336105463735294, 998907.780925765866414 ] } },
{ "type": "Feature", "properties": { "population_density": 0.0, "network_distance_m": 3192.8123653664256, "straight_line_distance_m": 1711.6700242063305, "network_penalty_ratio": 1.8653200209233514 }, "geometry": { "type": "Point", "coordinates": [ 477917.336105463735294, 998907.780925765866414 ] } },
{ "type": "Feature", "properties": { "population_density": 1806.1722, "network_distance_m": 2812.0981031100846, "straight_line_distance_m": 2040.3865194799491, "network_penalty_ratio": 1.3782183308223523 }, "geometry": { "type": "Point", "coordinates": [ 478417.336105463735294, 999407.780925765866414 ] } },
{ "type": "Feature", "properties": { "population_density": 0.0, "network_distance_m": 2875.4141229856737, "straight_line_distance_m": 2066.6458576576688, "network_penalty_ratio": 1.3913434236113684 }, "geometry": { "type": "Point", "coordinates": [ 477917.336105463735294, 999407.780925765866414 ] } },
{ "type": "Feature", "properties": { "population_density": 0.0, "network_distance_m": 3702.2716052671585, "straight_line_distance_m": 2259.4802028266176, "network_penalty_ratio": 1.6385501411499883 }, "geometry": { "type": "Point", "coordinates": [ 477917.336105463735294, 999907.780925765866414 ] } },
{ "type": "Feature", "properties": { "population_density": 454.63144, "network_distance_m": 2985.4363613050755, "straight_line_distance_m": 2072.9208975218198, "network_penalty_ratio": 1.440207566470177 }, "geometry": { "type": "Point", "coordinates": [ 478417.336105463735294, 999907.780925765866414 ] } },
{ "type": "Feature", "properties": { "population_density": 0.0, "network_distance_m": 2926.2536798255783, "straight_line_distance_m": 2063.1380605794766, "network_penalty_ratio": 1.4183508780811678 }, "geometry": { "type": "Point", "coordinates": [ 477917.336105463735294, 1000407.780925765866414 ] } },
{ "type": "Feature", "properties": { "population_density": 5518.248, "network_distance_m": 2628.5534107221029, "straight_line_distance_m": 2220.546091818369, "network_penalty_ratio": 1.1837418824166912 }, "geometry": { "type": "Point", "coordinates": [ 478417.336105463735294, 1000407.780925765866414 ] } },
{ "type": "Feature", "properties": { "population_density": 0.0, "network_distance_m": 2669.0890136038233, "straight_line_distance_m": 1366.1527433285337, "network_penalty_ratio": 1.9537266434064893 }, "geometry": { "type": "Point", "coordinates": [ 477417.336105463735294, 1000907.780925765866414 ] } },
{ "type": "Feature", "properties": { "population_density": 1715.8318, "network_distance_m": 951.30388428013805, "straight_line_distance_m": 385.61048294182285, "network_penalty_ratio": 2.4670073205029062 }, "geometry": { "type": "Point", "coordinates": [ 480417.336105463735294, 999907.780925765866414 ] } },
{ "type": "Feature", "properties": { "population_density": 4379.7114, "network_distance_m": 2029.3014455427822, "straight_line_distance_m": 1773.0619123941563, "network_penalty_ratio": 1.1445180968343216 }, "geometry": { "type": "Point", "coordinates": [ 478917.336105463735294, 1000407.780925765866414 ] } },
{ "type": "Feature", "properties": { "population_density": 2403.3394, "network_distance_m": 1161.512747700519, "straight_line_distance_m": 1034.2126201941271, "network_penalty_ratio": 1.1230889326050739 }, "geometry": { "type": "Point", "coordinates": [ 479917.336105463735294, 1000407.780925765866414 ] } },
{ "type": "Feature", "properties": { "population_density": 12363.121, "network_distance_m": 1549.2432631396789, "straight_line_distance_m": 1362.5975724607072, "network_penalty_ratio": 1.136977853513939 }, "geometry": { "type": "Point", "coordinates": [ 479417.336105463735294, 1000407.780925765866414 ] } },
{ "type": "Feature", "properties": { "population_density": 6231.3413, "network_distance_m": 1844.6744475461508, "straight_line_distance_m": 1484.392010984958, "network_penalty_ratio": 1.2427138073332327 }, "geometry": { "type": "Point", "coordinates": [ 479917.336105463735294, 1000907.780925765866414 ] } },
{ "type": "Feature", "properties": { "population_density": 859.8028, "network_distance_m": 2603.4548587301329, "straight_line_distance_m": 2068.2293015258215, "network_penalty_ratio": 1.2587844378809703 }, "geometry": { "type": "Point", "coordinates": [ 478917.336105463735294, 1000907.780925765866414 ] } },
{ "type": "Feature", "properties": { "population_density": 1703.2924, "network_distance_m": 2276.8987736006052, "straight_line_distance_m": 1384.3204981394147, "network_penalty_ratio": 1.6447771861074465 }, "geometry": { "type": "Point", "coordinates": [ 480417.336105463735294, 1000907.780925765866414 ] } },
{ "type": "Feature", "properties": { "population_density": 1239.0826, "network_distance_m": 2525.5312697166901, "straight_line_distance_m": 1729.3050751625572, "network_penalty_ratio": 1.4604313061877103 }, "geometry": { "type": "Point", "coordinates": [ 479417.336105463735294, 1000907.780925765866414 ] } },
{ "type": "Feature", "properties": { "population_density": 915.29492, "network_distance_m": 2495.5227189945758, "straight_line_distance_m": 1884.1887219904811, "network_penalty_ratio": 1.3244547586285698 }, "geometry": { "type": "Point", "coordinates": [ 480417.336105463735294, 1001407.780925765866414 ] } },
{ "type": "Feature", "properties": { "population_density": 359.21051, "network_distance_m": 3079.1865170519218, "straight_line_distance_m": 1958.8883431127801, "network_penalty_ratio": 1.5719050694634933 }, "geometry": { "type": "Point", "coordinates": [ 479917.336105463735294, 1001407.780925765866414 ] } },
{ "type": "Feature", "properties": { "population_density": 0.0, "network_distance_m": 2546.504226320807, "straight_line_distance_m": 1836.5463018693983, "network_penalty_ratio": 1.3865722980840456 }, "geometry": { "type": "Point", "coordinates": [ 477417.336105463735294, 999907.780925765866414 ] } },
{ "type": "Feature", "properties": { "population_density": 18103.154, "network_distance_m": 1416.056450957941, "straight_line_distance_m": 1186.6782979391101, "network_penalty_ratio": 1.1932943017641675 }, "geometry": { "type": "Point", "coordinates": [ 476417.336105463735294, 999907.780925765866414 ] } },
{ "type": "Feature", "properties": { "population_density": 1505.9464, "network_distance_m": 2019.9319016819472, "straight_line_distance_m": 1253.4951527207691, "network_penalty_ratio": 1.6114397389551862 }, "geometry": { "type": "Point", "coordinates": [ 476417.336105463735294, 1000407.780925765866414 ] } },
{ "type": "Feature", "properties": { "population_density": 22506.432, "network_distance_m": 1485.7022013764911, "straight_line_distance_m": 1294.6636287167687, "network_penalty_ratio": 1.1475584610722973 }, "geometry": { "type": "Point", "coordinates": [ 475917.336105463735294, 1000407.780925765866414 ] } },
{ "type": "Feature", "properties": { "population_density": 94.606339, "network_distance_m": 2598.9587012611637, "straight_line_distance_m": 1691.5798741529325, "network_penalty_ratio": 1.5364090936365662 }, "geometry": { "type": "Point", "coordinates": [ 477417.336105463735294, 1000407.780925765866414 ] } },
{ "type": "Feature", "properties": { "population_density": 1502.8601, "network_distance_m": 2332.8239886947863, "straight_line_distance_m": 1402.2646983600698, "network_penalty_ratio": 1.6636117213982449 }, "geometry": { "type": "Point", "coordinates": [ 476917.336105463735294, 1000407.780925765866414 ] } },
{ "type": "Feature", "properties": { "population_density": 2870.5183, "network_distance_m": 1698.0253715709262, "straight_line_distance_m": 759.06583730220132, "network_penalty_ratio": 2.2369935361679354 }, "geometry": { "type": "Point", "coordinates": [ 476417.336105463735294, 1000907.780925765866414 ] } },
{ "type": "Feature", "properties": { "population_density": 2671.1895, "network_distance_m": 1614.2476597889224, "straight_line_distance_m": 985.53393230861684, "network_penalty_ratio": 1.6379422431529489 }, "geometry": { "type": "Point", "coordinates": [ 476917.336105463735294, 1000907.780925765866414 ] } },
{ "type": "Feature", "properties": { "population_density": 4328.5708, "network_distance_m": 1042.8378322345111, "straight_line_distance_m": 284.80132166849182, "network_penalty_ratio": 3.6616326993326678 }, "geometry": { "type": "Point", "coordinates": [ 476417.336105463735294, 1001407.780925765866414 ] } },
{ "type": "Feature", "properties": { "population_density": 22491.32, "network_distance_m": 387.734056787111, "straight_line_distance_m": 431.29526597416589, "network_penalty_ratio": 0.89899910195243327 }, "geometry": { "type": "Point", "coordinates": [ 475917.336105463735294, 1001407.780925765866414 ] } },
{ "type": "Feature", "properties": { "population_density": 19422.908, "network_distance_m": 1639.245527206966, "straight_line_distance_m": 1305.2516070390882, "network_penalty_ratio": 1.2558847032761216 }, "geometry": { "type": "Point", "coordinates": [ 475417.336105463735294, 1000407.780925765866414 ] } },
{ "type": "Feature", "properties": { "population_density": 20373.078, "network_distance_m": 1665.032019308685, "straight_line_distance_m": 1027.3348382180659, "network_penalty_ratio": 1.6207296368890969 }, "geometry": { "type": "Point", "coordinates": [ 474917.336105463735294, 1000407.780925765866414 ] } },
{ "type": "Feature", "properties": { "population_density": 23099.814, "network_distance_m": 927.94760143881081, "straight_line_distance_m": 620.75428665575726, "network_penalty_ratio": 1.4948710325272538 }, "geometry": { "type": "Point", "coordinates": [ 474417.336105463735294, 1000407.780925765866414 ] } },
{ "type": "Feature", "properties": { "population_density": 18002.947, "network_distance_m": 1231.9185925272873, "straight_line_distance_m": 985.56446990508198, "network_penalty_ratio": 1.2499624632835347 }, "geometry": { "type": "Point", "coordinates": [ 475417.336105463735294, 1000907.780925765866414 ] } },
{ "type": "Feature", "properties": { "population_density": 22707.01, "network_distance_m": 1041.4669030075843, "straight_line_distance_m": 825.27859477081961, "network_penalty_ratio": 1.2619579734729462 }, "geometry": { "type": "Point", "coordinates": [ 475917.336105463735294, 1000907.780925765866414 ] } },
{ "type": "Feature", "properties": { "population_density": 2497.6414, "network_distance_m": 1126.7475193099342, "straight_line_distance_m": 680.53630302937518, "network_penalty_ratio": 1.6556758460853167 }, "geometry": { "type": "Point", "coordinates": [ 474917.336105463735294, 1000907.780925765866414 ] } },
{ "type": "Feature", "properties": { "population_density": 5212.3374, "network_distance_m": 389.60670135555932, "straight_line_distance_m": 180.69600858446049, "network_penalty_ratio": 2.1561444793809614 }, "geometry": { "type": "Point", "coordinates": [ 474417.336105463735294, 1001407.780925765866414 ] } },
{ "type": "Feature", "properties": { "population_density": 23971.773, "network_distance_m": 699.17206073297007, "straight_line_distance_m": 564.22601389066131, "network_penalty_ratio": 1.2391701969070488 }, "geometry": { "type": "Point", "coordinates": [ 475417.336105463735294, 1001407.780925765866414 ] } },
{ "type": "Feature", "properties": { "population_density": 17840.434, "network_distance_m": 400.60451885425749, "straight_line_distance_m": 371.54584285539175, "network_penalty_ratio": 1.0782102035526624 }, "geometry": { "type": "Point", "coordinates": [ 474917.336105463735294, 1001407.780925765866414 ] } },
{ "type": "Feature", "properties": { "population_density": 7992.7998, "network_distance_m": 402.04800382607635, "straight_line_distance_m": 382.67849725918074, "network_penalty_ratio": 1.0506156125981048 }, "geometry": { "type": "Point", "coordinates": [ 474417.336105463735294, 1001907.780925765866414 ] } },
{ "type": "Feature", "properties": { "population_density": 1848.22, "network_distance_m": 2754.144633617886, "straight_line_distance_m": 2270.8072773462886, "network_penalty_ratio": 1.2128482505289639 }, "geometry": { "type": "Point", "coordinates": [ 478417.336105463735294, 1000907.780925765866414 ] } },
{ "type": "Feature", "properties": { "population_density": 482.39539, "network_distance_m": 2821.1256807907589, "straight_line_distance_m": 1805.9539043055534, "network_penalty_ratio": 1.5621249656843104 }, "geometry": { "type": "Point", "coordinates": [ 477917.336105463735294, 1000907.780925765866414 ] } },
{ "type": "Feature", "properties": { "population_density": 2952.3743, "network_distance_m": 1295.2122612594389, "straight_line_distance_m": 1171.0269704703246, "network_penalty_ratio": 1.1060481901106318 }, "geometry": { "type": "Point", "coordinates": [ 477417.336105463735294, 1001407.780925765866414 ] } },
{ "type": "Feature", "properties": { "population_density": 13302.526, "network_distance_m": 2065.2548642246711, "straight_line_distance_m": 1663.2499367026292, "network_penalty_ratio": 1.2416984475099464 }, "geometry": { "type": "Point", "coordinates": [ 477917.336105463735294, 1001407.780925765866414 ] } },
{ "type": "Feature", "properties": { "population_density": 11070.546, "network_distance_m": 2550.4396075214995, "straight_line_distance_m": 2159.0499156605188, "network_penalty_ratio": 1.1812786675389313 }, "geometry": { "type": "Point", "coordinates": [ 478417.336105463735294, 1001407.780925765866414 ] } },
{ "type": "Feature", "properties": { "population_density": 1994.4739, "network_distance_m": 2815.5126674657972, "straight_line_distance_m": 2160.1915159954037, "network_penalty_ratio": 1.3033625243956322 }, "geometry": { "type": "Point", "coordinates": [ 478417.336105463735294, 1001907.780925765866414 ] } },
{ "type": "Feature", "properties": { "population_density": 4314.4067, "network_distance_m": 3210.3809678894895, "straight_line_distance_m": 2657.3527376227103, "network_penalty_ratio": 1.2081124656267963 }, "geometry": { "type": "Point", "coordinates": [ 478917.336105463735294, 1001907.780925765866414 ] } },
{ "type": "Feature", "properties": { "population_density": 0.0, "network_distance_m": 1899.1339082441989, "straight_line_distance_m": 1664.7315697751778, "network_penalty_ratio": 1.1408048857394331 }, "geometry": { "type": "Point", "coordinates": [ 477917.336105463735294, 1001907.780925765866414 ] } },
{ "type": "Feature", "properties": { "population_density": 400.48294, "network_distance_m": 2008.601615072183, "straight_line_distance_m": 1173.1304330865064, "network_penalty_ratio": 1.712172456209794 }, "geometry": { "type": "Point", "coordinates": [ 477417.336105463735294, 1001907.780925765866414 ] } },
{ "type": "Feature", "properties": { "population_density": 0.0, "network_distance_m": 4198.509079655294, "straight_line_distance_m": 2274.0620557151356, "network_penalty_ratio": 1.8462596784039687 }, "geometry": { "type": "Point", "coordinates": [ 478417.336105463735294, 1002407.780925765866414 ] } },
{ "type": "Feature", "properties": { "population_density": 11859.188, "network_distance_m": 682.66417898570853, "straight_line_distance_m": 626.3828273865139, "network_penalty_ratio": 1.0898513642751348 }, "geometry": { "type": "Point", "coordinates": [ 488417.336105463735294, 996907.780925765866414 ] } },
{ "type": "Feature", "properties": { "population_density": 10819.543, "network_distance_m": 178.98911860581009, "straight_line_distance_m": 153.2638675797709, "network_penalty_ratio": 1.1678494183415389 }, "geometry": { "type": "Point", "coordinates": [ 487917.336105463735294, 997407.780925765866414 ] } },
{ "type": "Feature", "properties": { "population_density": 20136.451, "network_distance_m": 197.93004534871798, "straight_line_distance_m": 192.72513551630686, "network_penalty_ratio": 1.0270069071087551 }, "geometry": { "type": "Point", "coordinates": [ 486917.336105463735294, 997407.780925765866414 ] } },
{ "type": "Feature", "properties": { "population_density": 14366.735, "network_distance_m": 606.49024434228579, "straight_line_distance_m": 502.76003386714893, "network_penalty_ratio": 1.2063215122277338 }, "geometry": { "type": "Point", "coordinates": [ 487417.336105463735294, 997407.780925765866414 ] } },
{ "type": "Feature", "properties": { "population_density": 6906.2412, "network_distance_m": 597.25180065623749, "straight_line_distance_m": 504.70642749546062, "network_penalty_ratio": 1.1833647604212634 }, "geometry": { "type": "Point", "coordinates": [ 486917.336105463735294, 997907.780925765866414 ] } },
{ "type": "Feature", "properties": { "population_density": 2308.8372, "network_distance_m": 765.1686787241814, "straight_line_distance_m": 652.18581801332414, "network_penalty_ratio": 1.1732372241012898 }, "geometry": { "type": "Point", "coordinates": [ 487917.336105463735294, 997907.780925765866414 ] } },
{ "type": "Feature", "properties": { "population_density": 10901.959, "network_distance_m": 1025.614972306051, "straight_line_distance_m": 809.08848698167492, "network_penalty_ratio": 1.2676178054790195 }, "geometry": { "type": "Point", "coordinates": [ 487417.336105463735294, 997907.780925765866414 ] } },
{ "type": "Feature", "properties": { "population_density": 498.80893, "network_distance_m": 1303.5787039340878, "straight_line_distance_m": 1152.0429112363427, "network_penalty_ratio": 1.1315365870661196 }, "geometry": { "type": "Point", "coordinates": [ 487917.336105463735294, 998407.780925765866414 ] } },
{ "type": "Feature", "properties": { "population_density": 14903.132, "network_distance_m": 367.06446424848292, "straight_line_distance_m": 255.62697994160698, "network_penalty_ratio": 1.4359378823484581 }, "geometry": { "type": "Point", "coordinates": [ 486917.336105463735294, 998407.780925765866414 ] } },
{ "type": "Feature", "properties": { "population_density": 5904.0093, "network_distance_m": 1359.0495293052277, "straight_line_distance_m": 750.72341974912513, "network_penalty_ratio": 1.8103198775381104 }, "geometry": { "type": "Point", "coordinates": [ 487417.336105463735294, 998407.780925765866414 ] } },
{ "type": "Feature", "properties": { "population_density": 9346.8398, "network_distance_m": 1112.4291362003228, "straight_line_distance_m": 835.53590598011965, "network_penalty_ratio": 1.3313959678314429 }, "geometry": { "type": "Point", "coordinates": [ 485417.336105463735294, 997407.780925765866414 ] } },
{ "type": "Feature", "properties": { "population_density": 6896.2368, "network_distance_m": 298.82340117149579, "straight_line_distance_m": 311.71025454823342, "network_penalty_ratio": 0.95865758925571842 }, "geometry": { "type": "Point", "coordinates": [ 486417.336105463735294, 997407.780925765866414 ] } },
{ "type": "Feature", "properties": { "population_density": 22058.309, "network_distance_m": 601.81753248968789, "straight_line_distance_m": 385.70497550163964, "network_penalty_ratio": 1.5603053388330728 }, "geometry": { "type": "Point", "coordinates": [ 485917.336105463735294, 997407.780925765866414 ] } },
{ "type": "Feature", "properties": { "population_density": 2251.9229, "network_distance_m": 1421.2567519431059, "straight_line_distance_m": 1091.486081909424, "network_penalty_ratio": 1.3021299817738285 }, "geometry": { "type": "Point", "coordinates": [ 485417.336105463735294, 997907.780925765866414 ] } },
{ "type": "Feature", "properties": { "population_density": 11347.979, "network_distance_m": 1072.7877463138589, "straight_line_distance_m": 801.24275032394951, "network_penalty_ratio": 1.3389047774599163 }, "geometry": { "type": "Point", "coordinates": [ 485917.336105463735294, 997907.780925765866414 ] } },
{ "type": "Feature", "properties": { "population_density": 16033.239, "network_distance_m": 856.54404956443295, "straight_line_distance_m": 561.02485050662085, "network_penalty_ratio": 1.5267488575433872 }, "geometry": { "type": "Point", "coordinates": [ 486417.336105463735294, 997907.780925765866414 ] } },
{ "type": "Feature", "properties": { "population_density": 1332.3992, "network_distance_m": 1789.714884506807, "straight_line_distance_m": 1241.8236996110381, "network_penalty_ratio": 1.4411988473624544 }, "geometry": { "type": "Point", "coordinates": [ 485417.336105463735294, 998407.780925765866414 ] } },
{ "type": "Feature", "properties": { "population_density": 868.61243, "network_distance_m": 1692.5320746097066, "straight_line_distance_m": 743.26384856205846, "network_penalty_ratio": 2.2771618421696846 }, "geometry": { "type": "Point", "coordinates": [ 485917.336105463735294, 998407.780925765866414 ] } },
{ "type": "Feature", "properties": { "population_density": 14314.059, "network_distance_m": 696.29618675870427, "straight_line_distance_m": 250.51186846718261, "network_penalty_ratio": 2.7794938060985324 }, "geometry": { "type": "Point", "coordinates": [ 486417.336105463735294, 998407.780925765866414 ] } },
{ "type": "Feature", "properties": { "population_density": 11368.403, "network_distance_m": 497.32980589717681, "straight_line_distance_m": 186.59387218585019, "network_penalty_ratio": 2.6653062079221397 }, "geometry": { "type": "Point", "coordinates": [ 486417.336105463735294, 998907.780925765866414 ] } },
{ "type": "Feature", "properties": { "population_density": 0.0, "network_distance_m": 1424.1765545571454, "straight_line_distance_m": 1031.9564603258875, "network_penalty_ratio": 1.3800742660280421 }, "geometry": { "type": "Point", "coordinates": [ 488917.336105463735294, 997407.780925765866414 ] } },
{ "type": "Feature", "properties": { "population_density": 2403.8982, "network_distance_m": 624.51871028555036, "straight_line_distance_m": 542.41310323122025, "network_penalty_ratio": 1.1513709874728635 }, "geometry": { "type": "Point", "coordinates": [ 488417.336105463735294, 997407.780925765866414 ] } },
{ "type": "Feature", "properties": { "population_density": 0.0, "network_distance_m": 1564.9676253106948, "straight_line_distance_m": 834.3071992192813, "network_penalty_ratio": 1.8757690533836251 }, "geometry": { "type": "Point", "coordinates": [ 488417.336105463735294, 997907.780925765866414 ] } },
{ "type": "Feature", "properties": { "population_density": 0.0, "network_distance_m": 1327.6734565937982, "straight_line_distance_m": 1211.1113343208933, "network_penalty_ratio": 1.0962439364323717 }, "geometry": { "type": "Point", "coordinates": [ 488917.336105463735294, 997907.780925765866414 ] } },
{ "type": "Feature", "properties": { "population_density": 347.02176, "network_distance_m": 1843.8092233042817, "straight_line_distance_m": 1264.0905943726189, "network_penalty_ratio": 1.4586052862923033 }, "geometry": { "type": "Point", "coordinates": [ 488417.336105463735294, 998407.780925765866414 ] } },
{ "type": "Feature", "properties": { "population_density": 9764.5391, "network_distance_m": 1859.9164503249347, "straight_line_distance_m": 1323.1853757965548, "network_penalty_ratio": 1.4056355854184595 }, "geometry": { "type": "Point", "coordinates": [ 487917.336105463735294, 998907.780925765866414 ] } },
{ "type": "Feature", "properties": { "population_density": 3937.8015, "network_distance_m": 622.26426531313939, "straight_line_distance_m": 464.83641897531737, "network_penalty_ratio": 1.3386736492911959 }, "geometry": { "type": "Point", "coordinates": [ 486917.336105463735294, 998907.780925765866414 ] } },
{ "type": "Feature", "properties": { "population_density": 1508.7847, "network_distance_m": 1210.6511903682797, "straight_line_distance_m": 867.51313456115213, "network_penalty_ratio": 1.3955422023445332 }, "geometry": { "type": "Point", "coordinates": [ 487417.336105463735294, 998907.780925765866414 ] } },
{ "type": "Feature", "properties": { "population_density": 4231.6812, "network_distance_m": 1332.038036750642, "straight_line_distance_m": 986.84322409753884, "network_penalty_ratio": 1.3497970135720205 }, "geometry": { "type": "Point", "coordinates": [ 487417.336105463735294, 999407.780925765866414 ] } },
{ "type": "Feature", "properties": { "population_density": 0.0, "network_distance_m": 1946.897431049694, "straight_line_distance_m": 1468.0310528785528, "network_penalty_ratio": 1.3261963547924738 }, "geometry": { "type": "Point", "coordinates": [ 487917.336105463735294, 999407.780925765866414 ] } },
{ "type": "Feature", "properties": { "population_density": 3683.0652, "network_distance_m": 1223.3049059829218, "straight_line_distance_m": 540.92876211081409, "network_penalty_ratio": 2.2614898516568749 }, "geometry": { "type": "Point", "coordinates": [ 486917.336105463735294, 999407.780925765866414 ] } },
{ "type": "Feature", "properties": { "population_density": 2151.3928, "network_distance_m": 1760.436593224561, "straight_line_distance_m": 1245.1468099064327, "network_penalty_ratio": 1.4138385764782628 }, "geometry": { "type": "Point", "coordinates": [ 487417.336105463735294, 999907.780925765866414 ] } },
{ "type": "Feature", "properties": { "population_density": 9182.4756, "network_distance_m": 1446.3371366689332, "straight_line_distance_m": 932.27407716383425, "network_penalty_ratio": 1.5514076515663531 }, "geometry": { "type": "Point", "coordinates": [ 486917.336105463735294, 999907.780925765866414 ] } },
{ "type": "Feature", "properties": { "population_density": 2367.2773, "network_distance_m": 2599.2950733054931, "straight_line_distance_m": 1082.7308190867823, "network_penalty_ratio": 2.4006844799133367 }, "geometry": { "type": "Point", "coordinates": [ 485417.336105463735294, 998907.780925765866414 ] } },
{ "type": "Feature", "properties": { "population_density": 6611.1543, "network_distance_m": 1816.3840169243413, "straight_line_distance_m": 1282.545739929307, "network_penalty_ratio": 1.4162333243759859 }, "geometry": { "type": "Point", "coordinates": [ 484917.336105463735294, 998907.780925765866414 ] } },
{ "type": "Feature", "properties": { "population_density": 12211.201, "network_distance_m": 702.78481708307606, "straight_line_distance_m": 594.6105026560009, "network_penalty_ratio": 1.1819246615118353 }, "geometry": { "type": "Point", "coordinates": [ 485917.336105463735294, 998907.780925765866414 ] } },
{ "type": "Feature", "properties": { "population_density": 1782.5938, "network_distance_m": 2233.6912450790874, "straight_line_distance_m": 1117.5137833034883, "network_penalty_ratio": 1.9988042013012681 }, "geometry": { "type": "Point", "coordinates": [ 485417.336105463735294, 999407.780925765866414 ] } },
{ "type": "Feature", "properties": { "population_density": 2272.4504, "network_distance_m": 663.97991239592079, "straight_line_distance_m": 655.81451580592739, "network_penalty_ratio": 1.0124507713586652 }, "geometry": { "type": "Point", "coordinates": [ 485917.336105463735294, 999407.780925765866414 ] } },
{ "type": "Feature", "properties": { "population_density": 3533.4363, "network_distance_m": 370.17672656400941, "straight_line_distance_m": 333.6889306079097, "network_penalty_ratio": 1.1093467376626092 }, "geometry": { "type": "Point", "coordinates": [ 486417.336105463735294, 999407.780925765866414 ] } },
{ "type": "Feature", "properties": { "population_density": 7439.2959, "network_distance_m": 1261.6155867772725, "straight_line_distance_m": 1003.3063881061976, "network_penalty_ratio": 1.2574579427911841 }, "geometry": { "type": "Point", "coordinates": [ 485917.336105463735294, 999907.780925765866414 ] } },
{ "type": "Feature", "properties": { "population_density": 4353.9004, "network_distance_m": 926.3221300093079, "straight_line_distance_m": 829.38491165633786, "network_penalty_ratio": 1.1168784444840933 }, "geometry": { "type": "Point", "coordinates": [ 486417.336105463735294, 999907.780925765866414 ] } },
{ "type": "Feature", "properties": { "population_density": 4265.2739, "network_distance_m": 2307.2224199719944, "straight_line_distance_m": 1351.0618361667302, "network_penalty_ratio": 1.7077104527784674 }, "geometry": { "type": "Point", "coordinates": [ 485417.336105463735294, 999907.780925765866414 ] } },
{ "type": "Feature", "properties": { "population_density": 7496.3774, "network_distance_m": 1225.9471422088493, "straight_line_distance_m": 824.35587094365349, "network_penalty_ratio": 1.4871576529266273 }, "geometry": { "type": "Point", "coordinates": [ 486417.336105463735294, 1000407.780925765866414 ] } },
{ "type": "Feature", "properties": { "population_density": 0.0, "network_distance_m": 2204.8971793929099, "straight_line_distance_m": 1731.9877479051404, "network_penalty_ratio": 1.2730443284369413 }, "geometry": { "type": "Point", "coordinates": [ 488417.336105463735294, 998907.780925765866414 ] } },
{ "type": "Feature", "properties": { "population_density": 17948.213, "network_distance_m": 631.85118499657881, "straight_line_distance_m": 514.24994239366686, "network_penalty_ratio": 1.228684989356569 }, "geometry": { "type": "Point", "coordinates": [ 483917.336105463735294, 999907.780925765866414 ] } },
{ "type": "Feature", "properties": { "population_density": 1764.7135, "network_distance_m": 1596.0770134769393, "straight_line_distance_m": 1531.8475030752923, "network_penalty_ratio": 1.0419294415878224 }, "geometry": { "type": "Point", "coordinates": [ 484917.336105463735294, 1000407.780925765866414 ] } },
{ "type": "Feature", "properties": { "population_density": 7639.4702, "network_distance_m": 1897.6366229851128, "straight_line_distance_m": 1192.6624645065401, "network_penalty_ratio": 1.5910927688751011 }, "geometry": { "type": "Point", "coordinates": [ 484417.336105463735294, 1000407.780925765866414 ] } },
{ "type": "Feature", "properties": { "population_density": 9608.8662, "network_distance_m": 1088.5708587997765, "straight_line_distance_m": 929.38830698975187, "network_penalty_ratio": 1.1712766887778154 }, "geometry": { "type": "Point", "coordinates": [ 483917.336105463735294, 1000407.780925765866414 ] } },
{ "type": "Feature", "properties": { "population_density": 3599.6565, "network_distance_m": 2040.144046894563, "straight_line_distance_m": 1379.2442808056658, "network_penalty_ratio": 1.4791752811930039 }, "geometry": { "type": "Point", "coordinates": [ 483917.336105463735294, 1000907.780925765866414 ] } },
{ "type": "Feature", "properties": { "population_density": 3134.5237, "network_distance_m": 2636.0690371910537, "straight_line_distance_m": 1626.0987062065215, "network_penalty_ratio": 1.6211002610909535 }, "geometry": { "type": "Point", "coordinates": [ 484417.336105463735294, 1000907.780925765866414 ] } },
{ "type": "Feature", "properties": { "population_density": 100.60622, "network_distance_m": 1410.9220843624262, "straight_line_distance_m": 1373.6942557485277, "network_penalty_ratio": 1.0271005199724104 }, "geometry": { "type": "Point", "coordinates": [ 484917.336105463735294, 1000907.780925765866414 ] } },
{ "type": "Feature", "properties": { "population_density": 406.70355, "network_distance_m": 2451.2650047926104, "straight_line_distance_m": 1848.5821431770637, "network_penalty_ratio": 1.3260243878477298 }, "geometry": { "type": "Point", "coordinates": [ 484417.336105463735294, 1001407.780925765866414 ] } },
{ "type": "Feature", "properties": { "population_density": 6451.5049, "network_distance_m": 2412.516111644356, "straight_line_distance_m": 1854.9573976512236, "network_penalty_ratio": 1.3005776384401724 }, "geometry": { "type": "Point", "coordinates": [ 483917.336105463735294, 1001407.780925765866414 ] } },
{ "type": "Feature", "properties": { "population_density": 4050.7588, "network_distance_m": 1534.1518965921684, "straight_line_distance_m": 1352.2682066856387, "network_penalty_ratio": 1.1345026741051025 }, "geometry": { "type": "Point", "coordinates": [ 484917.336105463735294, 1001407.780925765866414 ] } },
{ "type": "Feature", "properties": { "population_density": 9636.5918, "network_distance_m": 1418.3877197009483, "straight_line_distance_m": 1044.4788005024116, "network_penalty_ratio": 1.3579861257295796 }, "geometry": { "type": "Point", "coordinates": [ 486917.336105463735294, 1000407.780925765866414 ] } },
{ "type": "Feature", "properties": { "population_density": 0.0, "network_distance_m": 744.97728623095145, "straight_line_distance_m": 729.74609230556939, "network_penalty_ratio": 1.0208719088542981 }, "geometry": { "type": "Point", "coordinates": [ 486917.336105463735294, 1000907.780925765866414 ] } },
{ "type": "Feature", "properties": { "population_density": 0.0, "network_distance_m": 1069.6582754319124, "straight_line_distance_m": 688.56572218746169, "network_penalty_ratio": 1.5534585021656051 }, "geometry": { "type": "Point", "coordinates": [ 486917.336105463735294, 1001407.780925765866414 ] } },
{ "type": "Feature", "properties": { "population_density": 13664.628, "network_distance_m": 1395.1807860786266, "straight_line_distance_m": 1164.8243972719217, "network_penalty_ratio": 1.1977606146868243 }, "geometry": { "type": "Point", "coordinates": [ 485417.336105463735294, 1000407.780925765866414 ] } },
{ "type": "Feature", "properties": { "population_density": 4525.9751, "network_distance_m": 1174.5741439986002, "straight_line_distance_m": 876.46405472191645, "network_penalty_ratio": 1.3401281406472143 }, "geometry": { "type": "Point", "coordinates": [ 485917.336105463735294, 1000407.780925765866414 ] } },
{ "type": "Feature", "properties": { "population_density": 13205.81, "network_distance_m": 555.56871920315325, "straight_line_distance_m": 458.02034207650081, "network_penalty_ratio": 1.2129782635513586 }, "geometry": { "type": "Point", "coordinates": [ 485917.336105463735294, 1000907.780925765866414 ] } },
{ "type": "Feature", "properties": { "population_density": 3146.4817, "network_distance_m": 663.0166933435562, "straight_line_distance_m": 348.07469959128269, "network_penalty_ratio": 1.9048115077656769 }, "geometry": { "type": "Point", "coordinates": [ 486417.336105463735294, 1000907.780925765866414 ] } },
{ "type": "Feature", "properties": { "population_density": 13507.316, "network_distance_m": 1095.17676531191, "straight_line_distance_m": 893.53750397853366, "network_penalty_ratio": 1.2256640157078629 }, "geometry": { "type": "Point", "coordinates": [ 485417.336105463735294, 1000907.780925765866414 ] } },
{ "type": "Feature", "properties": { "population_density": 16831.07, "network_distance_m": 323.91730839390135, "straight_line_distance_m": 389.07072402349553, "network_penalty_ratio": 0.83254094536894629 }, "geometry": { "type": "Point", "coordinates": [ 485917.336105463735294, 1001407.780925765866414 ] } },
{ "type": "Feature", "properties": { "population_density": 13654.707, "network_distance_m": 976.87484466924366, "straight_line_distance_m": 860.23407602377631, "network_penalty_ratio": 1.1355918951555732 }, "geometry": { "type": "Point", "coordinates": [ 485417.336105463735294, 1001407.780925765866414 ] } },
{ "type": "Feature", "properties": { "population_density": 9969.6387, "network_distance_m": 353.41980564718062, "straight_line_distance_m": 250.49828548685491, "network_penalty_ratio": 1.410867164061794 }, "geometry": { "type": "Point", "coordinates": [ 486417.336105463735294, 1001407.780925765866414 ] } },
{ "type": "Feature", "properties": { "population_density": 5196.9033, "network_distance_m": 1139.5925670931297, "straight_line_distance_m": 710.17095517075745, "network_penalty_ratio": 1.6046735772503111 }, "geometry": { "type": "Point", "coordinates": [ 486417.336105463735294, 1001907.780925765866414 ] } },
{ "type": "Feature", "properties": { "population_density": 3593.845, "network_distance_m": 1377.7951140517985, "straight_line_distance_m": 1087.0124470716848, "network_penalty_ratio": 1.2675062900737304 }, "geometry": { "type": "Point", "coordinates": [ 485417.336105463735294, 1001907.780925765866414 ] } },
{ "type": "Feature", "properties": { "population_density": 20019.654, "network_distance_m": 1041.2975117613075, "straight_line_distance_m": 690.07824135855276, "network_penalty_ratio": 1.5089557232109094 }, "geometry": { "type": "Point", "coordinates": [ 476917.336105463735294, 1001407.780925765866414 ] } },
{ "type": "Feature", "properties": { "population_density": 19625.992, "network_distance_m": 748.32631406123858, "straight_line_distance_m": 693.64171346693161, "network_penalty_ratio": 1.0788369550628445 }, "geometry": { "type": "Point", "coordinates": [ 476917.336105463735294, 1001907.780925765866414 ] } },
{ "type": "Feature", "properties": { "population_density": 6388.4717, "network_distance_m": 744.81944771400663, "straight_line_distance_m": 436.97420280441537, "network_penalty_ratio": 1.7044929493180614 }, "geometry": { "type": "Point", "coordinates": [ 475917.336105463735294, 1001907.780925765866414 ] } },
{ "type": "Feature", "properties": { "population_density": 8797.3125, "network_distance_m": 498.39778421883165, "straight_line_distance_m": 293.33025805216135, "network_penalty_ratio": 1.6991011685204471 }, "geometry": { "type": "Point", "coordinates": [ 476417.336105463735294, 1001907.780925765866414 ] } },
{ "type": "Feature", "properties": { "population_density": 1336.0215, "network_distance_m": 1478.6216527271577, "straight_line_distance_m": 834.19260448734633, "network_penalty_ratio": 1.7725182946639111 }, "geometry": { "type": "Point", "coordinates": [ 475917.336105463735294, 1002407.780925765866414 ] } },
{ "type": "Feature", "properties": { "population_density": 4353.666, "network_distance_m": 1112.645958902576, "straight_line_distance_m": 768.74800016245604, "network_penalty_ratio": 1.4473481019364545 }, "geometry": { "type": "Point", "coordinates": [ 476417.336105463735294, 1002407.780925765866414 ] } },
{ "type": "Feature", "properties": { "population_density": 2812.2524, "network_distance_m": 1137.4100436195663, "straight_line_distance_m": 993.01040987804788, "network_penalty_ratio": 1.1454160322037834 }, "geometry": { "type": "Point", "coordinates": [ 476917.336105463735294, 1002407.780925765866414 ] } },
{ "type": "Feature", "properties": { "population_density": 1525.7075, "network_distance_m": 1935.8963599878996, "straight_line_distance_m": 1411.0281788791451, "network_penalty_ratio": 1.3719756904682692 }, "geometry": { "type": "Point", "coordinates": [ 476917.336105463735294, 1002907.780925765866414 ] } },
{ "type": "Feature", "properties": { "population_density": 1048.1826, "network_distance_m": 1660.2892188367048, "straight_line_distance_m": 1263.291073038436, "network_penalty_ratio": 1.3142570657476575 }, "geometry": { "type": "Point", "coordinates": [ 476417.336105463735294, 1002907.780925765866414 ] } },
{ "type": "Feature", "properties": { "population_density": 4276.4844, "network_distance_m": 2427.3323629851102, "straight_line_distance_m": 1304.1503551531971, "network_penalty_ratio": 1.8612365923865997 }, "geometry": { "type": "Point", "coordinates": [ 475917.336105463735294, 1002907.780925765866414 ] } },
{ "type": "Feature", "properties": { "population_density": 18338.238, "network_distance_m": 566.48391767107432, "straight_line_distance_m": 406.65054427924247, "network_penalty_ratio": 1.3930484678807562 }, "geometry": { "type": "Point", "coordinates": [ 475417.336105463735294, 1001907.780925765866414 ] } },
{ "type": "Feature", "properties": { "population_density": 24119.262, "network_distance_m": 408.9746935042491, "straight_line_distance_m": 143.02376923767829, "network_penalty_ratio": 2.8594875920561913 }, "geometry": { "type": "Point", "coordinates": [ 474917.336105463735294, 1001907.780925765866414 ] } },
{ "type": "Feature", "properties": { "population_density": 10958.817, "network_distance_m": 934.98043881371007, "straight_line_distance_m": 715.80607399928056, "network_penalty_ratio": 1.3061923791591767 }, "geometry": { "type": "Point", "coordinates": [ 475417.336105463735294, 1002407.780925765866414 ] } },
{ "type": "Feature", "properties": { "population_density": 21182.33, "network_distance_m": 646.93740880223584, "straight_line_distance_m": 606.19260056405517, "network_penalty_ratio": 1.0672142949291497 }, "geometry": { "type": "Point", "coordinates": [ 474917.336105463735294, 1002407.780925765866414 ] } },
{ "type": "Feature", "properties": { "population_density": 10666.502, "network_distance_m": 1291.7914553283281, "straight_line_distance_m": 957.97166056543256, "network_penalty_ratio": 1.3484652088412115 }, "geometry": { "type": "Point", "coordinates": [ 474417.336105463735294, 1002907.780925765866414 ] } },
{ "type": "Feature", "properties": { "population_density": 1441.4817, "network_distance_m": 1593.2443737322396, "straight_line_distance_m": 1165.9296745455631, "network_penalty_ratio": 1.366501263768956 }, "geometry": { "type": "Point", "coordinates": [ 475417.336105463735294, 1002907.780925765866414 ] } },
{ "type": "Feature", "properties": { "population_density": 1699.1929, "network_distance_m": 1214.1089102594101, "straight_line_distance_m": 1102.0359065793962, "network_penalty_ratio": 1.1016963267811088 }, "geometry": { "type": "Point", "coordinates": [ 474917.336105463735294, 1002907.780925765866414 ] } },
{ "type": "Feature", "properties": { "population_density": 1205.823, "network_distance_m": 2093.4461550030701, "straight_line_distance_m": 1645.1157030426712, "network_penalty_ratio": 1.2725221400119175 }, "geometry": { "type": "Point", "coordinates": [ 475417.336105463735294, 1003407.780925765866414 ] } },
{ "type": "Feature", "properties": { "population_density": 0.0, "network_distance_m": 2318.6166567851851, "straight_line_distance_m": 1790.4577616662834, "network_penalty_ratio": 1.2949853978277446 }, "geometry": { "type": "Point", "coordinates": [ 475917.336105463735294, 1003407.780925765866414 ] } },
{ "type": "Feature", "properties": { "population_density": 9956.9072, "network_distance_m": 2041.6107757052034, "straight_line_distance_m": 1471.1407729243008, "network_penalty_ratio": 1.387773905312226 }, "geometry": { "type": "Point", "coordinates": [ 474917.336105463735294, 1003407.780925765866414 ] } },
{ "type": "Feature", "properties": { "population_density": 91.627144, "network_distance_m": 4441.959677385762, "straight_line_distance_m": 1810.0447637754585, "network_penalty_ratio": 2.4540606764445747 }, "geometry": { "type": "Point", "coordinates": [ 477917.336105463735294, 1002407.780925765866414 ] } },
{ "type": "Feature", "properties": { "population_density": 3969.3242, "network_distance_m": 3836.646062232639, "straight_line_distance_m": 2750.7188914201579, "network_penalty_ratio": 1.3947794062852537 }, "geometry": { "type": "Point", "coordinates": [ 478917.336105463735294, 1002407.780925765866414 ] } },
{ "type": "Feature", "properties": { "population_density": 2022.9379, "network_distance_m": 1474.6111961562715, "straight_line_distance_m": 1371.5559997676223, "network_penalty_ratio": 1.0751374325263492 }, "geometry": { "type": "Point", "coordinates": [ 477417.336105463735294, 1002407.780925765866414 ] } },
{ "type": "Feature", "properties": { "population_density": 385.84583, "network_distance_m": 2407.4697895053687, "straight_line_distance_m": 2069.1043700924761, "network_penalty_ratio": 1.1635323110345419 }, "geometry": { "type": "Point", "coordinates": [ 477917.336105463735294, 1002907.780925765866414 ] } },
{ "type": "Feature", "properties": { "population_density": 68.575439, "network_distance_m": 3836.646062232639, "straight_line_distance_m": 2927.692823210893, "network_penalty_ratio": 1.31046742056254 }, "geometry": { "type": "Point", "coordinates": [ 478917.336105463735294, 1002907.780925765866414 ] } },
{ "type": "Feature", "properties": { "population_density": 1405.1261, "network_distance_m": 4792.3899890885532, "straight_line_distance_m": 2485.2140915237414, "network_penalty_ratio": 1.9283610234763435 }, "geometry": { "type": "Point", "coordinates": [ 478417.336105463735294, 1002907.780925765866414 ] } },
{ "type": "Feature", "properties": { "population_density": 95.313492, "network_distance_m": 2511.9594222661062, "straight_line_distance_m": 2771.5013852013503, "network_penalty_ratio": 0.90635329849694868 }, "geometry": { "type": "Point", "coordinates": [ 478417.336105463735294, 1003407.780925765866414 ] } },
{ "type": "Feature", "properties": { "population_density": 630.151, "network_distance_m": 3836.646062232639, "straight_line_distance_m": 3174.3213628341723, "network_penalty_ratio": 1.2086508023898104 }, "geometry": { "type": "Point", "coordinates": [ 478917.336105463735294, 1003407.780925765866414 ] } },
{ "type": "Feature", "properties": { "population_density": 996.47198, "network_distance_m": 1789.617741765074, "straight_line_distance_m": 987.78509191011199, "network_penalty_ratio": 1.8117480780201209 }, "geometry": { "type": "Point", "coordinates": [ 474417.336105463735294, 1003407.780925765866414 ] } },
{ "type": "Feature", "properties": { "population_density": 77.934158, "network_distance_m": 2496.2011867164465, "straight_line_distance_m": 2100.1906211280266, "network_penalty_ratio": 1.1885593439017073 }, "geometry": { "type": "Point", "coordinates": [ 475417.336105463735294, 1003907.780925765866414 ] } },
{ "type": "Feature", "properties": { "population_density": 0.0, "network_distance_m": 2586.4864724239437, "straight_line_distance_m": 1649.9287436473387, "network_penalty_ratio": 1.567635258421068 }, "geometry": { "type": "Point", "coordinates": [ 474917.336105463735294, 1003907.780925765866414 ] } },
{ "type": "Feature", "properties": { "population_density": 0.0, "network_distance_m": 2013.3844712506316, "straight_line_distance_m": 1196.1711341745838, "network_penalty_ratio": 1.6831909864134655 }, "geometry": { "type": "Point", "coordinates": [ 474417.336105463735294, 1003907.780925765866414 ] } },
{ "type": "Feature", "properties": { "population_density": 0.0, "network_distance_m": 2737.6840223274926, "straight_line_distance_m": 2310.014898071448, "network_penalty_ratio": 1.1851369550097235 }, "geometry": { "type": "Point", "coordinates": [ 475417.336105463735294, 1004407.780925765866414 ] } },
{ "type": "Feature", "properties": { "population_density": 0.0, "network_distance_m": 2965.1056622158012, "straight_line_distance_m": 1860.0423740735996, "network_penalty_ratio": 1.5941065125962961 }, "geometry": { "type": "Point", "coordinates": [ 474917.336105463735294, 1004407.780925765866414 ] } },
{ "type": "Feature", "properties": { "population_density": 167.50076, "network_distance_m": 1940.9348798657281, "straight_line_distance_m": 1443.3802123441567, "network_penalty_ratio": 1.3447149013588773 }, "geometry": { "type": "Point", "coordinates": [ 474417.336105463735294, 1004407.780925765866414 ] } },
{ "type": "Feature", "properties": { "population_density": 569.08649, "network_distance_m": 2702.1018820962486, "straight_line_distance_m": 2547.2906949278868, "network_penalty_ratio": 1.0607748410798259 }, "geometry": { "type": "Point", "coordinates": [ 475417.336105463735294, 1004907.780925765866414 ] } },
{ "type": "Feature", "properties": { "population_density": 159.28119, "network_distance_m": 2702.1018820962486, "straight_line_distance_m": 2147.6216353220848, "network_penalty_ratio": 1.2581833958340649 }, "geometry": { "type": "Point", "coordinates": [ 474917.336105463735294, 1004907.780925765866414 ] } },
{ "type": "Feature", "properties": { "population_density": 371.68848, "network_distance_m": 2637.5065493371944, "straight_line_distance_m": 1798.851714995101, "network_penalty_ratio": 1.4662167689260466 }, "geometry": { "type": "Point", "coordinates": [ 474417.336105463735294, 1004907.780925765866414 ] } },
{ "type": "Feature", "properties": { "population_density": 0.0, "network_distance_m": 2250.2181445795268, "straight_line_distance_m": 1760.9188461378426, "network_penalty_ratio": 1.2778658991099141 }, "geometry": { "type": "Point", "coordinates": [ 476417.336105463735294, 1003407.780925765866414 ] } },
{ "type": "Feature", "properties": { "population_density": 717.98962, "network_distance_m": 3090.9883751681655, "straight_line_distance_m": 2279.9842572712851, "network_penalty_ratio": 1.3557060165264039 }, "geometry": { "type": "Point", "coordinates": [ 475917.336105463735294, 1003907.780925765866414 ] } },
{ "type": "Feature", "properties": { "population_density": 0.0, "network_distance_m": 3090.9883751681655, "straight_line_distance_m": 2746.8785709995541, "network_penalty_ratio": 1.1252730309237493 }, "geometry": { "type": "Point", "coordinates": [ 475917.336105463735294, 1004407.780925765866414 ] } },
{ "type": "Feature", "properties": { "population_density": 0.0, "network_distance_m": 2511.9594222661062, "straight_line_distance_m": 3475.8088212688317, "network_penalty_ratio": 0.72269780975730546 }, "geometry": { "type": "Point", "coordinates": [ 478917.336105463735294, 1003907.780925765866414 ] } },
{ "type": "Feature", "properties": { "population_density": 0.0, "network_distance_m": 3090.9883751681655, "straight_line_distance_m": 2977.4319606716263, "network_penalty_ratio": 1.0381390459955042 }, "geometry": { "type": "Point", "coordinates": [ 475917.336105463735294, 1004907.780925765866414 ] } },
{ "type": "Feature", "properties": { "population_density": 0.0, "network_distance_m": 2811.5403106140534, "straight_line_distance_m": 2210.9700467656658, "network_penalty_ratio": 1.2716320217575703 }, "geometry": { "type": "Point", "coordinates": [ 474417.336105463735294, 1005407.780925765866414 ] } },
{ "type": "Feature", "properties": { "population_density": 52.228401, "network_distance_m": 2965.3451080947134, "straight_line_distance_m": 2502.9581985438072, "network_penalty_ratio": 1.1847361693135419 }, "geometry": { "type": "Point", "coordinates": [ 474917.336105463735294, 1005407.780925765866414 ] } },
{ "type": "Feature", "properties": { "population_density": 0.0, "network_distance_m": 2702.1018820962486, "straight_line_distance_m": 2853.2807327040832, "network_penalty_ratio": 0.947015781211069 }, "geometry": { "type": "Point", "coordinates": [ 475417.336105463735294, 1005407.780925765866414 ] } },
{ "type": "Feature", "properties": { "population_density": 1648.585, "network_distance_m": 2992.4738013567653, "straight_line_distance_m": 2431.3363284821689, "network_penalty_ratio": 1.2307938504027958 }, "geometry": { "type": "Point", "coordinates": [ 478917.336105463735294, 1001407.780925765866414 ] } },
{ "type": "Feature", "properties": { "population_density": 2851.6013, "network_distance_m": 3096.1047633052881, "straight_line_distance_m": 2150.4232005561471, "network_penalty_ratio": 1.4397653273572228 }, "geometry": { "type": "Point", "coordinates": [ 479417.336105463735294, 1001407.780925765866414 ] } },
{ "type": "Feature", "properties": { "population_density": 77.290047, "network_distance_m": 3873.93466595366, "straight_line_distance_m": 2443.5767717201561, "network_penalty_ratio": 1.5853541868572449 }, "geometry": { "type": "Point", "coordinates": [ 479917.336105463735294, 1001907.780925765866414 ] } },
{ "type": "Feature", "properties": { "population_density": 3989.3191, "network_distance_m": 3675.3245446045808, "straight_line_distance_m": 2599.643021646878, "network_penalty_ratio": 1.4137804744730902 }, "geometry": { "type": "Point", "coordinates": [ 479417.336105463735294, 1001907.780925765866414 ] } },
{ "type": "Feature", "properties": { "population_density": 0.0, "network_distance_m": 2765.4443637575564, "straight_line_distance_m": 2384.1122118271383, "network_penalty_ratio": 1.159947233204335 }, "geometry": { "type": "Point", "coordinates": [ 480417.336105463735294, 1001907.780925765866414 ] } },
{ "type": "Feature", "properties": { "population_density": 638.12048, "network_distance_m": 3873.93466595366, "straight_line_distance_m": 2933.4095073476301, "network_penalty_ratio": 1.3206252506682732 }, "geometry": { "type": "Point", "coordinates": [ 479917.336105463735294, 1002407.780925765866414 ] } },
{ "type": "Feature", "properties": { "population_density": 2271.8403, "network_distance_m": 3836.646062232639, "straight_line_distance_m": 3064.6317459858819, "network_penalty_ratio": 1.2519109570857763 }, "geometry": { "type": "Point", "coordinates": [ 479417.336105463735294, 1002407.780925765866414 ] } },
{ "type": "Feature", "properties": { "population_density": 121.934, "network_distance_m": 6266.4651876033568, "straight_line_distance_m": 2884.0622283665198, "network_penalty_ratio": 2.1727912546299559 }, "geometry": { "type": "Point", "coordinates": [ 480417.336105463735294, 1002407.780925765866414 ] } },
{ "type": "Feature", "properties": { "population_density": 42.124966, "network_distance_m": 5097.8791995766187, "straight_line_distance_m": 3384.0270146081311, "network_penalty_ratio": 1.506453458429897 }, "geometry": { "type": "Point", "coordinates": [ 480417.336105463735294, 1002907.780925765866414 ] } },
{ "type": "Feature", "properties": { "population_density": 0.0, "network_distance_m": 3836.646062232639, "straight_line_distance_m": 3386.2193451477656, "network_penalty_ratio": 1.1330175842655632 }, "geometry": { "type": "Point", "coordinates": [ 479417.336105463735294, 1002907.780925765866414 ] } },
{ "type": "Feature", "properties": { "population_density": 2746.5056, "network_distance_m": 2686.9525958527365, "straight_line_distance_m": 2115.6593153582412, "network_penalty_ratio": 1.2700308487038987 }, "geometry": { "type": "Point", "coordinates": [ 481417.336105463735294, 1001407.780925765866414 ] } },
{ "type": "Feature", "properties": { "population_density": 819.72858, "network_distance_m": 2602.2303453387067, "straight_line_distance_m": 1939.8687428197591, "network_penalty_ratio": 1.3414466081638856 }, "geometry": { "type": "Point", "coordinates": [ 480917.336105463735294, 1001407.780925765866414 ] } },
{ "type": "Feature", "properties": { "population_density": 937.05933, "network_distance_m": 2911.7374043652335, "straight_line_distance_m": 2428.3563655024523, "network_penalty_ratio": 1.1990568788542553 }, "geometry": { "type": "Point", "coordinates": [ 480917.336105463735294, 1001907.780925765866414 ] } },
{ "type": "Feature", "properties": { "population_density": 1017.1178, "network_distance_m": 3231.8354870800335, "straight_line_distance_m": 2570.9605670195078, "network_penalty_ratio": 1.2570536975705824 }, "geometry": { "type": "Point", "coordinates": [ 481417.336105463735294, 1001907.780925765866414 ] } },
{ "type": "Feature", "properties": { "population_density": 0.0, "network_distance_m": 3908.3834555840886, "straight_line_distance_m": 3040.3391481340423, "network_penalty_ratio": 1.2855090386816859 }, "geometry": { "type": "Point", "coordinates": [ 481417.336105463735294, 1002407.780925765866414 ] } },
{ "type": "Feature", "properties": { "population_density": 0.0, "network_distance_m": 3908.3834555840886, "straight_line_distance_m": 3170.2432720955626, "network_penalty_ratio": 1.2328339247607984 }, "geometry": { "type": "Point", "coordinates": [ 481917.336105463735294, 1002407.780925765866414 ] } },
{ "type": "Feature", "properties": { "population_density": 122.2634, "network_distance_m": 5716.2852262728238, "straight_line_distance_m": 2920.7428055861824, "network_penalty_ratio": 1.9571340603287342 }, "geometry": { "type": "Point", "coordinates": [ 480917.336105463735294, 1002407.780925765866414 ] } },
{ "type": "Feature", "properties": { "population_density": 0.0, "network_distance_m": 5730.0824110281665, "straight_line_distance_m": 3415.3422134378584, "network_penalty_ratio": 1.6777476612688564 }, "geometry": { "type": "Point", "coordinates": [ 480917.336105463735294, 1002907.780925765866414 ] } },
{ "type": "Feature", "properties": { "population_density": 236.009, "network_distance_m": 4950.7809550287166, "straight_line_distance_m": 3518.1651516356651, "network_penalty_ratio": 1.4072053873670485 }, "geometry": { "type": "Point", "coordinates": [ 481417.336105463735294, 1002907.780925765866414 ] } },
{ "type": "Feature", "properties": { "population_density": 0.0, "network_distance_m": 6091.4674964399364, "straight_line_distance_m": 2965.1854276686586, "network_penalty_ratio": 2.0543293649022414 }, "geometry": { "type": "Point", "coordinates": [ 482417.336105463735294, 1002407.780925765866414 ] } },
{ "type": "Feature", "properties": { "population_density": 2650.7, "network_distance_m": 3939.1115590762656, "straight_line_distance_m": 2788.5639768241531, "network_penalty_ratio": 1.4125950101250504 }, "geometry": { "type": "Point", "coordinates": [ 483417.336105463735294, 1002407.780925765866414 ] } },
{ "type": "Feature", "properties": { "population_density": 19.124338, "network_distance_m": 3475.1518714526137, "straight_line_distance_m": 2834.4676460757055, "network_penalty_ratio": 1.2260333527757601 }, "geometry": { "type": "Point", "coordinates": [ 482917.336105463735294, 1002407.780925765866414 ] } },
{ "type": "Feature", "properties": { "population_density": 0.0, "network_distance_m": 4950.7809550287166, "straight_line_distance_m": 3617.8715517874653, "network_penalty_ratio": 1.3684236391926925 }, "geometry": { "type": "Point", "coordinates": [ 481917.336105463735294, 1002907.780925765866414 ] } },
{ "type": "Feature", "properties": { "population_density": 0.0, "network_distance_m": 3565.4430410593659, "straight_line_distance_m": 3327.5755434874523, "network_penalty_ratio": 1.0714837257526595 }, "geometry": { "type": "Point", "coordinates": [ 482917.336105463735294, 1002907.780925765866414 ] } },
{ "type": "Feature", "properties": { "population_density": 0.0, "network_distance_m": 3806.9636410166468, "straight_line_distance_m": 3288.5621803163763, "network_penalty_ratio": 1.15763772502255 }, "geometry": { "type": "Point", "coordinates": [ 483417.336105463735294, 1002907.780925765866414 ] } },
{ "type": "Feature", "properties": { "population_density": 0.0, "network_distance_m": 3565.4430410593659, "straight_line_distance_m": 3439.6041605720311, "network_penalty_ratio": 1.0365852797626594 }, "geometry": { "type": "Point", "coordinates": [ 482417.336105463735294, 1002907.780925765866414 ] } },
{ "type": "Feature", "properties": { "population_density": 0.0, "network_distance_m": 3806.9636410166468, "straight_line_distance_m": 3586.2072991865516, "network_penalty_ratio": 1.0615570499452636 }, "geometry": { "type": "Point", "coordinates": [ 483417.336105463735294, 1003407.780925765866414 ] } },
{ "type": "Feature", "properties": { "population_density": 0.0, "network_distance_m": 4950.7809550287166, "straight_line_distance_m": 4077.6888952198037, "network_penalty_ratio": 1.2141144364476706 }, "geometry": { "type": "Point", "coordinates": [ 481917.336105463735294, 1003407.780925765866414 ] } },
{ "type": "Feature", "properties": { "population_density": 0.0, "network_distance_m": 3565.4430410593659, "straight_line_distance_m": 3822.4744810896609, "network_penalty_ratio": 0.93275784016299723 }, "geometry": { "type": "Point", "coordinates": [ 482917.336105463735294, 1003407.780925765866414 ] } },
{ "type": "Feature", "properties": { "population_density": 389.45493, "network_distance_m": 5097.8791995766187, "straight_line_distance_m": 3426.1808528308356, "network_penalty_ratio": 1.4879188865247919 }, "geometry": { "type": "Point", "coordinates": [ 479917.336105463735294, 1002907.780925765866414 ] } },
{ "type": "Feature", "properties": { "population_density": 0.0, "network_distance_m": 5097.8791995766187, "straight_line_distance_m": 3920.7829747145911, "network_penalty_ratio": 1.3002196837859186 }, "geometry": { "type": "Point", "coordinates": [ 479917.336105463735294, 1003407.780925765866414 ] } },
{ "type": "Feature", "properties": { "population_density": 0.0, "network_distance_m": 5097.8791995766187, "straight_line_distance_m": 3601.584693009147, "network_penalty_ratio": 1.4154544829868509 }, "geometry": { "type": "Point", "coordinates": [ 479417.336105463735294, 1003407.780925765866414 ] } },
{ "type": "Feature", "properties": { "population_density": 0.0, "network_distance_m": 5097.8791995766187, "straight_line_distance_m": 3884.0008669031972, "network_penalty_ratio": 1.3125329716111198 }, "geometry": { "type": "Point", "coordinates": [ 480417.336105463735294, 1003407.780925765866414 ] } },
{ "type": "Feature", "properties": { "population_density": 0.0, "network_distance_m": 4950.7809550287166, "straight_line_distance_m": 3920.3863256559662, "network_penalty_ratio": 1.2628298702680387 }, "geometry": { "type": "Point", "coordinates": [ 482417.336105463735294, 1003407.780925765866414 ] } },
{ "type": "Feature", "properties": { "population_density": 0.0, "network_distance_m": 3228.294414339905, "straight_line_distance_m": 3205.0360614942524, "network_penalty_ratio": 1.0072568147126586 }, "geometry": { "type": "Point", "coordinates": [ 483917.336105463735294, 1003407.780925765866414 ] } },
{ "type": "Feature", "properties": { "population_density": 0.0, "network_distance_m": 3519.8272500056723, "straight_line_distance_m": 3259.6353956776466, "network_penalty_ratio": 1.0798223797278206 }, "geometry": { "type": "Point", "coordinates": [ 484417.336105463735294, 1003907.780925765866414 ] } },
{ "type": "Feature", "properties": { "population_density": 0.0, "network_distance_m": 3777.2424266975027, "straight_line_distance_m": 3006.0931914187649, "network_penalty_ratio": 1.2565287188966965 }, "geometry": { "type": "Point", "coordinates": [ 484917.336105463735294, 1003907.780925765866414 ] } },
{ "type": "Feature", "properties": { "population_density": 11406.806, "network_distance_m": 904.72142123026254, "straight_line_distance_m": 770.04507843921658, "network_penalty_ratio": 1.17489410238686 }, "geometry": { "type": "Point", "coordinates": [ 485917.336105463735294, 1001907.780925765866414 ] } },
{ "type": "Feature", "properties": { "population_density": 8659.5684, "network_distance_m": 1529.1349511742872, "straight_line_distance_m": 1238.77472421936, "network_penalty_ratio": 1.2343930831636105 }, "geometry": { "type": "Point", "coordinates": [ 485917.336105463735294, 1002407.780925765866414 ] } },
{ "type": "Feature", "properties": { "population_density": 3562.6929, "network_distance_m": 1559.3393912439483, "straight_line_distance_m": 1202.4708645553283, "network_penalty_ratio": 1.2967793542512063 }, "geometry": { "type": "Point", "coordinates": [ 486417.336105463735294, 1002407.780925765866414 ] } },
{ "type": "Feature", "properties": { "population_density": 4116.2104, "network_distance_m": 2050.1177938435953, "straight_line_distance_m": 1457.116829435809, "network_penalty_ratio": 1.4069687154992194 }, "geometry": { "type": "Point", "coordinates": [ 485417.336105463735294, 1002407.780925765866414 ] } },
{ "type": "Feature", "properties": { "population_density": 1724.0646, "network_distance_m": 2140.0709291682565, "straight_line_distance_m": 1725.1539675927606, "network_penalty_ratio": 1.2405101048194911 }, "geometry": { "type": "Point", "coordinates": [ 485917.336105463735294, 1002907.780925765866414 ] } },
{ "type": "Feature", "properties": { "population_density": 3957.9275, "network_distance_m": 2563.0766196208592, "straight_line_distance_m": 1888.063253485263, "network_penalty_ratio": 1.3575162881272955 }, "geometry": { "type": "Point", "coordinates": [ 485417.336105463735294, 1002907.780925765866414 ] } },
{ "type": "Feature", "properties": { "population_density": 7941.4229, "network_distance_m": 2129.5125945812529, "straight_line_distance_m": 1699.2732489628413, "network_penalty_ratio": 1.2531902069787835 }, "geometry": { "type": "Point", "coordinates": [ 486417.336105463735294, 1002907.780925765866414 ] } },
{ "type": "Feature", "properties": { "population_density": 1566.249, "network_distance_m": 2858.7106068895309, "straight_line_distance_m": 2217.5999653763834, "network_penalty_ratio": 1.2891011235222196 }, "geometry": { "type": "Point", "coordinates": [ 485917.336105463735294, 1003407.780925765866414 ] } },
{ "type": "Feature", "properties": { "population_density": 764.0722, "network_distance_m": 3312.9018717544077, "straight_line_distance_m": 2568.0737685973827, "network_penalty_ratio": 1.2900337647091156 }, "geometry": { "type": "Point", "coordinates": [ 484917.336105463735294, 1003407.780925765866414 ] } },
{ "type": "Feature", "properties": { "population_density": 0.0, "network_distance_m": 2548.6199407489794, "straight_line_distance_m": 2197.5265571039231, "network_penalty_ratio": 1.1597675270453867 }, "geometry": { "type": "Point", "coordinates": [ 486417.336105463735294, 1003407.780925765866414 ] } },
{ "type": "Feature", "properties": { "population_density": 5193.6763, "network_distance_m": 1831.1800424581108, "straight_line_distance_m": 1506.7258202304379, "network_penalty_ratio": 1.2153372683147163 }, "geometry": { "type": "Point", "coordinates": [ 484917.336105463735294, 1001907.780925765866414 ] } },
{ "type": "Feature", "properties": { "population_density": 2805.6394, "network_distance_m": 2668.8937840330505, "straight_line_distance_m": 1964.3954119803373, "network_penalty_ratio": 1.3586336883888859 }, "geometry": { "type": "Point", "coordinates": [ 484417.336105463735294, 1001907.780925765866414 ] } },
{ "type": "Feature", "properties": { "population_density": 62.166302, "network_distance_m": 3224.0462250071523, "straight_line_distance_m": 2340.8159064879192, "network_penalty_ratio": 1.3773172918345391 }, "geometry": { "type": "Point", "coordinates": [ 483917.336105463735294, 1001907.780925765866414 ] } },
{ "type": "Feature", "properties": { "population_density": 2604.9614, "network_distance_m": 2731.6543510657866, "straight_line_distance_m": 2190.9912663325908, "network_penalty_ratio": 1.2467664262478733 }, "geometry": { "type": "Point", "coordinates": [ 484417.336105463735294, 1002407.780925765866414 ] } },
{ "type": "Feature", "properties": { "population_density": 1999.9752, "network_distance_m": 3430.5141117292455, "straight_line_distance_m": 2624.7036721134832, "network_penalty_ratio": 1.3070100629557553 }, "geometry": { "type": "Point", "coordinates": [ 483917.336105463735294, 1002407.780925765866414 ] } },
{ "type": "Feature", "properties": { "population_density": 3868.011, "network_distance_m": 2246.2666908667434, "straight_line_distance_m": 1792.1540368744472, "network_penalty_ratio": 1.2533892983798858 }, "geometry": { "type": "Point", "coordinates": [ 484917.336105463735294, 1002407.780925765866414 ] } },
{ "type": "Feature", "properties": { "population_density": 0.0, "network_distance_m": 3217.9708970838988, "straight_line_distance_m": 2886.2887521767975, "network_penalty_ratio": 1.1149164804307785 }, "geometry": { "type": "Point", "coordinates": [ 483917.336105463735294, 1002907.780925765866414 ] } },
{ "type": "Feature", "properties": { "population_density": 1845.6155, "network_distance_m": 2858.0426258925718, "straight_line_distance_m": 2157.1762761586428, "network_penalty_ratio": 1.3248998969068886 }, "geometry": { "type": "Point", "coordinates": [ 484917.336105463735294, 1002907.780925765866414 ] } },
{ "type": "Feature", "properties": { "population_density": 1635.6139, "network_distance_m": 3228.294414339905, "straight_line_distance_m": 2498.4067170262697, "network_penalty_ratio": 1.2921412644064552 }, "geometry": { "type": "Point", "coordinates": [ 484417.336105463735294, 1002907.780925765866414 ] } },
{ "type": "Feature", "properties": { "population_density": 0.0, "network_distance_m": 3519.8272500056723, "straight_line_distance_m": 2860.7043744886109, "network_penalty_ratio": 1.2304057984442689 }, "geometry": { "type": "Point", "coordinates": [ 484417.336105463735294, 1003407.780925765866414 ] } },
{ "type": "Feature", "properties": { "population_density": 0.0, "network_distance_m": 1330.4530628694633, "straight_line_distance_m": 956.93058698519656, "network_penalty_ratio": 1.3903339290899321 }, "geometry": { "type": "Point", "coordinates": [ 486917.336105463735294, 1001907.780925765866414 ] } },
{ "type": "Feature", "properties": { "population_density": 0.0, "network_distance_m": 2010.9324849805605, "straight_line_distance_m": 1362.8314432988861, "network_penalty_ratio": 1.4755548053051031 }, "geometry": { "type": "Point", "coordinates": [ 486917.336105463735294, 1002407.780925765866414 ] } },
{ "type": "Feature", "properties": { "population_density": 0.0, "network_distance_m": 2482.0063569669269, "straight_line_distance_m": 1816.2882308104122, "network_penalty_ratio": 1.3665266970647478 }, "geometry": { "type": "Point", "coordinates": [ 486917.336105463735294, 1002907.780925765866414 ] } },
{ "type": "Feature", "properties": { "population_density": 2670.0903, "network_distance_m": 4161.8706047697005, "straight_line_distance_m": 2346.5669058643202, "network_penalty_ratio": 1.7735998041942649 }, "geometry": { "type": "Point", "coordinates": [ 485417.336105463735294, 1003407.780925765866414 ] } },
{ "type": "Feature", "properties": { "population_density": 0.0, "network_distance_m": 3347.817407670258, "straight_line_distance_m": 2712.8109040207037, "network_penalty_ratio": 1.2340769504827631 }, "geometry": { "type": "Point", "coordinates": [ 485917.336105463735294, 1003907.780925765866414 ] } },
{ "type": "Feature", "properties": { "population_density": 0.0, "network_distance_m": 3261.9314092908066, "straight_line_distance_m": 2696.4265915676833, "network_penalty_ratio": 1.2097237950002351 }, "geometry": { "type": "Point", "coordinates": [ 486417.336105463735294, 1003907.780925765866414 ] } },
{ "type": "Feature", "properties": { "population_density": 183.56851, "network_distance_m": 4460.1455244246026, "straight_line_distance_m": 2819.2143654277056, "network_penalty_ratio": 1.5820526381816835 }, "geometry": { "type": "Point", "coordinates": [ 485417.336105463735294, 1003907.780925765866414 ] } }
]
}
